ticker,isin,name,issuer,instrument_type,instrument_subtype,currency,catalog_url,instrument_url,is_active,capture_status,history_status,chart_status,error_reason,data_points,actual_start,actual_end,coverage_days,coverage_percent,insufficient_history,screenshot_path
AAFD,KZ1C00008721,AsiaAgroFood,"JSC ""AsiaAgroFood""",stock,ordinary share,KZT,https://kase.kz/api/instruments/securities/,https://kase.kz/ru/investors/shares/AAFD,True,PENDING,UNAVAILABLE,DATA_READY,NO_PUBLIC_HISTORY,2,2026-08-14T15:31:10.364190,2026-08-24T15:48:48.982791,2,0.81,True,
ADLA,KZ1C00000918,Aidala Munai,Aidala Munai joint-stock company,stock,ordinary share,KZT,https://kase.kz/api/instruments/securities/,https://kase.kz/ru/investors/shares/ADLA,True,PENDING,UNAVAILABLE,NO_HISTORY,NO_PUBLIC_HISTORY,0,,,0,0.0,True,
AIRA,KZ1C00004050,Air Astana,Air Astana JSC,stock,ordinary share,KZT,https://kase.kz/api/instruments/securities/,https://kase.kz/ru/investors/shares/AIRA,True,UNAVAILABLE,COMPLETE,NO_CHART,NO_CHART,247,2025-08-27T19:00:00,2026-08-27T19:00:00,247,99.6,False,
AKGR,KZ1C00014141,Akzhal Gold Resources,"JSC ""Akzhal Gold Resources""",stock,ordinary share,KZT,https://kase.kz/api/instruments/securities/,https://kase.kz/ru/investors/shares/AKGR,True,PENDING,UNAVAILABLE,DATA_READY,NO_PUBLIC_HISTORY,2,2026-08-14T15:31:10.364190,2026-08-24T15:48:48.982791,2,0.81,True,
AKRL,KZ1C00001007,Ai Karaauyl,"JSC ""Ai Karaauyl""",stock,ordinary share,KZT,https://kase.kz/api/instruments/securities/,https://kase.kz/ru/investors/shares/AKRL,True,PENDING,UNAVAILABLE,NO_HISTORY,NO_PUBLIC_HISTORY,0,,,0,0.0,True,
AKZM,KZ1C00001288,Aktobe Metalware Plant,Aktobe Metalware Plant  JSC,stock,ordinary share,KZT,https://kase.kz/api/instruments/securities/,https://kase.kz/ru/investors/shares/AKZM,True,PENDING,PARTIAL,DATA_READY,,221,2025-08-27T19:00:00,2026-08-27T19:00:00,221,89.11,True,
ALMS,KZ1C00001080,AK Altynalmas,AK Altynalmas JSC,stock,ordinary share,KZT,https://kase.kz/api/instruments/securities/,https://kase.kz/ru/investors/shares/ALMS,True,PENDING,UNAVAILABLE,NO_HISTORY,NO_PUBLIC_HISTORY,0,,,0,0.0,True,
ALMT,KZ1C00015510,AltaMet Minerals,"""AltaMet Minerals"" JSC",stock,ordinary share,KZT,https://kase.kz/api/instruments/securities/,https://kase.kz/ru/investors/shares/ALMT,True,PENDING,UNAVAILABLE,DATA_READY,NO_PUBLIC_HISTORY,2,2026-08-14T15:31:10.364190,2026-08-24T15:48:48.982791,2,0.81,True,
ALTV,KZ1C00001460,AlmaTel Kazakhstan,Alma Telecommunications Kazakhstan JSC,stock,ordinary share,KZT,https://kase.kz/api/instruments/securities/,https://kase.kz/ru/investors/shares/ALTV,True,PENDING,UNAVAILABLE,DATA_READY,NO_PUBLIC_HISTORY,2,2026-08-14T15:31:10.364190,2026-08-24T15:48:48.982791,2,0.81,True,
AMAN,KZ1C00000983,Altay Resources,Altay Resources JSC,stock,ordinary share,KZT,https://kase.kz/api/instruments/securities/,https://kase.kz/ru/investors/shares/AMAN,True,PENDING,UNAVAILABLE,NO_HISTORY,NO_PUBLIC_HISTORY,0,,,0,0.0,True,
AMGZp,KZ0009093902,Aktobe Petroleum,CNPC - AMG JSC,stock,preferred share,KZT,https://kase.kz/api/instruments/securities/,https://kase.kz/ru/investors/shares/AMGZp,True,PENDING,COMPLETE,DATA_READY,,247,2025-08-27T19:00:00,2026-08-27T19:00:00,247,99.6,False,
AMXP,KZ1C00001601,Asker Munai Exploration,"""Asker Munai Exploration"" JSC",stock,ordinary share,KZT,https://kase.kz/api/instruments/securities/,https://kase.kz/ru/investors/shares/AMXP,True,PENDING,UNAVAILABLE,DATA_READY,NO_PUBLIC_HISTORY,2,2026-08-14T15:31:10.364190,2026-08-24T15:48:48.982791,2,0.81,True,
ASBN,KZ000A0F4546,ForteBank,"JSC ""ForteBank""",stock,ordinary share,KZT,https://kase.kz/api/instruments/securities/,https://kase.kz/ru/investors/shares/ASBN,True,PENDING,COMPLETE,DATA_READY,,247,2025-08-27T19:00:00,2026-08-27T19:00:00,247,99.6,False,
ASKQ,KZ1C00014851,ALTYN SAMRUK QAZAQSTAN,ALTYN SAMRUK QAZAQSTAN JSC,stock,ordinary share,KZT,https://kase.kz/api/instruments/securities/,https://kase.kz/ru/investors/shares/ASKQ,True,PENDING,UNAVAILABLE,DATA_READY,NO_PUBLIC_HISTORY,2,2026-08-14T15:31:10.364190,2026-08-24T15:48:48.982791,2,0.81,True,
ASKQp,KZ1P00014989,ALTYN SAMRUK QAZAQSTAN,ALTYN SAMRUK QAZAQSTAN JSC,stock,preferred share,KZT,https://kase.kz/api/instruments/securities/,https://kase.kz/ru/investors/shares/ASKQp,True,PENDING,UNAVAILABLE,DATA_READY,NO_PUBLIC_HISTORY,2,2026-08-14T15:31:10.364190,2026-08-24T15:48:48.982791,2,0.81,True,
ASLF,KZ1C00001585,LIC Freedom Life,"JSC ""LIC ""Freedom Life""",stock,ordinary share,KZT,https://kase.kz/api/instruments/securities/,https://kase.kz/ru/investors/shares/ASLF,True,PENDING,UNAVAILABLE,NO_HISTORY,NO_PUBLIC_HISTORY,0,,,0,0.0,True,
ASTL,KZ1C00000678,ASTEL,ASTEL JSC,stock,ordinary share,KZT,https://kase.kz/api/instruments/securities/,https://kase.kz/ru/investors/shares/ASTL,True,PENDING,UNAVAILABLE,NO_HISTORY,NO_PUBLIC_HISTORY,0,,,0,0.0,True,
ATEC,KZ1C00001171,AltynEx,AltynEx Company JSC,stock,ordinary share,KZT,https://kase.kz/api/instruments/securities/,https://kase.kz/ru/investors/shares/ATEC,True,PENDING,UNAVAILABLE,NO_HISTORY,NO_PUBLIC_HISTORY,0,,,0,0.0,True,
AZNO,KZ000A1CTMD1,Aktobe Oil Equipment Plant,Aktobe Oil Equipment Plant JSC,stock,ordinary share,KZT,https://kase.kz/api/instruments/securities/,https://kase.kz/ru/investors/shares/AZNO,True,PENDING,UNAVAILABLE,NO_HISTORY,NO_PUBLIC_HISTORY,0,,,0,0.0,True,
AZNOp,KZ1P00000269,Aktobe Oil Equipment Plant,Aktobe Oil Equipment Plant JSC,stock,preferred share,KZT,https://kase.kz/api/instruments/securities/,https://kase.kz/ru/investors/shares/AZNOp,True,PENDING,UNAVAILABLE,NO_HISTORY,NO_PUBLIC_HISTORY,0,,,0,0.0,True,
BAST,KZ1C00001015,BAST,BAST JSC,stock,ordinary share,KZT,https://kase.kz/api/instruments/securities/,https://kase.kz/ru/investors/shares/BAST,True,PENDING,COMPLETE,DATA_READY,,247,2025-08-27T19:00:00,2026-08-27T19:00:00,247,99.6,False,
BSUL,KZ1C00000165,Bayan Sulu,Bayan Sulu JSC,stock,ordinary share,KZT,https://kase.kz/api/instruments/securities/,https://kase.kz/ru/investors/shares/BSUL,True,PENDING,COMPLETE,DATA_READY,,240,2025-08-27T19:00:00,2026-08-27T19:00:00,240,96.77,False,
CCBN,KZ0007786572,Bank CenterCredit,Bank CenterCredit JSC,stock,ordinary share,KZT,https://kase.kz/api/instruments/securities/,https://kase.kz/ru/investors/shares/CCBN,True,PENDING,COMPLETE,DATA_READY,,247,2025-08-27T19:00:00,2026-08-27T19:00:00,247,99.6,False,
CCBNp,KZ000A0H0930,Bank CenterCredit,Bank CenterCredit JSC,stock,preferred share,KZT,https://kase.kz/api/instruments/securities/,https://kase.kz/ru/investors/shares/CCBNp,True,PENDING,COMPLETE,DATA_READY,,247,2025-08-27T19:00:00,2026-08-27T19:00:00,247,99.6,False,
CORE_KZ,JE00B6T5S470,Solidcore Resources plc,Solidcore Resources plc,stock,ordinary share,USD,https://kase.kz/api/instruments/securities/,https://kase.kz/ru/investors/shares/CORE_KZ,True,PENDING,UNAVAILABLE,DATA_READY,NO_PUBLIC_HISTORY,2,2026-08-14T15:31:10.364190,2026-08-24T15:48:48.982791,2,0.81,True,
CRMG,KZ1C00001486,Crystal Management,Crystal Management JSC,stock,ordinary share,KZT,https://kase.kz/api/instruments/securities/,https://kase.kz/ru/investors/shares/CRMG,True,PENDING,UNAVAILABLE,DATA_READY,NO_PUBLIC_HISTORY,2,2026-08-14T15:31:10.364190,2026-08-24T15:48:48.982791,2,0.81,True,
CSEC,KZ1C00009562,Centras Securities,Centras Securities JSC,stock,ordinary share,KZT,https://kase.kz/api/instruments/securities/,https://kase.kz/ru/investors/shares/CSEC,True,PENDING,PARTIAL,DATA_READY,,6,2025-09-17T19:00:00,2026-08-26T12:00:00,6,2.42,True,
EKTN,KZ1C00000538,EKOTON+,"JSC ""EKOTON+""",stock,ordinary share,KZT,https://kase.kz/api/instruments/securities/,https://kase.kz/ru/investors/shares/EKTN,True,PENDING,UNAVAILABLE,NO_HISTORY,NO_PUBLIC_HISTORY,0,,,0,0.0,True,
EXCS,KZ1C00005560,"""Caspy"" Commodity Exchange","JSC ""Caspy"" Commodity Exchange""",stock,ordinary share,KZT,https://kase.kz/api/instruments/securities/,https://kase.kz/ru/investors/shares/EXCS,True,PENDING,UNAVAILABLE,DATA_READY,NO_PUBLIC_HISTORY,2,2026-08-14T15:31:10.364190,2026-08-24T15:48:48.982791,2,0.81,True,
EXCSp,KZ1P00013585,"""Caspy"" Commodity Exchange","JSC ""Caspy"" Commodity Exchange""",stock,preferred share,KZT,https://kase.kz/api/instruments/securities/,https://kase.kz/ru/investors/shares/EXCSp,True,PENDING,UNAVAILABLE,DATA_READY,NO_PUBLIC_HISTORY,2,2026-08-14T15:31:10.364190,2026-08-24T15:48:48.982791,2,0.81,True,
EXPA,KZ1C00001478,Green Power Generation,"JSC ""Green Power Generation""",stock,ordinary share,KZT,https://kase.kz/api/instruments/securities/,https://kase.kz/ru/investors/shares/EXPA,True,PENDING,UNAVAILABLE,DATA_READY,NO_PUBLIC_HISTORY,2,2026-08-14T15:31:10.364190,2026-08-24T15:48:48.982791,2,0.81,True,
FFIN,KZ1C00001262,Freedom Finance,Freedom Finance JSC,stock,ordinary share,KZT,https://kase.kz/api/instruments/securities/,https://kase.kz/ru/investors/shares/FFIN,True,PENDING,UNAVAILABLE,NO_HISTORY,NO_PUBLIC_HISTORY,0,,,0,0.0,True,
FHRP,KZ1C00015171,"""RESPUBLIKA"" FINANCIAL HOLDING","""RESPUBLIKA"" FINANCIAL HOLDING"" JSC",stock,ordinary share,KZT,https://kase.kz/api/instruments/securities/,https://kase.kz/ru/investors/shares/FHRP,True,PENDING,UNAVAILABLE,DATA_READY,NO_PUBLIC_HISTORY,2,2026-08-14T15:31:10.364190,2026-08-24T15:48:48.982791,2,0.81,True,
FRHC_KZ,US3563901046,Freedom Holding Corp.,Freedom Holding Corp.,stock,ordinary share,USD,https://kase.kz/api/instruments/securities/,https://kase.kz/ru/investors/shares/FRHC_KZ,True,PENDING,COMPLETE,DATA_READY,,247,2025-08-27T19:00:00,2026-08-27T19:00:00,247,99.6,False,
GB_ALTN,GB00BMH19X50,AltynGold plc,AltynGold plc,stock,ordinary share,KZT,https://kase.kz/api/instruments/securities/,https://kase.kz/ru/investors/shares/GB_ALTN,True,PENDING,COMPLETE,DATA_READY,,247,2025-08-27T19:00:00,2026-08-27T19:00:00,247,99.6,False,
HSBK,KZ000A0LE0S4,Halyk Bank,Halyk Bank of Kazakhstan JSC,stock,ordinary share,KZT,https://kase.kz/api/instruments/securities/,https://kase.kz/ru/investors/shares/HSBK,True,PENDING,COMPLETE,DATA_READY,,247,2025-08-27T19:00:00,2026-08-27T19:00:00,247,99.6,False,
IFDR,KZ1C00000256,Teniz Capital Investment Banking,"""Teniz Capital Investment Banking"" JSC",stock,ordinary share,KZT,https://kase.kz/api/instruments/securities/,https://kase.kz/ru/investors/shares/IFDR,True,PENDING,PARTIAL,DATA_READY,,233,2025-08-27T19:00:00,2026-08-27T19:00:00,233,93.95,True,
INBNp,KZ1P00000764,Bank RBK,Bank RBK JSC,stock,preferred share,KZT,https://kase.kz/api/instruments/securities/,https://kase.kz/ru/investors/shares/INBNp,True,PENDING,UNAVAILABLE,NO_HISTORY,NO_PUBLIC_HISTORY,0,,,0,0.0,True,
KASE,KZ1C00001213,KASE,Kazakhstan Stock Exchange JSC,stock,ordinary share,KZT,https://kase.kz/api/instruments/securities/,https://kase.kz/ru/investors/shares/KASE,True,PENDING,COMPLETE,DATA_READY,,246,2025-08-27T19:00:00,2026-08-27T19:00:00,246,99.19,False,
KATR,KZ1C00000025,Atameken-Agro,Atameken-Agro JSC,stock,ordinary share,KZT,https://kase.kz/api/instruments/securities/,https://kase.kz/ru/investors/shares/KATR,True,PENDING,UNAVAILABLE,NO_HISTORY,NO_PUBLIC_HISTORY,0,,,0,0.0,True,
KATRp,KZ1P00000038,Atameken-Agro,Atameken-Agro JSC,stock,preferred share,KZT,https://kase.kz/api/instruments/securities/,https://kase.kz/ru/investors/shares/KATRp,True,PENDING,UNAVAILABLE,NO_HISTORY,NO_PUBLIC_HISTORY,0,,,0,0.0,True,
KCEL,KZ1C00000876,Kcell,Kcell JSC,stock,ordinary share,KZT,https://kase.kz/api/instruments/securities/,https://kase.kz/ru/investors/shares/KCEL,True,PENDING,COMPLETE,DATA_READY,,247,2025-08-27T19:00:00,2026-08-27T19:00:00,247,99.6,False,
KEGC,KZ1C00000959,KEGOC,"JSC ""KEGOC""",stock,ordinary share,KZT,https://kase.kz/api/instruments/securities/,https://kase.kz/ru/investors/shares/KEGC,True,PENDING,COMPLETE,DATA_READY,,247,2025-08-27T19:00:00,2026-08-27T19:00:00,247,99.6,False,
KMCP,KZ1C00001379,Kazakhmys Copper,Kazakhmys Copper JSC,stock,ordinary share,KZT,https://kase.kz/api/instruments/securities/,https://kase.kz/en/investors/shares/KMCP/,False,UNAVAILABLE,UNAVAILABLE,NO_CHART,INSTRUMENT_DELISTED,1,2026-08-14T15:31:10.364190,2026-08-14T15:31:10.364190,1,0.4,True,
KMGD,KZ1C00001254,KM GOLD,KM GOLD JSC,stock,ordinary share,KZT,https://kase.kz/api/instruments/securities/,https://kase.kz/ru/investors/shares/KMGD,True,PENDING,COMPLETE,DATA_READY,,247,2025-08-27T19:00:00,2026-08-27T19:00:00,247,99.6,False,
KMGZ,KZ1C00001122,"National Company ""KazMunayGaz""","""National Company ""KazMunayGaz"" JSC",stock,ordinary share,KZT,https://kase.kz/api/instruments/securities/,https://kase.kz/ru/investors/shares/KMGZ,True,PENDING,COMPLETE,DATA_READY,,247,2025-08-27T19:00:00,2026-08-27T19:00:00,247,99.6,False,
KOZN,KZ1C00001072,KoZhaN,KoZhaN JSC,stock,ordinary share,KZT,https://kase.kz/api/instruments/securities/,https://kase.kz/ru/investors/shares/KOZN,True,PENDING,UNAVAILABLE,NO_HISTORY,NO_PUBLIC_HISTORY,0,,,0,0.0,True,
KSNF,KZ1C00000694,Caspi neft,Caspi neft JSC,stock,ordinary share,KZT,https://kase.kz/api/instruments/securities/,https://kase.kz/ru/investors/shares/KSNF,True,PENDING,UNAVAILABLE,NO_HISTORY,NO_PUBLIC_HISTORY,0,,,0,0.0,True,
KSPI,KZ1C00001536,Kaspi.kz,Kaspi.kz JSC,stock,ordinary share,KZT,https://kase.kz/api/instruments/securities/,https://kase.kz/ru/investors/shares/KSPI,True,PENDING,COMPLETE,DATA_READY,,247,2025-08-27T19:00:00,2026-08-27T19:00:00,247,99.6,False,
KZAP,KZ1C00001619,NAC Kazatomprom,"JSC ""NAC Kazatomprom""",stock,ordinary share,KZT,https://kase.kz/api/instruments/securities/,https://kase.kz/ru/investors/shares/KZAP,True,PENDING,COMPLETE,DATA_READY,,247,2025-08-27T19:00:00,2026-08-27T19:00:00,247,99.6,False,
KZAZ,KZ1C00001395,KazAzot,KazAzot JSC,stock,ordinary share,KZT,https://kase.kz/api/instruments/securities/,https://kase.kz/ru/investors/shares/KZAZ,True,PENDING,UNAVAILABLE,DATA_READY,NO_PUBLIC_HISTORY,2,2026-08-14T15:31:10.364190,2026-08-24T15:48:48.982791,2,0.81,True,
KZHR,KZ1C00001296,Karazhyra,"JSC ""Karazhyra""",stock,ordinary share,KZT,https://kase.kz/api/instruments/securities/,https://kase.kz/ru/investors/shares/KZHR,True,PENDING,UNAVAILABLE,NO_HISTORY,NO_PUBLIC_HISTORY,0,,,0,0.0,True,
KZIK,KZ1C00000637,Kazakhstan Housing Company,"JSC ""Kazakhstan Housing Company""",stock,ordinary share,KZT,https://kase.kz/api/instruments/securities/,https://kase.kz/ru/investors/shares/KZIK,True,PENDING,UNAVAILABLE,NO_HISTORY,NO_PUBLIC_HISTORY,0,,,0,0.0,True,
KZTK,KZ0009093241,Kazakhtelecom,"JSC ""Kazakhtelecom""",stock,ordinary share,KZT,https://kase.kz/api/instruments/securities/,https://kase.kz/ru/investors/shares/KZTK,True,PENDING,COMPLETE,DATA_READY,,247,2025-08-27T19:00:00,2026-08-27T19:00:00,247,99.6,False,
KZTKp,KZ0009094645,Kazakhtelecom,"JSC ""Kazakhtelecom""",stock,preferred share,KZT,https://kase.kz/api/instruments/securities/,https://kase.kz/ru/investors/shares/KZTKp,True,PENDING,COMPLETE,DATA_READY,,246,2025-08-27T19:00:00,2026-08-27T19:00:00,246,99.19,False,
KZTO,KZ1C00000744,KazTransOil,"JSC ""KazTransOil""",stock,ordinary share,KZT,https://kase.kz/api/instruments/securities/,https://kase.kz/ru/investors/shares/KZTO,True,PENDING,COMPLETE,DATA_READY,,247,2025-08-27T19:00:00,2026-08-27T19:00:00,247,99.6,False,
LNPT,KZ1C00000215,KMK Munai,"JSC ""KMK Munai""",stock,ordinary share,KZT,https://kase.kz/api/instruments/securities/,https://kase.kz/ru/investors/shares/LNPT,True,PENDING,UNAVAILABLE,NO_HISTORY,NO_PUBLIC_HISTORY,0,,,0,0.0,True,
LOGC,KZ1C00000892,LOGYCOM,"JSC ""LOGYCOM""",stock,ordinary share,KZT,https://kase.kz/api/instruments/securities/,https://kase.kz/ru/investors/shares/LOGC,True,PENDING,UNAVAILABLE,DATA_READY,NO_PUBLIC_HISTORY,2,2026-08-14T15:31:10.364190,2026-08-24T15:48:48.982791,2,0.81,True,
LZGR,KZ1C00001593,Leasing Group,"JSC ""Leasing Group""",stock,ordinary share,KZT,https://kase.kz/api/instruments/securities/,https://kase.kz/ru/investors/shares/LZGR,True,PENDING,PARTIAL,DATA_READY,,10,2025-12-04T19:00:00,2026-08-27T19:00:00,10,4.03,True,
MATN,KZ1C00000868,Maten Petroleum,"JSC ""Maten Petroleum""",stock,ordinary share,KZT,https://kase.kz/api/instruments/securities/,https://kase.kz/ru/investors/shares/MATN,True,PENDING,PARTIAL,DATA_READY,,7,2025-09-10T19:00:00,2026-08-26T12:00:00,7,2.82,True,
MKBW,KZ1C00014422,Maikuben-West,"""Maikuben-West"" JSC",stock,ordinary share,KZT,https://kase.kz/api/instruments/securities/,https://kase.kz/ru/investors/shares/MKBW,True,PENDING,UNAVAILABLE,DATA_READY,NO_PUBLIC_HISTORY,2,2026-08-14T15:31:10.364190,2026-08-24T15:48:48.982791,2,0.81,True,
MMGZ,KZ0009093696,Mangistaumunaigaz,"""Mangistaumunaigas"" JSC",stock,ordinary share,KZT,https://kase.kz/api/instruments/securities/,https://kase.kz/ru/investors/shares/MMGZ,True,PENDING,UNAVAILABLE,NO_HISTORY,NO_PUBLIC_HISTORY,0,,,0,0.0,True,
MMGZp,KZ0009089736,Mangistaumunaigaz,"""Mangistaumunaigas"" JSC",stock,preferred share,KZT,https://kase.kz/api/instruments/securities/,https://kase.kz/ru/investors/shares/MMGZp,True,PENDING,COMPLETE,DATA_READY,,247,2025-08-27T19:00:00,2026-08-27T19:00:00,247,99.6,False,
MREK,KZ1C00000413,MRENC,"""Mangistau Regional Electricity Network Company""  JSC",stock,ordinary share,KZT,https://kase.kz/api/instruments/securities/,https://kase.kz/ru/investors/shares/MREK,True,PENDING,UNAVAILABLE,NO_HISTORY,NO_PUBLIC_HISTORY,0,,,0,0.0,True,
NRBN,KZ000A1CTMU5,Nurbank,Nurbank JSC,stock,ordinary share,KZT,https://kase.kz/api/instruments/securities/,https://kase.kz/ru/investors/shares/NRBN,True,PENDING,UNAVAILABLE,NO_HISTORY,NO_PUBLIC_HISTORY,0,,,0,0.0,True,
NRBNp6,KZ000A1CTMV3,Nurbank,Nurbank JSC,stock,preferred share,KZT,https://kase.kz/api/instruments/securities/,https://kase.kz/ru/investors/shares/NRBNp6,True,PENDING,UNAVAILABLE,NO_HISTORY,NO_PUBLIC_HISTORY,0,,,0,0.0,True,
PHYS,KZ1C00001148,Phystech II,Phystech II JSC,stock,ordinary share,KZT,https://kase.kz/api/instruments/securities/,https://kase.kz/ru/investors/shares/PHYS,True,PENDING,UNAVAILABLE,DATA_READY,NO_PUBLIC_HISTORY,2,2026-08-14T15:31:10.364190,2026-08-24T15:48:48.982791,2,0.81,True,
PZVA,KZ1C00001577,"JSC ""POSITIVE-A""","JSC ""POSITIVE-A""",stock,ordinary share,KZT,https://kase.kz/api/instruments/securities/,https://kase.kz/ru/investors/shares/PZVA,True,PENDING,UNAVAILABLE,DATA_READY,NO_PUBLIC_HISTORY,2,2026-08-14T15:31:10.364190,2026-08-24T15:48:48.982791,2,0.81,True,
RAHT,KZ000A1CTMZ4,LOTTE Rakhat,LOTTE Rakhat JSC,stock,ordinary share,KZT,https://kase.kz/api/instruments/securities/,https://kase.kz/ru/investors/shares/RAHT,True,PENDING,COMPLETE,DATA_READY,,247,2025-08-27T19:00:00,2026-08-27T19:00:00,247,99.6,False,
RGBR,KZ1C00000496,RG Brands,RG Brands JSC,stock,ordinary share,KZT,https://kase.kz/api/instruments/securities/,https://kase.kz/ru/investors/shares/RGBR,True,PENDING,UNAVAILABLE,NO_HISTORY,NO_PUBLIC_HISTORY,0,,,0,0.0,True,
RGBRp,KZ1P00000509,RG Brands,RG Brands JSC,stock,preferred share,KZT,https://kase.kz/api/instruments/securities/,https://kase.kz/ru/investors/shares/RGBRp,True,PENDING,UNAVAILABLE,NO_HISTORY,NO_PUBLIC_HISTORY,0,,,0,0.0,True,
SABR,KZ1C00005388,Sinoasia B&R Insurance,Sinoasia B&R Insurance JSC,stock,ordinary share,KZT,https://kase.kz/api/instruments/securities/,https://kase.kz/ru/investors/shares/SABR,True,PENDING,UNAVAILABLE,NO_HISTORY,NO_PUBLIC_HISTORY,0,,,0,0.0,True,
SABRp,KZ1P00014559,Sinoasia B&R Insurance,Sinoasia B&R Insurance JSC,stock,preferred share,KZT,https://kase.kz/api/instruments/securities/,https://kase.kz/ru/investors/shares/SABRp,True,PENDING,UNAVAILABLE,DATA_READY,NO_PUBLIC_HISTORY,2,2026-08-14T15:31:10.364190,2026-08-24T15:48:48.982791,2,0.81,True,
SAS_,KZ1C00000827,S.A.S.,S.A.S. JSC,stock,ordinary share,KZT,https://kase.kz/api/instruments/securities/,https://kase.kz/ru/investors/shares/SAS_,True,PENDING,UNAVAILABLE,NO_HISTORY,NO_PUBLIC_HISTORY,0,,,0,0.0,True,
SATC,KZ1C00000553,Fincraft Resources,Fincraft Resources JSC,stock,ordinary share,KZT,https://kase.kz/api/instruments/securities/,https://kase.kz/ru/investors/shares/SATC,True,PENDING,UNAVAILABLE,NO_HISTORY,NO_PUBLIC_HISTORY,0,,,0,0.0,True,
SATCp,KZ1P00000566,Fincraft Resources,Fincraft Resources JSC,stock,preferred share,KZT,https://kase.kz/api/instruments/securities/,https://kase.kz/ru/investors/shares/SATCp,True,PENDING,UNAVAILABLE,NO_HISTORY,NO_PUBLIC_HISTORY,0,,,0,0.0,True,
SHUP,KZ1C00001445,Shubarkol Premium,Shubarkol Premium JSC,stock,ordinary share,KZT,https://kase.kz/api/instruments/securities/,https://kase.kz/ru/investors/shares/SHUP,True,PENDING,UNAVAILABLE,DATA_READY,NO_PUBLIC_HISTORY,2,2026-08-14T15:31:10.364190,2026-08-24T15:48:48.982791,2,0.81,True,
SHZN,KZ1C00000967,ShalkiyaZinc,ShalkiyaZinc LTD JSC,stock,ordinary share,KZT,https://kase.kz/api/instruments/securities/,https://kase.kz/ru/investors/shares/SHZN,True,PENDING,UNAVAILABLE,NO_HISTORY,NO_PUBLIC_HISTORY,0,,,0,0.0,True,
SKSL,KZ1C00001429,LIC Standard Life,"Life Insurance Company ""Standard Life JSC",stock,ordinary share,KZT,https://kase.kz/api/instruments/securities/,https://kase.kz/ru/investors/shares/SKSL,True,PENDING,UNAVAILABLE,NO_HISTORY,NO_PUBLIC_HISTORY,0,,,0,0.0,True,
TMLZ,KZ1C00000405,ForteLeasing,ForteLeasing JSC,stock,ordinary share,KZT,https://kase.kz/api/instruments/securities/,https://kase.kz/ru/investors/shares/TMLZ,True,PENDING,UNAVAILABLE,NO_HISTORY,NO_PUBLIC_HISTORY,0,,,0,0.0,True,
TPIB,KZ1C00007665,Tengri Partners Investment Banking (Kazakhstan),Tengri Partners Investment Banking (Kazakhstan) JSC,stock,ordinary share,KZT,https://kase.kz/api/instruments/securities/,https://kase.kz/ru/investors/shares/TPIB,True,PENDING,PARTIAL,DATA_READY,,4,2025-10-15T19:00:00,2026-08-26T12:00:00,4,1.61,True,
TRRX,KZ1C00015502,Terrox Metals,"""Terrox Metals"" JSC",stock,ordinary share,KZT,https://kase.kz/api/instruments/securities/,https://kase.kz/ru/investors/shares/TRRX,True,PENDING,PARTIAL,DATA_READY,,7,2026-05-04T19:00:00,2026-08-26T12:00:00,7,2.82,True,
TSBN,KZ000A0Q5HK5,Alatau City Bank,"JSC ""Alatau City Bank""",stock,ordinary share,KZT,https://kase.kz/api/instruments/securities/,https://kase.kz/ru/investors/shares/TSBN,True,PENDING,UNAVAILABLE,NO_HISTORY,NO_PUBLIC_HISTORY,0,,,0,0.0,True,
TSBNp,KZ000A0RM3V6,Alatau City Bank,"JSC ""Alatau City Bank""",stock,preferred share,KZT,https://kase.kz/api/instruments/securities/,https://kase.kz/ru/investors/shares/TSBNp,True,PENDING,PARTIAL,DATA_READY,,19,2025-09-03T19:00:00,2026-08-26T12:00:00,19,7.66,True,
ULBS,KZ1C00001627,"ULMUS BESSHOKY (ULMUS BESSHOKY)""","JSC ""ULMUS BESSHOKY (ULMUS BESSHOKY)""",stock,ordinary share,KZT,https://kase.kz/api/instruments/securities/,https://kase.kz/ru/investors/shares/ULBS,True,PENDING,UNAVAILABLE,NO_HISTORY,NO_PUBLIC_HISTORY,0,,,0,0.0,True,
UTMK,KZ000A1CTM59,Ust-Kamenogorsk Titanium Magnesium Plant,Ust-Kamenogorsk Titanium Magnesium Plant JSC,stock,ordinary share,KZT,https://kase.kz/api/instruments/securities/,https://kase.kz/ru/investors/shares/UTMK,True,PENDING,PARTIAL,DATA_READY,,6,2026-01-25T19:00:00,2026-08-26T12:00:00,6,2.42,True,
UTMKp,KZ000A1CTM67,Ust-Kamenogorsk Titanium Magnesium Plant,Ust-Kamenogorsk Titanium Magnesium Plant JSC,stock,preferred share,KZT,https://kase.kz/api/instruments/securities/,https://kase.kz/ru/investors/shares/UTMKp,True,PENDING,PARTIAL,DATA_READY,,86,2025-11-10T19:00:00,2026-08-27T19:00:00,86,34.68,True,
aAESOb1,,aAESOb1,aAESOb1,bond,corporate,KZT,https://kase.kz/api/instruments/securities/?sec_type=bond,https://kase.kz/ru/investors/bonds/aAESOb1,False,UNAVAILABLE,UNAVAILABLE,NO_CHART,INSTRUMENT_DELISTED,0,,,0,0.0,True,
aAPKIb1,,АПК-Инвест,АПК-Инвест,bond,corporate,KZT,https://kase.kz/api/instruments/securities/?sec_type=bond,https://kase.kz/ru/investors/bonds/aAPKIb1,False,UNAVAILABLE,UNAVAILABLE,NO_CHART,INSTRUMENT_DELISTED,0,,,0,0.0,True,
aAPKIb2,,АПК-Инвест,АПК-Инвест,bond,corporate,KZT,https://kase.kz/api/instruments/securities/?sec_type=bond,https://kase.kz/ru/investors/bonds/aAPKIb2,False,UNAVAILABLE,UNAVAILABLE,NO_CHART,INSTRUMENT_DELISTED,0,,,0,0.0,True,
aAPKIb3,,АПК-Инвест,АПК-Инвест,bond,corporate,KZT,https://kase.kz/api/instruments/securities/?sec_type=bond,https://kase.kz/ru/investors/bonds/aAPKIb3,False,UNAVAILABLE,UNAVAILABLE,NO_CHART,INSTRUMENT_DELISTED,0,,,0,0.0,True,
aASAVb2,,АЗИЯ АВТО,АЗИЯ АВТО,bond,corporate,KZT,https://kase.kz/api/instruments/securities/?sec_type=bond,https://kase.kz/ru/investors/bonds/aASAVb2,False,UNAVAILABLE,UNAVAILABLE,NO_CHART,INSTRUMENT_DELISTED,0,,,0,0.0,True,
aASFIb10,,aASFIb10,aASFIb10,bond,corporate,KZT,https://kase.kz/api/instruments/securities/?sec_type=bond,https://kase.kz/ru/investors/bonds/aASFIb10,False,UNAVAILABLE,UNAVAILABLE,NO_CHART,INSTRUMENT_DELISTED,0,,,0,0.0,True,
aASFIb11,,aASFIb11,aASFIb11,bond,corporate,KZT,https://kase.kz/api/instruments/securities/?sec_type=bond,https://kase.kz/ru/investors/bonds/aASFIb11,False,UNAVAILABLE,UNAVAILABLE,NO_CHART,INSTRUMENT_DELISTED,0,,,0,0.0,True,
aASFIb13,,aASFIb13,aASFIb13,bond,corporate,EUR,https://kase.kz/api/instruments/securities/?sec_type=bond,https://kase.kz/ru/investors/bonds/aASFIb13,False,UNAVAILABLE,UNAVAILABLE,NO_CHART,INSTRUMENT_DELISTED,0,,,0,0.0,True,
aASFIb14,,aASFIb14,aASFIb14,bond,corporate,USD,https://kase.kz/api/instruments/securities/?sec_type=bond,https://kase.kz/ru/investors/bonds/aASFIb14,False,UNAVAILABLE,UNAVAILABLE,NO_CHART,INSTRUMENT_DELISTED,0,,,0,0.0,True,
aASFIb15,,aASFIb15,aASFIb15,bond,corporate,KZT,https://kase.kz/api/instruments/securities/?sec_type=bond,https://kase.kz/ru/investors/bonds/aASFIb15,False,UNAVAILABLE,UNAVAILABLE,NO_CHART,INSTRUMENT_DELISTED,0,,,0,0.0,True,
aASFIb17,,aASFIb17,aASFIb17,bond,corporate,USD,https://kase.kz/api/instruments/securities/?sec_type=bond,https://kase.kz/ru/investors/bonds/aASFIb17,False,UNAVAILABLE,UNAVAILABLE,NO_CHART,INSTRUMENT_DELISTED,0,,,0,0.0,True,
aASFIb18,,aASFIb18,aASFIb18,bond,corporate,EUR,https://kase.kz/api/instruments/securities/?sec_type=bond,https://kase.kz/ru/investors/bonds/aASFIb18,False,UNAVAILABLE,UNAVAILABLE,NO_CHART,INSTRUMENT_DELISTED,0,,,0,0.0,True,
aASFIb19,,aASFIb19,aASFIb19,bond,corporate,EUR,https://kase.kz/api/instruments/securities/?sec_type=bond,https://kase.kz/ru/investors/bonds/aASFIb19,False,UNAVAILABLE,UNAVAILABLE,NO_CHART,INSTRUMENT_DELISTED,0,,,0,0.0,True,
aASFIb20,,aASFIb20,aASFIb20,bond,corporate,USD,https://kase.kz/api/instruments/securities/?sec_type=bond,https://kase.kz/ru/investors/bonds/aASFIb20,False,UNAVAILABLE,UNAVAILABLE,NO_CHART,INSTRUMENT_DELISTED,0,,,0,0.0,True,
aASFIb21,,aASFIb21,aASFIb21,bond,corporate,USD,https://kase.kz/api/instruments/securities/?sec_type=bond,https://kase.kz/ru/investors/bonds/aASFIb21,False,UNAVAILABLE,UNAVAILABLE,NO_CHART,INSTRUMENT_DELISTED,0,,,0,0.0,True,
aASFIb25,,aASFIb25,aASFIb25,bond,corporate,KZT,https://kase.kz/api/instruments/securities/?sec_type=bond,https://kase.kz/ru/investors/bonds/aASFIb25,True,PENDING,UNAVAILABLE,NO_HISTORY,NO_PUBLIC_HISTORY,0,,,0,0.0,True,
aASFIb27,,aASFIb27,aASFIb27,bond,corporate,KZT,https://kase.kz/api/instruments/securities/?sec_type=bond,https://kase.kz/ru/investors/bonds/aASFIb27,False,UNAVAILABLE,UNAVAILABLE,NO_CHART,INSTRUMENT_DELISTED,0,,,0,0.0,True,
aASFIb3,,aASFIb3,aASFIb3,bond,corporate,USD,https://kase.kz/api/instruments/securities/?sec_type=bond,https://kase.kz/ru/investors/bonds/aASFIb3,False,UNAVAILABLE,UNAVAILABLE,NO_CHART,INSTRUMENT_DELISTED,0,,,0,0.0,True,
aASFIb4,,aASFIb4,aASFIb4,bond,corporate,KZT,https://kase.kz/api/instruments/securities/?sec_type=bond,https://kase.kz/ru/investors/bonds/aASFIb4,False,UNAVAILABLE,UNAVAILABLE,NO_CHART,INSTRUMENT_DELISTED,0,,,0,0.0,True,
aASFIb5,,aASFIb5,aASFIb5,bond,corporate,KZT,https://kase.kz/api/instruments/securities/?sec_type=bond,https://kase.kz/ru/investors/bonds/aASFIb5,False,UNAVAILABLE,UNAVAILABLE,NO_CHART,INSTRUMENT_DELISTED,0,,,0,0.0,True,
aASFIb6,,aASFIb6,aASFIb6,bond,corporate,KZT,https://kase.kz/api/instruments/securities/?sec_type=bond,https://kase.kz/ru/investors/bonds/aASFIb6,False,UNAVAILABLE,UNAVAILABLE,NO_CHART,INSTRUMENT_DELISTED,0,,,0,0.0,True,
aASFIb7,,aASFIb7,aASFIb7,bond,corporate,KZT,https://kase.kz/api/instruments/securities/?sec_type=bond,https://kase.kz/ru/investors/bonds/aASFIb7,False,UNAVAILABLE,UNAVAILABLE,NO_CHART,INSTRUMENT_DELISTED,0,,,0,0.0,True,
aASFIb8,,aASFIb8,aASFIb8,bond,corporate,KZT,https://kase.kz/api/instruments/securities/?sec_type=bond,https://kase.kz/ru/investors/bonds/aASFIb8,False,UNAVAILABLE,UNAVAILABLE,NO_CHART,INSTRUMENT_DELISTED,0,,,0,0.0,True,
aASFIb9,,aASFIb9,aASFIb9,bond,corporate,KZT,https://kase.kz/api/instruments/securities/?sec_type=bond,https://kase.kz/ru/investors/bonds/aASFIb9,False,UNAVAILABLE,UNAVAILABLE,NO_CHART,INSTRUMENT_DELISTED,0,,,0,0.0,True,
aASNDb1,,aASNDb1,aASNDb1,bond,corporate,KZT,https://kase.kz/api/instruments/securities/?sec_type=bond,https://kase.kz/ru/investors/bonds/aASNDb1,False,UNAVAILABLE,UNAVAILABLE,NO_CHART,INSTRUMENT_DELISTED,0,,,0,0.0,True,
aASNDb2,,aASNDb2,aASNDb2,bond,corporate,KZT,https://kase.kz/api/instruments/securities/?sec_type=bond,https://kase.kz/ru/investors/bonds/aASNDb2,False,UNAVAILABLE,UNAVAILABLE,NO_CHART,INSTRUMENT_DELISTED,0,,,0,0.0,True,
aATFBb3,,АТФБанк,АТФБанк,bond,corporate,KZT,https://kase.kz/api/instruments/securities/?sec_type=bond,https://kase.kz/ru/investors/bonds/aATFBb3,False,UNAVAILABLE,UNAVAILABLE,NO_CHART,INSTRUMENT_DELISTED,0,,,0,0.0,True,
aATFBb4,,АТФБанк,АТФБанк,bond,corporate,KZT,https://kase.kz/api/instruments/securities/?sec_type=bond,https://kase.kz/ru/investors/bonds/aATFBb4,False,UNAVAILABLE,UNAVAILABLE,NO_CHART,INSTRUMENT_DELISTED,0,,,0,0.0,True,
aATFBb5,,АТФБанк,АТФБанк,bond,corporate,KZT,https://kase.kz/api/instruments/securities/?sec_type=bond,https://kase.kz/ru/investors/bonds/aATFBb5,False,UNAVAILABLE,UNAVAILABLE,NO_CHART,INSTRUMENT_DELISTED,0,,,0,0.0,True,
aATFBb6,,АТФБанк,АТФБанк,bond,corporate,KZT,https://kase.kz/api/instruments/securities/?sec_type=bond,https://kase.kz/ru/investors/bonds/aATFBb6,False,UNAVAILABLE,UNAVAILABLE,NO_CHART,INSTRUMENT_DELISTED,0,,,0,0.0,True,
aATFBe2,,АТФБанк,АТФБанк,bond,corporate,KZT,https://kase.kz/api/instruments/securities/?sec_type=bond,https://kase.kz/ru/investors/bonds/aATFBe2,False,UNAVAILABLE,UNAVAILABLE,NO_CHART,INSTRUMENT_DELISTED,0,,,0,0.0,True,
aATFBe4,,АТФБанк,АТФБанк,bond,corporate,KZT,https://kase.kz/api/instruments/securities/?sec_type=bond,https://kase.kz/ru/investors/bonds/aATFBe4,False,UNAVAILABLE,UNAVAILABLE,NO_CHART,INSTRUMENT_DELISTED,0,,,0,0.0,True,
aATFBe5,,АТФБанк,АТФБанк,bond,corporate,KZT,https://kase.kz/api/instruments/securities/?sec_type=bond,https://kase.kz/ru/investors/bonds/aATFBe5,False,UNAVAILABLE,UNAVAILABLE,NO_CHART,INSTRUMENT_DELISTED,0,,,0,0.0,True,
ABBNb1,,Банк Астаны,Банк Астаны,bond,corporate,KZT,https://kase.kz/api/instruments/securities/?sec_type=bond,https://kase.kz/ru/investors/bonds/ABBNb1,False,UNAVAILABLE,UNAVAILABLE,NO_CHART,INSTRUMENT_DELISTED,0,,,0,0.0,True,
ABBNb2,,Банк Астаны,Банк Астаны,bond,corporate,KZT,https://kase.kz/api/instruments/securities/?sec_type=bond,https://kase.kz/ru/investors/bonds/ABBNb2,False,UNAVAILABLE,UNAVAILABLE,NO_CHART,INSTRUMENT_DELISTED,0,,,0,0.0,True,
ABDIb1,,ABDIb1,ABDIb1,bond,corporate,KZT,https://kase.kz/api/instruments/securities/?sec_type=bond,https://kase.kz/ru/investors/bonds/ABDIb1,False,UNAVAILABLE,UNAVAILABLE,NO_CHART,INSTRUMENT_DELISTED,0,,,0,0.0,True,
aBGSTb1,,aBGSTb1,aBGSTb1,bond,corporate,KZT,https://kase.kz/api/instruments/securities/?sec_type=bond,https://kase.kz/ru/investors/bonds/aBGSTb1,False,UNAVAILABLE,UNAVAILABLE,NO_CHART,INSTRUMENT_DELISTED,0,,,0,0.0,True,
aBM_RECHe1,,aBM_RECHe1,aBM_RECHe1,bond,corporate,KZT,https://kase.kz/api/instruments/securities/?sec_type=bond,https://kase.kz/ru/investors/bonds/aBM_RECHe1,False,UNAVAILABLE,UNAVAILABLE,NO_CHART,INSTRUMENT_DELISTED,0,,,0,0.0,True,
ABRXpp1,,AB Restaurants,AB Restaurants,bond,corporate,KZT,https://kase.kz/api/instruments/securities/?sec_type=bond,https://kase.kz/ru/investors/bonds/ABRXpp1,True,PENDING,UNAVAILABLE,NO_HISTORY,NO_PUBLIC_HISTORY,0,,,0,0.0,True,
aBTTRb1,,Батыс транзит,Батыс транзит,bond,corporate,KZT,https://kase.kz/api/instruments/securities/?sec_type=bond,https://kase.kz/ru/investors/bonds/aBTTRb1,False,UNAVAILABLE,UNAVAILABLE,NO_CHART,INSTRUMENT_DELISTED,0,,,0,0.0,True,
ACARb1,,A-cars,A-cars,bond,corporate,KZT,https://kase.kz/api/instruments/securities/?sec_type=bond,https://kase.kz/ru/investors/bonds/ACARb1,True,PENDING,PARTIAL,DATA_READY,,199,2025-08-27T19:00:00,2026-08-27T19:00:00,199,80.24,True,
aCBH_b1,,aCBH_b1,aCBH_b1,bond,corporate,KZT,https://kase.kz/api/instruments/securities/?sec_type=bond,https://kase.kz/ru/investors/bonds/aCBH_b1,False,UNAVAILABLE,UNAVAILABLE,NO_CHART,INSTRUMENT_DELISTED,0,,,0,0.0,True,
aCCBNb14,,Банк ЦентрКредит,Банк ЦентрКредит,bond,corporate,KZT,https://kase.kz/api/instruments/securities/?sec_type=bond,https://kase.kz/ru/investors/bonds/aCCBNb14,False,UNAVAILABLE,UNAVAILABLE,NO_CHART,INSTRUMENT_DELISTED,0,,,0,0.0,True,
ADB_U040912,,Азиатский банк развития,Азиатский банк развития,bond,international,KZT,https://kase.kz/api/instruments/securities/?sec_type=bond,https://kase.kz/ru/investors/bonds/ADB_U040912,False,UNAVAILABLE,UNAVAILABLE,NO_CHART,INSTRUMENT_DELISTED,0,,,0,0.0,True,
aEABRK280414,,Евразийский банк развития,Евразийский банк развития,bond,international,KZT,https://kase.kz/api/instruments/securities/?sec_type=bond,https://kase.kz/ru/investors/bonds/aEABRK280414,False,UNAVAILABLE,UNAVAILABLE,NO_CHART,INSTRUMENT_DELISTED,0,,,0,0.0,True,
aEKTNb1,,ЭКОТОН+,ЭКОТОН+,bond,corporate,KZT,https://kase.kz/api/instruments/securities/?sec_type=bond,https://kase.kz/ru/investors/bonds/aEKTNb1,False,UNAVAILABLE,UNAVAILABLE,NO_CHART,INSTRUMENT_DELISTED,0,,,0,0.0,True,
aELDSb1,,aELDSb1,aELDSb1,bond,corporate,KZT,https://kase.kz/api/instruments/securities/?sec_type=bond,https://kase.kz/ru/investors/bonds/aELDSb1,False,UNAVAILABLE,UNAVAILABLE,NO_CHART,INSTRUMENT_DELISTED,0,,,0,0.0,True,
AESOb1,,AESOb1,AESOb1,bond,corporate,KZT,https://kase.kz/api/instruments/securities/?sec_type=bond,https://kase.kz/ru/investors/bonds/AESOb1,False,UNAVAILABLE,UNAVAILABLE,NO_CHART,INSTRUMENT_DELISTED,0,,,0,0.0,True,
aFRMPb1,,"Фонд ""Даму""","Фонд ""Даму""",bond,corporate,KZT,https://kase.kz/api/instruments/securities/?sec_type=bond,https://kase.kz/ru/investors/bonds/aFRMPb1,False,UNAVAILABLE,UNAVAILABLE,NO_CHART,INSTRUMENT_DELISTED,0,,,0,0.0,True,
AGFNb1,,AgroFinance,AgroFinance,bond,corporate,KZT,https://kase.kz/api/instruments/securities/?sec_type=bond,https://kase.kz/ru/investors/bonds/AGFNb1,False,UNAVAILABLE,UNAVAILABLE,NO_CHART,INSTRUMENT_DELISTED,0,,,0,0.0,True,
AGGZb1,,Амангельды Газ,Амангельды Газ,bond,corporate,KZT,https://kase.kz/api/instruments/securities/?sec_type=bond,https://kase.kz/ru/investors/bonds/AGGZb1,False,UNAVAILABLE,UNAVAILABLE,NO_CHART,INSTRUMENT_DELISTED,0,,,0,0.0,True,
AGKKb1,,Аграрная кредитная корпорация,Аграрная кредитная корпорация,bond,corporate,KZT,https://kase.kz/api/instruments/securities/?sec_type=bond,https://kase.kz/ru/investors/bonds/AGKKb1,False,UNAVAILABLE,UNAVAILABLE,NO_CHART,INSTRUMENT_DELISTED,0,,,0,0.0,True,
AGKKb10,,Аграрная кредитная корпорация,Аграрная кредитная корпорация,bond,corporate,KZT,https://kase.kz/api/instruments/securities/?sec_type=bond,https://kase.kz/ru/investors/bonds/AGKKb10,True,PENDING,UNAVAILABLE,NO_HISTORY,NO_PUBLIC_HISTORY,0,,,0,0.0,True,
AGKKb11,,Аграрная кредитная корпорация,Аграрная кредитная корпорация,bond,corporate,KZT,https://kase.kz/api/instruments/securities/?sec_type=bond,https://kase.kz/ru/investors/bonds/AGKKb11,False,UNAVAILABLE,UNAVAILABLE,NO_CHART,INSTRUMENT_DELISTED,0,,,0,0.0,True,
AGKKb12,,Аграрная кредитная корпорация,Аграрная кредитная корпорация,bond,corporate,KZT,https://kase.kz/api/instruments/securities/?sec_type=bond,https://kase.kz/ru/investors/bonds/AGKKb12,True,PENDING,UNAVAILABLE,NO_HISTORY,NO_PUBLIC_HISTORY,0,,,0,0.0,True,
AGKKb13,,Аграрная кредитная корпорация,Аграрная кредитная корпорация,bond,corporate,KZT,https://kase.kz/api/instruments/securities/?sec_type=bond,https://kase.kz/ru/investors/bonds/AGKKb13,False,UNAVAILABLE,UNAVAILABLE,NO_CHART,INSTRUMENT_DELISTED,0,,,0,0.0,True,
AGKKb14,,Аграрная кредитная корпорация,Аграрная кредитная корпорация,bond,corporate,KZT,https://kase.kz/api/instruments/securities/?sec_type=bond,https://kase.kz/ru/investors/bonds/AGKKb14,True,PENDING,UNAVAILABLE,NO_HISTORY,NO_PUBLIC_HISTORY,0,,,0,0.0,True,
AGKKb15,,Аграрная кредитная корпорация,Аграрная кредитная корпорация,bond,corporate,KZT,https://kase.kz/api/instruments/securities/?sec_type=bond,https://kase.kz/ru/investors/bonds/AGKKb15,False,UNAVAILABLE,UNAVAILABLE,NO_CHART,INSTRUMENT_DELISTED,0,,,0,0.0,True,
AGKKb16,,Аграрная кредитная корпорация,Аграрная кредитная корпорация,bond,corporate,KZT,https://kase.kz/api/instruments/securities/?sec_type=bond,https://kase.kz/ru/investors/bonds/AGKKb16,False,UNAVAILABLE,UNAVAILABLE,NO_CHART,INSTRUMENT_DELISTED,0,,,0,0.0,True,
AGKKb17,,Аграрная кредитная корпорация,Аграрная кредитная корпорация,bond,corporate,KZT,https://kase.kz/api/instruments/securities/?sec_type=bond,https://kase.kz/ru/investors/bonds/AGKKb17,True,PENDING,UNAVAILABLE,NO_HISTORY,NO_PUBLIC_HISTORY,0,,,0,0.0,True,
AGKKb18,,Аграрная кредитная корпорация,Аграрная кредитная корпорация,bond,corporate,KZT,https://kase.kz/api/instruments/securities/?sec_type=bond,https://kase.kz/ru/investors/bonds/AGKKb18,True,PENDING,UNAVAILABLE,NO_HISTORY,NO_PUBLIC_HISTORY,0,,,0,0.0,True,
AGKKb19,,Аграрная кредитная корпорация,Аграрная кредитная корпорация,bond,corporate,KZT,https://kase.kz/api/instruments/securities/?sec_type=bond,https://kase.kz/ru/investors/bonds/AGKKb19,True,PENDING,UNAVAILABLE,NO_HISTORY,NO_PUBLIC_HISTORY,0,,,0,0.0,True,
AGKKb2,,Аграрная кредитная корпорация,Аграрная кредитная корпорация,bond,corporate,KZT,https://kase.kz/api/instruments/securities/?sec_type=bond,https://kase.kz/ru/investors/bonds/AGKKb2,False,UNAVAILABLE,UNAVAILABLE,NO_CHART,INSTRUMENT_DELISTED,0,,,0,0.0,True,
AGKKb20,,Аграрная кредитная корпорация,Аграрная кредитная корпорация,bond,corporate,KZT,https://kase.kz/api/instruments/securities/?sec_type=bond,https://kase.kz/ru/investors/bonds/AGKKb20,True,PENDING,UNAVAILABLE,NO_HISTORY,NO_PUBLIC_HISTORY,0,,,0,0.0,True,
AGKKb21,,Аграрная кредитная корпорация,Аграрная кредитная корпорация,bond,corporate,KZT,https://kase.kz/api/instruments/securities/?sec_type=bond,https://kase.kz/ru/investors/bonds/AGKKb21,True,PENDING,UNAVAILABLE,NO_HISTORY,NO_PUBLIC_HISTORY,0,,,0,0.0,True,
AGKKb22,,Аграрная кредитная корпорация,Аграрная кредитная корпорация,bond,corporate,KZT,https://kase.kz/api/instruments/securities/?sec_type=bond,https://kase.kz/ru/investors/bonds/AGKKb22,True,PENDING,UNAVAILABLE,NO_HISTORY,NO_PUBLIC_HISTORY,0,,,0,0.0,True,
AGKKb23,,Аграрная кредитная корпорация,Аграрная кредитная корпорация,bond,corporate,KZT,https://kase.kz/api/instruments/securities/?sec_type=bond,https://kase.kz/ru/investors/bonds/AGKKb23,False,UNAVAILABLE,UNAVAILABLE,NO_CHART,INSTRUMENT_DELISTED,0,,,0,0.0,True,
AGKKb24,,Аграрная кредитная корпорация,Аграрная кредитная корпорация,bond,corporate,KZT,https://kase.kz/api/instruments/securities/?sec_type=bond,https://kase.kz/ru/investors/bonds/AGKKb24,True,PENDING,UNAVAILABLE,NO_HISTORY,NO_PUBLIC_HISTORY,0,,,0,0.0,True,
AGKKb3,,Аграрная кредитная корпорация,Аграрная кредитная корпорация,bond,corporate,KZT,https://kase.kz/api/instruments/securities/?sec_type=bond,https://kase.kz/ru/investors/bonds/AGKKb3,False,UNAVAILABLE,UNAVAILABLE,NO_CHART,INSTRUMENT_DELISTED,0,,,0,0.0,True,
AGKKb4,,Аграрная кредитная корпорация,Аграрная кредитная корпорация,bond,corporate,KZT,https://kase.kz/api/instruments/securities/?sec_type=bond,https://kase.kz/ru/investors/bonds/AGKKb4,False,UNAVAILABLE,UNAVAILABLE,NO_CHART,INSTRUMENT_DELISTED,0,,,0,0.0,True,
AGKKb5,,Аграрная кредитная корпорация,Аграрная кредитная корпорация,bond,corporate,KZT,https://kase.kz/api/instruments/securities/?sec_type=bond,https://kase.kz/ru/investors/bonds/AGKKb5,False,UNAVAILABLE,UNAVAILABLE,NO_CHART,INSTRUMENT_DELISTED,0,,,0,0.0,True,
AGKKb6,,Аграрная кредитная корпорация,Аграрная кредитная корпорация,bond,corporate,KZT,https://kase.kz/api/instruments/securities/?sec_type=bond,https://kase.kz/ru/investors/bonds/AGKKb6,False,UNAVAILABLE,UNAVAILABLE,NO_CHART,INSTRUMENT_DELISTED,0,,,0,0.0,True,
AGKKb7,,Аграрная кредитная корпорация,Аграрная кредитная корпорация,bond,corporate,KZT,https://kase.kz/api/instruments/securities/?sec_type=bond,https://kase.kz/ru/investors/bonds/AGKKb7,False,UNAVAILABLE,UNAVAILABLE,NO_CHART,INSTRUMENT_DELISTED,0,,,0,0.0,True,
AGKKb8,,Аграрная кредитная корпорация,Аграрная кредитная корпорация,bond,corporate,KZT,https://kase.kz/api/instruments/securities/?sec_type=bond,https://kase.kz/ru/investors/bonds/AGKKb8,True,PENDING,UNAVAILABLE,NO_HISTORY,NO_PUBLIC_HISTORY,0,,,0,0.0,True,
AGKKb9,,Аграрная кредитная корпорация,Аграрная кредитная корпорация,bond,corporate,KZT,https://kase.kz/api/instruments/securities/?sec_type=bond,https://kase.kz/ru/investors/bonds/AGKKb9,False,UNAVAILABLE,UNAVAILABLE,NO_CHART,INSTRUMENT_DELISTED,0,,,0,0.0,True,
AGKKpp1,,Аграрная кредитная корпорация,Аграрная кредитная корпорация,bond,corporate,KZT,https://kase.kz/api/instruments/securities/?sec_type=bond,https://kase.kz/ru/investors/bonds/AGKKpp1,False,UNAVAILABLE,UNAVAILABLE,NO_CHART,INSTRUMENT_DELISTED,0,,,0,0.0,True,
AGKKpp10,,Аграрная кредитная корпорация,Аграрная кредитная корпорация,bond,corporate,KZT,https://kase.kz/api/instruments/securities/?sec_type=bond,https://kase.kz/ru/investors/bonds/AGKKpp10,False,UNAVAILABLE,UNAVAILABLE,NO_CHART,INSTRUMENT_DELISTED,0,,,0,0.0,True,
AGKKpp11,,Аграрная кредитная корпорация,Аграрная кредитная корпорация,bond,corporate,KZT,https://kase.kz/api/instruments/securities/?sec_type=bond,https://kase.kz/ru/investors/bonds/AGKKpp11,True,PENDING,UNAVAILABLE,NO_HISTORY,NO_PUBLIC_HISTORY,0,,,0,0.0,True,
AGKKpp12,,Аграрная кредитная корпорация,Аграрная кредитная корпорация,bond,corporate,KZT,https://kase.kz/api/instruments/securities/?sec_type=bond,https://kase.kz/ru/investors/bonds/AGKKpp12,True,PENDING,UNAVAILABLE,NO_HISTORY,NO_PUBLIC_HISTORY,0,,,0,0.0,True,
AGKKpp13,,Аграрная кредитная корпорация,Аграрная кредитная корпорация,bond,corporate,KZT,https://kase.kz/api/instruments/securities/?sec_type=bond,https://kase.kz/ru/investors/bonds/AGKKpp13,True,PENDING,UNAVAILABLE,NO_HISTORY,NO_PUBLIC_HISTORY,0,,,0,0.0,True,
AGKKpp14,,Аграрная кредитная корпорация,Аграрная кредитная корпорация,bond,corporate,KZT,https://kase.kz/api/instruments/securities/?sec_type=bond,https://kase.kz/ru/investors/bonds/AGKKpp14,True,PENDING,UNAVAILABLE,NO_HISTORY,NO_PUBLIC_HISTORY,0,,,0,0.0,True,
AGKKpp15,,Аграрная кредитная корпорация,Аграрная кредитная корпорация,bond,corporate,KZT,https://kase.kz/api/instruments/securities/?sec_type=bond,https://kase.kz/ru/investors/bonds/AGKKpp15,True,PENDING,UNAVAILABLE,NO_HISTORY,NO_PUBLIC_HISTORY,0,,,0,0.0,True,
AGKKpp16,,Аграрная кредитная корпорация,Аграрная кредитная корпорация,bond,corporate,KZT,https://kase.kz/api/instruments/securities/?sec_type=bond,https://kase.kz/ru/investors/bonds/AGKKpp16,True,PENDING,UNAVAILABLE,NO_HISTORY,NO_PUBLIC_HISTORY,0,,,0,0.0,True,
AGKKpp17,,Аграрная кредитная корпорация,Аграрная кредитная корпорация,bond,corporate,KZT,https://kase.kz/api/instruments/securities/?sec_type=bond,https://kase.kz/ru/investors/bonds/AGKKpp17,True,PENDING,UNAVAILABLE,NO_HISTORY,NO_PUBLIC_HISTORY,0,,,0,0.0,True,
AGKKpp18,,Аграрная кредитная корпорация,Аграрная кредитная корпорация,bond,corporate,KZT,https://kase.kz/api/instruments/securities/?sec_type=bond,https://kase.kz/ru/investors/bonds/AGKKpp18,True,PENDING,UNAVAILABLE,NO_HISTORY,NO_PUBLIC_HISTORY,0,,,0,0.0,True,
AGKKpp2,,Аграрная кредитная корпорация,Аграрная кредитная корпорация,bond,corporate,KZT,https://kase.kz/api/instruments/securities/?sec_type=bond,https://kase.kz/ru/investors/bonds/AGKKpp2,True,PENDING,UNAVAILABLE,NO_HISTORY,NO_PUBLIC_HISTORY,0,,,0,0.0,True,
AGKKpp3,,Аграрная кредитная корпорация,Аграрная кредитная корпорация,bond,corporate,KZT,https://kase.kz/api/instruments/securities/?sec_type=bond,https://kase.kz/ru/investors/bonds/AGKKpp3,False,UNAVAILABLE,UNAVAILABLE,NO_CHART,INSTRUMENT_DELISTED,0,,,0,0.0,True,
AGKKpp4,,Аграрная кредитная корпорация,Аграрная кредитная корпорация,bond,corporate,KZT,https://kase.kz/api/instruments/securities/?sec_type=bond,https://kase.kz/ru/investors/bonds/AGKKpp4,False,UNAVAILABLE,UNAVAILABLE,NO_CHART,INSTRUMENT_DELISTED,0,,,0,0.0,True,
AGKKpp5,,Аграрная кредитная корпорация,Аграрная кредитная корпорация,bond,corporate,KZT,https://kase.kz/api/instruments/securities/?sec_type=bond,https://kase.kz/ru/investors/bonds/AGKKpp5,False,UNAVAILABLE,UNAVAILABLE,NO_CHART,INSTRUMENT_DELISTED,0,,,0,0.0,True,
AGKKpp6,,Аграрная кредитная корпорация,Аграрная кредитная корпорация,bond,corporate,KZT,https://kase.kz/api/instruments/securities/?sec_type=bond,https://kase.kz/ru/investors/bonds/AGKKpp6,False,UNAVAILABLE,UNAVAILABLE,NO_CHART,INSTRUMENT_DELISTED,0,,,0,0.0,True,
AGKKpp7,,Аграрная кредитная корпорация,Аграрная кредитная корпорация,bond,corporate,KZT,https://kase.kz/api/instruments/securities/?sec_type=bond,https://kase.kz/ru/investors/bonds/AGKKpp7,True,PENDING,UNAVAILABLE,NO_HISTORY,NO_PUBLIC_HISTORY,0,,,0,0.0,True,
AGKKpp8,,Аграрная кредитная корпорация,Аграрная кредитная корпорация,bond,corporate,KZT,https://kase.kz/api/instruments/securities/?sec_type=bond,https://kase.kz/ru/investors/bonds/AGKKpp8,False,UNAVAILABLE,UNAVAILABLE,NO_CHART,INSTRUMENT_DELISTED,0,,,0,0.0,True,
AGKKpp9,,Аграрная кредитная корпорация,Аграрная кредитная корпорация,bond,corporate,KZT,https://kase.kz/api/instruments/securities/?sec_type=bond,https://kase.kz/ru/investors/bonds/AGKKpp9,False,UNAVAILABLE,UNAVAILABLE,NO_CHART,INSTRUMENT_DELISTED,0,,,0,0.0,True,
AGQAb1,,AGRIQA Азия,AGRIQA Азия,bond,corporate,KZT,https://kase.kz/api/instruments/securities/?sec_type=bond,https://kase.kz/ru/investors/bonds/AGQAb1,True,PENDING,UNAVAILABLE,NO_HISTORY,NO_PUBLIC_HISTORY,0,,,0,0.0,True,
AGQApp1,,AGRIQA Азия,AGRIQA Азия,bond,corporate,USD,https://kase.kz/api/instruments/securities/?sec_type=bond,https://kase.kz/ru/investors/bonds/AGQApp1,True,PENDING,UNAVAILABLE,NO_HISTORY,NO_PUBLIC_HISTORY,0,,,0,0.0,True,
aHSBKb10,,Народный Банк Казахстана,Народный Банк Казахстана,bond,corporate,KZT,https://kase.kz/api/instruments/securities/?sec_type=bond,https://kase.kz/ru/investors/bonds/aHSBKb10,False,UNAVAILABLE,UNAVAILABLE,NO_CHART,INSTRUMENT_DELISTED,0,,,0,0.0,True,
aHSBKb11,,Народный Банк Казахстана,Народный Банк Казахстана,bond,corporate,KZT,https://kase.kz/api/instruments/securities/?sec_type=bond,https://kase.kz/ru/investors/bonds/aHSBKb11,False,UNAVAILABLE,UNAVAILABLE,NO_CHART,INSTRUMENT_DELISTED,0,,,0,0.0,True,
aHSBKb3,,Народный Банк Казахстана,Народный Банк Казахстана,bond,corporate,KZT,https://kase.kz/api/instruments/securities/?sec_type=bond,https://kase.kz/ru/investors/bonds/aHSBKb3,False,UNAVAILABLE,UNAVAILABLE,NO_CHART,INSTRUMENT_DELISTED,0,,,0,0.0,True,
aHSBKb4,,Народный Банк Казахстана,Народный Банк Казахстана,bond,corporate,KZT,https://kase.kz/api/instruments/securities/?sec_type=bond,https://kase.kz/ru/investors/bonds/aHSBKb4,False,UNAVAILABLE,UNAVAILABLE,NO_CHART,INSTRUMENT_DELISTED,0,,,0,0.0,True,
aHSBKb7,,Народный Банк Казахстана,Народный Банк Казахстана,bond,corporate,KZT,https://kase.kz/api/instruments/securities/?sec_type=bond,https://kase.kz/ru/investors/bonds/aHSBKb7,False,UNAVAILABLE,UNAVAILABLE,NO_CHART,INSTRUMENT_DELISTED,0,,,0,0.0,True,
aHSBKb8,,Народный Банк Казахстана,Народный Банк Казахстана,bond,corporate,KZT,https://kase.kz/api/instruments/securities/?sec_type=bond,https://kase.kz/ru/investors/bonds/aHSBKb8,False,UNAVAILABLE,UNAVAILABLE,NO_CHART,INSTRUMENT_DELISTED,0,,,0,0.0,True,
aHSBKb9,,Народный Банк Казахстана,Народный Банк Казахстана,bond,corporate,KZT,https://kase.kz/api/instruments/securities/?sec_type=bond,https://kase.kz/ru/investors/bonds/aHSBKb9,False,UNAVAILABLE,UNAVAILABLE,NO_CHART,INSTRUMENT_DELISTED,0,,,0,0.0,True,
aIMSKb1,,aIMSKb1,aIMSKb1,bond,corporate,KZT,https://kase.kz/api/instruments/securities/?sec_type=bond,https://kase.kz/ru/investors/bonds/aIMSKb1,False,UNAVAILABLE,UNAVAILABLE,NO_CHART,INSTRUMENT_DELISTED,0,,,0,0.0,True,
aIMSKb2,,aIMSKb2,aIMSKb2,bond,corporate,KZT,https://kase.kz/api/instruments/securities/?sec_type=bond,https://kase.kz/ru/investors/bonds/aIMSKb2,False,UNAVAILABLE,UNAVAILABLE,NO_CHART,INSTRUMENT_DELISTED,0,,,0,0.0,True,
aKASSb1,,aKASSb1,aKASSb1,bond,corporate,KZT,https://kase.kz/api/instruments/securities/?sec_type=bond,https://kase.kz/ru/investors/bonds/aKASSb1,False,UNAVAILABLE,UNAVAILABLE,NO_CHART,INSTRUMENT_DELISTED,0,,,0,0.0,True,
aKASTb1,,КазЭкспортАстык,КазЭкспортАстык,bond,corporate,KZT,https://kase.kz/api/instruments/securities/?sec_type=bond,https://kase.kz/ru/investors/bonds/aKASTb1,False,UNAVAILABLE,UNAVAILABLE,NO_CHART,INSTRUMENT_DELISTED,0,,,0,0.0,True,
aKASTb2,,КазЭкспортАстык,КазЭкспортАстык,bond,corporate,KZT,https://kase.kz/api/instruments/securities/?sec_type=bond,https://kase.kz/ru/investors/bonds/aKASTb2,False,UNAVAILABLE,UNAVAILABLE,NO_CHART,INSTRUMENT_DELISTED,0,,,0,0.0,True,
aKATRb2,,Атамекен-Агро,Атамекен-Агро,bond,corporate,KZT,https://kase.kz/api/instruments/securities/?sec_type=bond,https://kase.kz/ru/investors/bonds/aKATRb2,False,UNAVAILABLE,UNAVAILABLE,NO_CHART,INSTRUMENT_DELISTED,0,,,0,0.0,True,
AKFIb1,,AMF Group,AMF Group,bond,corporate,KZT,https://kase.kz/api/instruments/securities/?sec_type=bond,https://kase.kz/ru/investors/bonds/AKFIb1,False,UNAVAILABLE,UNAVAILABLE,NO_CHART,INSTRUMENT_DELISTED,0,,,0,0.0,True,
AKFIb2,,AMF Group,AMF Group,bond,corporate,KZT,https://kase.kz/api/instruments/securities/?sec_type=bond,https://kase.kz/ru/investors/bonds/AKFIb2,False,UNAVAILABLE,UNAVAILABLE,NO_CHART,INSTRUMENT_DELISTED,0,,,0,0.0,True,
AKFIb3,,AMF Group,AMF Group,bond,corporate,KZT,https://kase.kz/api/instruments/securities/?sec_type=bond,https://kase.kz/ru/investors/bonds/AKFIb3,False,UNAVAILABLE,UNAVAILABLE,NO_CHART,INSTRUMENT_DELISTED,0,,,0,0.0,True,
AKFIb4,,AMF Group,AMF Group,bond,corporate,KZT,https://kase.kz/api/instruments/securities/?sec_type=bond,https://kase.kz/ru/investors/bonds/AKFIb4,False,UNAVAILABLE,UNAVAILABLE,NO_CHART,INSTRUMENT_DELISTED,0,,,0,0.0,True,
AKFIb5,,AMF Group,AMF Group,bond,corporate,KZT,https://kase.kz/api/instruments/securities/?sec_type=bond,https://kase.kz/ru/investors/bonds/AKFIb5,False,UNAVAILABLE,UNAVAILABLE,NO_CHART,INSTRUMENT_DELISTED,0,,,0,0.0,True,
aKKGBb2,,QAZKOM,QAZKOM,bond,corporate,KZT,https://kase.kz/api/instruments/securities/?sec_type=bond,https://kase.kz/ru/investors/bonds/aKKGBb2,False,UNAVAILABLE,UNAVAILABLE,NO_CHART,INSTRUMENT_DELISTED,0,,,0,0.0,True,
aKKGBb4,,QAZKOM,QAZKOM,bond,corporate,KZT,https://kase.kz/api/instruments/securities/?sec_type=bond,https://kase.kz/ru/investors/bonds/aKKGBb4,False,UNAVAILABLE,UNAVAILABLE,NO_CHART,INSTRUMENT_DELISTED,0,,,0,0.0,True,
aKKGBb5,,QAZKOM,QAZKOM,bond,corporate,KZT,https://kase.kz/api/instruments/securities/?sec_type=bond,https://kase.kz/ru/investors/bonds/aKKGBb5,False,UNAVAILABLE,UNAVAILABLE,NO_CHART,INSTRUMENT_DELISTED,0,,,0,0.0,True,
aKKGBe2,,QAZKOM,QAZKOM,bond,corporate,KZT,https://kase.kz/api/instruments/securities/?sec_type=bond,https://kase.kz/ru/investors/bonds/aKKGBe2,False,UNAVAILABLE,UNAVAILABLE,NO_CHART,INSTRUMENT_DELISTED,0,,,0,0.0,True,
aKKGBe4,,aKKGBe4,aKKGBe4,bond,corporate,KZT,https://kase.kz/api/instruments/securities/?sec_type=bond,https://kase.kz/ru/investors/bonds/aKKGBe4,False,UNAVAILABLE,UNAVAILABLE,NO_CHART,INSTRUMENT_DELISTED,0,,,0,0.0,True,
aKKGBe5,,aKKGBe5,aKKGBe5,bond,corporate,KZT,https://kase.kz/api/instruments/securities/?sec_type=bond,https://kase.kz/ru/investors/bonds/aKKGBe5,False,UNAVAILABLE,UNAVAILABLE,NO_CHART,INSTRUMENT_DELISTED,0,,,0,0.0,True,
aKKGBe6,,aKKGBe6,aKKGBe6,bond,corporate,KZT,https://kase.kz/api/instruments/securities/?sec_type=bond,https://kase.kz/ru/investors/bonds/aKKGBe6,False,UNAVAILABLE,UNAVAILABLE,NO_CHART,INSTRUMENT_DELISTED,0,,,0,0.0,True,
AKKMb1,,AKKMb1,AKKMb1,bond,corporate,KZT,https://kase.kz/api/instruments/securities/?sec_type=bond,https://kase.kz/ru/investors/bonds/AKKMb1,False,UNAVAILABLE,UNAVAILABLE,NO_CHART,INSTRUMENT_DELISTED,0,,,0,0.0,True,
AKMGb1,,АстанаГаз КМГ,АстанаГаз КМГ,bond,corporate,KZT,https://kase.kz/api/instruments/securities/?sec_type=bond,https://kase.kz/ru/investors/bonds/AKMGb1,True,PENDING,UNAVAILABLE,NO_HISTORY,NO_PUBLIC_HISTORY,0,,,0,0.0,True,
AKMGb2,,АстанаГаз КМГ,АстанаГаз КМГ,bond,corporate,KZT,https://kase.kz/api/instruments/securities/?sec_type=bond,https://kase.kz/ru/investors/bonds/AKMGb2,True,PENDING,UNAVAILABLE,NO_HISTORY,NO_PUBLIC_HISTORY,0,,,0,0.0,True,
AKNPb1,,Актобе нефтепереработка,Актобе нефтепереработка,bond,corporate,KZT,https://kase.kz/api/instruments/securities/?sec_type=bond,https://kase.kz/ru/investors/bonds/AKNPb1,False,UNAVAILABLE,UNAVAILABLE,NO_CHART,INSTRUMENT_DELISTED,0,,,0,0.0,True,
AKNPb2,,Актобе нефтепереработка,Актобе нефтепереработка,bond,corporate,KZT,https://kase.kz/api/instruments/securities/?sec_type=bond,https://kase.kz/ru/investors/bonds/AKNPb2,False,UNAVAILABLE,UNAVAILABLE,NO_CHART,INSTRUMENT_DELISTED,0,,,0,0.0,True,
AKNPb3,,Актобе нефтепереработка,Актобе нефтепереработка,bond,corporate,KZT,https://kase.kz/api/instruments/securities/?sec_type=bond,https://kase.kz/ru/investors/bonds/AKNPb3,False,UNAVAILABLE,UNAVAILABLE,NO_CHART,INSTRUMENT_DELISTED,0,,,0,0.0,True,
AKVEpp1,,АКВЕЙ,АКВЕЙ,bond,corporate,KZT,https://kase.kz/api/instruments/securities/?sec_type=bond,https://kase.kz/ru/investors/bonds/AKVEpp1,True,PENDING,UNAVAILABLE,NO_HISTORY,NO_PUBLIC_HISTORY,0,,,0,0.0,True,
aKZIKb10,,Казахстанская Жилищная Компания,Казахстанская Жилищная Компания,bond,corporate,KZT,https://kase.kz/api/instruments/securities/?sec_type=bond,https://kase.kz/ru/investors/bonds/aKZIKb10,False,UNAVAILABLE,UNAVAILABLE,NO_CHART,INSTRUMENT_DELISTED,0,,,0,0.0,True,
aKZIKb15,,Казахстанская Жилищная Компания,Казахстанская Жилищная Компания,bond,corporate,KZT,https://kase.kz/api/instruments/securities/?sec_type=bond,https://kase.kz/ru/investors/bonds/aKZIKb15,False,UNAVAILABLE,UNAVAILABLE,NO_CHART,INSTRUMENT_DELISTED,0,,,0,0.0,True,
aKZIKb16,,Казахстанская Жилищная Компания,Казахстанская Жилищная Компания,bond,corporate,KZT,https://kase.kz/api/instruments/securities/?sec_type=bond,https://kase.kz/ru/investors/bonds/aKZIKb16,False,UNAVAILABLE,UNAVAILABLE,NO_CHART,INSTRUMENT_DELISTED,0,,,0,0.0,True,
aKZIKb8,,Казахстанская Жилищная Компания,Казахстанская Жилищная Компания,bond,corporate,KZT,https://kase.kz/api/instruments/securities/?sec_type=bond,https://kase.kz/ru/investors/bonds/aKZIKb8,False,UNAVAILABLE,UNAVAILABLE,NO_CHART,INSTRUMENT_DELISTED,0,,,0,0.0,True,
aKZIKb9,,Казахстанская Жилищная Компания,Казахстанская Жилищная Компания,bond,corporate,KZT,https://kase.kz/api/instruments/securities/?sec_type=bond,https://kase.kz/ru/investors/bonds/aKZIKb9,False,UNAVAILABLE,UNAVAILABLE,NO_CHART,INSTRUMENT_DELISTED,0,,,0,0.0,True,
ALBNb1,,"Eco Center Bank (ДБ АО ""Банк ЦентрКредит"")","Eco Center Bank (ДБ АО ""Банк ЦентрКредит"")",bond,corporate,USD,https://kase.kz/api/instruments/securities/?sec_type=bond,https://kase.kz/ru/investors/bonds/ALBNb1,False,UNAVAILABLE,UNAVAILABLE,NO_CHART,INSTRUMENT_DELISTED,0,,,0,0.0,True,
ALBNb2,,"Eco Center Bank (ДБ АО ""Банк ЦентрКредит"")","Eco Center Bank (ДБ АО ""Банк ЦентрКредит"")",bond,corporate,KZT,https://kase.kz/api/instruments/securities/?sec_type=bond,https://kase.kz/ru/investors/bonds/ALBNb2,False,UNAVAILABLE,UNAVAILABLE,NO_CHART,INSTRUMENT_DELISTED,0,,,0,0.0,True,
ALBNb3,,"Eco Center Bank (ДБ АО ""Банк ЦентрКредит"")","Eco Center Bank (ДБ АО ""Банк ЦентрКредит"")",bond,corporate,KZT,https://kase.kz/api/instruments/securities/?sec_type=bond,https://kase.kz/ru/investors/bonds/ALBNb3,False,UNAVAILABLE,UNAVAILABLE,NO_CHART,INSTRUMENT_DELISTED,0,,,0,0.0,True,
ALBNb4,,"Eco Center Bank (ДБ АО ""Банк ЦентрКредит"")","Eco Center Bank (ДБ АО ""Банк ЦентрКредит"")",bond,corporate,KZT,https://kase.kz/api/instruments/securities/?sec_type=bond,https://kase.kz/ru/investors/bonds/ALBNb4,False,UNAVAILABLE,UNAVAILABLE,NO_CHART,INSTRUMENT_DELISTED,0,,,0,0.0,True,
ALBNb5,,Банк ЦентрКредит,Банк ЦентрКредит,bond,corporate,KZT,https://kase.kz/api/instruments/securities/?sec_type=bond,https://kase.kz/ru/investors/bonds/ALBNb5,True,PENDING,UNAVAILABLE,NO_HISTORY,NO_PUBLIC_HISTORY,0,,,0,0.0,True,
ALBNb6,,"Eco Center Bank (ДБ АО ""Банк ЦентрКредит"")","Eco Center Bank (ДБ АО ""Банк ЦентрКредит"")",bond,corporate,KZT,https://kase.kz/api/instruments/securities/?sec_type=bond,https://kase.kz/ru/investors/bonds/ALBNb6,True,PENDING,UNAVAILABLE,NO_HISTORY,NO_PUBLIC_HISTORY,0,,,0,0.0,True,
ALESb1,,Алматинские электрические станции,Алматинские электрические станции,bond,corporate,KZT,https://kase.kz/api/instruments/securities/?sec_type=bond,https://kase.kz/ru/investors/bonds/ALESb1,False,UNAVAILABLE,UNAVAILABLE,NO_CHART,INSTRUMENT_DELISTED,0,,,0,0.0,True,
ALESb10,,Алматинские электрические станции,Алматинские электрические станции,bond,corporate,KZT,https://kase.kz/api/instruments/securities/?sec_type=bond,https://kase.kz/ru/investors/bonds/ALESb10,False,UNAVAILABLE,UNAVAILABLE,NO_CHART,INSTRUMENT_DELISTED,0,,,0,0.0,True,
ALESb11,,Алматинские электрические станции,Алматинские электрические станции,bond,corporate,KZT,https://kase.kz/api/instruments/securities/?sec_type=bond,https://kase.kz/ru/investors/bonds/ALESb11,False,UNAVAILABLE,UNAVAILABLE,NO_CHART,INSTRUMENT_DELISTED,0,,,0,0.0,True,
ALESb12,,Алматинские электрические станции,Алматинские электрические станции,bond,corporate,KZT,https://kase.kz/api/instruments/securities/?sec_type=bond,https://kase.kz/ru/investors/bonds/ALESb12,False,UNAVAILABLE,UNAVAILABLE,NO_CHART,INSTRUMENT_DELISTED,0,,,0,0.0,True,
ALESb2,,Алматинские электрические станции,Алматинские электрические станции,bond,corporate,KZT,https://kase.kz/api/instruments/securities/?sec_type=bond,https://kase.kz/ru/investors/bonds/ALESb2,False,UNAVAILABLE,UNAVAILABLE,NO_CHART,INSTRUMENT_DELISTED,0,,,0,0.0,True,
ALESb3,,Алматинские электрические станции,Алматинские электрические станции,bond,corporate,KZT,https://kase.kz/api/instruments/securities/?sec_type=bond,https://kase.kz/ru/investors/bonds/ALESb3,False,UNAVAILABLE,UNAVAILABLE,NO_CHART,INSTRUMENT_DELISTED,0,,,0,0.0,True,
ALESb4,,Алматинские электрические станции,Алматинские электрические станции,bond,corporate,KZT,https://kase.kz/api/instruments/securities/?sec_type=bond,https://kase.kz/ru/investors/bonds/ALESb4,False,UNAVAILABLE,UNAVAILABLE,NO_CHART,INSTRUMENT_DELISTED,0,,,0,0.0,True,
ALESb5,,Алматинские электрические станции,Алматинские электрические станции,bond,corporate,KZT,https://kase.kz/api/instruments/securities/?sec_type=bond,https://kase.kz/ru/investors/bonds/ALESb5,False,UNAVAILABLE,UNAVAILABLE,NO_CHART,INSTRUMENT_DELISTED,0,,,0,0.0,True,
ALESb6,,Алматинские электрические станции,Алматинские электрические станции,bond,corporate,KZT,https://kase.kz/api/instruments/securities/?sec_type=bond,https://kase.kz/ru/investors/bonds/ALESb6,False,UNAVAILABLE,UNAVAILABLE,NO_CHART,INSTRUMENT_DELISTED,0,,,0,0.0,True,
ALESb7,,Алматинские электрические станции,Алматинские электрические станции,bond,corporate,KZT,https://kase.kz/api/instruments/securities/?sec_type=bond,https://kase.kz/ru/investors/bonds/ALESb7,False,UNAVAILABLE,UNAVAILABLE,NO_CHART,INSTRUMENT_DELISTED,0,,,0,0.0,True,
ALESb8,,Алматинские электрические станции,Алматинские электрические станции,bond,corporate,KZT,https://kase.kz/api/instruments/securities/?sec_type=bond,https://kase.kz/ru/investors/bonds/ALESb8,False,UNAVAILABLE,UNAVAILABLE,NO_CHART,INSTRUMENT_DELISTED,0,,,0,0.0,True,
ALESb9,,Алматинские электрические станции,Алматинские электрические станции,bond,corporate,KZT,https://kase.kz/api/instruments/securities/?sec_type=bond,https://kase.kz/ru/investors/bonds/ALESb9,False,UNAVAILABLE,UNAVAILABLE,NO_CHART,INSTRUMENT_DELISTED,0,,,0,0.0,True,
ALKSb,,ALKSb,ALKSb,bond,corporate,USD,https://kase.kz/api/instruments/securities/?sec_type=bond,https://kase.kz/ru/investors/bonds/ALKSb,False,UNAVAILABLE,UNAVAILABLE,NO_CHART,INSTRUMENT_DELISTED,0,,,0,0.0,True,
ALKSb2,,ALKSb2,ALKSb2,bond,corporate,USD,https://kase.kz/api/instruments/securities/?sec_type=bond,https://kase.kz/ru/investors/bonds/ALKSb2,False,UNAVAILABLE,UNAVAILABLE,NO_CHART,INSTRUMENT_DELISTED,0,,,0,0.0,True,
ALLCpp1,,"АИФН ""Алматы Логистик Центр""","АИФН ""Алматы Логистик Центр""",bond,corporate,KZT,https://kase.kz/api/instruments/securities/?sec_type=bond,https://kase.kz/ru/investors/bonds/ALLCpp1,True,PENDING,UNAVAILABLE,NO_HISTORY,NO_PUBLIC_HISTORY,0,,,0,0.0,True,
ALLZb1,,ALLZb1,ALLZb1,bond,corporate,KZT,https://kase.kz/api/instruments/securities/?sec_type=bond,https://kase.kz/ru/investors/bonds/ALLZb1,False,UNAVAILABLE,UNAVAILABLE,NO_CHART,INSTRUMENT_DELISTED,0,,,0,0.0,True,
ALMSb1,,АК Алтыналмас,АК Алтыналмас,bond,corporate,USD,https://kase.kz/api/instruments/securities/?sec_type=bond,https://kase.kz/ru/investors/bonds/ALMSb1,True,PENDING,PARTIAL,DATA_READY,,59,2025-10-19T19:00:00,2026-08-23T19:00:00,59,23.79,True,
ALMXb1,,ALMXb1,ALMXb1,bond,international,KZT,https://kase.kz/api/instruments/securities/?sec_type=bond,https://kase.kz/ru/investors/bonds/ALMXb1,False,UNAVAILABLE,UNAVAILABLE,NO_CHART,INSTRUMENT_DELISTED,0,,,0,0.0,True,
ALSPb1,,Алтын Сапа ALM,Алтын Сапа ALM,bond,corporate,KZT,https://kase.kz/api/instruments/securities/?sec_type=bond,https://kase.kz/ru/investors/bonds/ALSPb1,True,PENDING,UNAVAILABLE,NO_HISTORY,NO_PUBLIC_HISTORY,0,,,0,0.0,True,
ALTAb1,,"ALTA Telecom (""АЛТА Телеком"")","ALTA Telecom (""АЛТА Телеком"")",bond,corporate,KZT,https://kase.kz/api/instruments/securities/?sec_type=bond,https://kase.kz/ru/investors/bonds/ALTAb1,True,PENDING,PARTIAL,DATA_READY,,1,2026-06-10T19:00:00,2026-06-10T19:00:00,1,0.4,True,
ALTCpp1,,АлмаТау Construction,АлмаТау Construction,bond,corporate,KZT,https://kase.kz/api/instruments/securities/?sec_type=bond,https://kase.kz/ru/investors/bonds/ALTCpp1,True,PENDING,UNAVAILABLE,NO_HISTORY,NO_PUBLIC_HISTORY,0,,,0,0.0,True,
ALTMb1,,Алматытемір,Алматытемір,bond,corporate,KZT,https://kase.kz/api/instruments/securities/?sec_type=bond,https://kase.kz/ru/investors/bonds/ALTMb1,False,UNAVAILABLE,UNAVAILABLE,NO_CHART,INSTRUMENT_DELISTED,0,,,0,0.0,True,
ALTSpp1,,ALITA Stroy,ALITA Stroy,bond,corporate,KZT,https://kase.kz/api/instruments/securities/?sec_type=bond,https://kase.kz/ru/investors/bonds/ALTSpp1,True,PENDING,UNAVAILABLE,NO_HISTORY,NO_PUBLIC_HISTORY,0,,,0,0.0,True,
ALTVb1,,АлмаТел Казахстан,АлмаТел Казахстан,bond,corporate,KZT,https://kase.kz/api/instruments/securities/?sec_type=bond,https://kase.kz/ru/investors/bonds/ALTVb1,False,UNAVAILABLE,UNAVAILABLE,NO_CHART,INSTRUMENT_DELISTED,0,,,0,0.0,True,
ALVZb1,,ALVZb1,ALVZb1,bond,corporate,KZT,https://kase.kz/api/instruments/securities/?sec_type=bond,https://kase.kz/ru/investors/bonds/ALVZb1,False,UNAVAILABLE,UNAVAILABLE,NO_CHART,INSTRUMENT_DELISTED,0,,,0,0.0,True,
aMAG_b1,,aMAG_b1,aMAG_b1,bond,corporate,KZT,https://kase.kz/api/instruments/securities/?sec_type=bond,https://kase.kz/ru/investors/bonds/aMAG_b1,False,UNAVAILABLE,UNAVAILABLE,NO_CHART,INSTRUMENT_DELISTED,0,,,0,0.0,True,
AMGGb1,,AMGGb1,AMGGb1,bond,corporate,USD,https://kase.kz/api/instruments/securities/?sec_type=bond,https://kase.kz/ru/investors/bonds/AMGGb1,False,UNAVAILABLE,UNAVAILABLE,NO_CHART,INSTRUMENT_DELISTED,0,,,0,0.0,True,
AMRLs1,,Компания специального назначения Asia Minerals Resource SPC Limited,Компания специального назначения Asia Minerals Resource SPC Limited,bond,corporate,USD,https://kase.kz/api/instruments/securities/?sec_type=bond,https://kase.kz/ru/investors/bonds/AMRLs1,True,PENDING,PARTIAL,DATA_READY,,3,2026-08-06T19:00:00,2026-08-24T19:00:00,3,1.21,True,
AMRLs2,,Компания специального назначения Asia Minerals Resource SPC Limited,Компания специального назначения Asia Minerals Resource SPC Limited,bond,corporate,KZT,https://kase.kz/api/instruments/securities/?sec_type=bond,https://kase.kz/ru/investors/bonds/AMRLs2,True,PENDING,PARTIAL,DATA_READY,,10,2026-08-09T19:00:00,2026-08-27T19:00:00,10,4.03,True,
AOILe1,,5A OIL (5А ОИЛ),5A OIL (5А ОИЛ),bond,corporate,USD,https://kase.kz/api/instruments/securities/?sec_type=bond,https://kase.kz/ru/investors/bonds/AOILe1,False,UNAVAILABLE,UNAVAILABLE,NO_CHART,INSTRUMENT_DELISTED,0,,,0,0.0,True,
AONEpp1,,AVC Production,AVC Production,bond,corporate,KZT,https://kase.kz/api/instruments/securities/?sec_type=bond,https://kase.kz/ru/investors/bonds/AONEpp1,True,PENDING,UNAVAILABLE,NO_HISTORY,NO_PUBLIC_HISTORY,0,,,0,0.0,True,
aPDENb1,,ПАВЛОДАРЭНЕРГО,ПАВЛОДАРЭНЕРГО,bond,corporate,KZT,https://kase.kz/api/instruments/securities/?sec_type=bond,https://kase.kz/ru/investors/bonds/aPDENb1,False,UNAVAILABLE,UNAVAILABLE,NO_CHART,INSTRUMENT_DELISTED,0,,,0,0.0,True,
APKIb1,,АПК-Инвест,АПК-Инвест,bond,corporate,KZT,https://kase.kz/api/instruments/securities/?sec_type=bond,https://kase.kz/ru/investors/bonds/APKIb1,False,UNAVAILABLE,UNAVAILABLE,NO_CHART,INSTRUMENT_DELISTED,0,,,0,0.0,True,
APKIb2,,АПК-Инвест,АПК-Инвест,bond,corporate,KZT,https://kase.kz/api/instruments/securities/?sec_type=bond,https://kase.kz/ru/investors/bonds/APKIb2,False,UNAVAILABLE,UNAVAILABLE,NO_CHART,INSTRUMENT_DELISTED,0,,,0,0.0,True,
APKIb3,,АПК-Инвест,АПК-Инвест,bond,corporate,KZT,https://kase.kz/api/instruments/securities/?sec_type=bond,https://kase.kz/ru/investors/bonds/APKIb3,False,UNAVAILABLE,UNAVAILABLE,NO_CHART,INSTRUMENT_DELISTED,0,,,0,0.0,True,
APKIb4,,АПК-Инвест,АПК-Инвест,bond,corporate,KZT,https://kase.kz/api/instruments/securities/?sec_type=bond,https://kase.kz/ru/investors/bonds/APKIb4,False,UNAVAILABLE,UNAVAILABLE,NO_CHART,INSTRUMENT_DELISTED,0,,,0,0.0,True,
APKIb5,,АПК-Инвест,АПК-Инвест,bond,corporate,KZT,https://kase.kz/api/instruments/securities/?sec_type=bond,https://kase.kz/ru/investors/bonds/APKIb5,False,UNAVAILABLE,UNAVAILABLE,NO_CHART,INSTRUMENT_DELISTED,0,,,0,0.0,True,
APKIb6,,АПК-Инвест,АПК-Инвест,bond,corporate,KZT,https://kase.kz/api/instruments/securities/?sec_type=bond,https://kase.kz/ru/investors/bonds/APKIb6,False,UNAVAILABLE,UNAVAILABLE,NO_CHART,INSTRUMENT_DELISTED,0,,,0,0.0,True,
APKIb7,,АПК-Инвест,АПК-Инвест,bond,corporate,KZT,https://kase.kz/api/instruments/securities/?sec_type=bond,https://kase.kz/ru/investors/bonds/APKIb7,False,UNAVAILABLE,UNAVAILABLE,NO_CHART,INSTRUMENT_DELISTED,0,,,0,0.0,True,
APKIb8,,АПК-Инвест,АПК-Инвест,bond,corporate,KZT,https://kase.kz/api/instruments/securities/?sec_type=bond,https://kase.kz/ru/investors/bonds/APKIb8,False,UNAVAILABLE,UNAVAILABLE,NO_CHART,INSTRUMENT_DELISTED,0,,,0,0.0,True,
ARCDpp1,,АРКАДА ИНДАСТРИ,АРКАДА ИНДАСТРИ,bond,corporate,KZT,https://kase.kz/api/instruments/securities/?sec_type=bond,https://kase.kz/ru/investors/bonds/ARCDpp1,True,PENDING,UNAVAILABLE,NO_HISTORY,NO_PUBLIC_HISTORY,0,,,0,0.0,True,
ARCDpp2,,АРКАДА ИНДАСТРИ,АРКАДА ИНДАСТРИ,bond,corporate,KZT,https://kase.kz/api/instruments/securities/?sec_type=bond,https://kase.kz/ru/investors/bonds/ARCDpp2,True,PENDING,UNAVAILABLE,NO_HISTORY,NO_PUBLIC_HISTORY,0,,,0,0.0,True,
ARCDpp3,,АРКАДА ИНДАСТРИ,АРКАДА ИНДАСТРИ,bond,corporate,KZT,https://kase.kz/api/instruments/securities/?sec_type=bond,https://kase.kz/ru/investors/bonds/ARCDpp3,True,PENDING,UNAVAILABLE,NO_HISTORY,NO_PUBLIC_HISTORY,0,,,0,0.0,True,
ARCDpp4,,АРКАДА ИНДАСТРИ,АРКАДА ИНДАСТРИ,bond,corporate,KZT,https://kase.kz/api/instruments/securities/?sec_type=bond,https://kase.kz/ru/investors/bonds/ARCDpp4,True,PENDING,UNAVAILABLE,NO_HISTORY,NO_PUBLIC_HISTORY,0,,,0,0.0,True,
ARCDpp5,,АРКАДА ИНДАСТРИ,АРКАДА ИНДАСТРИ,bond,corporate,KZT,https://kase.kz/api/instruments/securities/?sec_type=bond,https://kase.kz/ru/investors/bonds/ARCDpp5,True,PENDING,UNAVAILABLE,NO_HISTORY,NO_PUBLIC_HISTORY,0,,,0,0.0,True,
aREALb1,,REAL-INVEST,REAL-INVEST,bond,corporate,KZT,https://kase.kz/api/instruments/securities/?sec_type=bond,https://kase.kz/ru/investors/bonds/aREALb1,False,UNAVAILABLE,UNAVAILABLE,NO_CHART,INSTRUMENT_DELISTED,0,,,0,0.0,True,
aRESCb1,,aRESCb1,aRESCb1,bond,corporate,KZT,https://kase.kz/api/instruments/securities/?sec_type=bond,https://kase.kz/ru/investors/bonds/aRESCb1,False,UNAVAILABLE,UNAVAILABLE,NO_CHART,INSTRUMENT_DELISTED,0,,,0,0.0,True,
ARMAb1,,Арма-Сервис,Арма-Сервис,bond,corporate,KZT,https://kase.kz/api/instruments/securities/?sec_type=bond,https://kase.kz/ru/investors/bonds/ARMAb1,True,PENDING,UNAVAILABLE,NO_HISTORY,NO_PUBLIC_HISTORY,0,,,0,0.0,True,
ARNAb1,,ARNAb1,ARNAb1,bond,corporate,KZT,https://kase.kz/api/instruments/securities/?sec_type=bond,https://kase.kz/ru/investors/bonds/ARNAb1,False,UNAVAILABLE,UNAVAILABLE,NO_CHART,INSTRUMENT_DELISTED,0,,,0,0.0,True,
ARSAb1,,Аэропорт Сары-Арка,Аэропорт Сары-Арка,bond,corporate,KZT,https://kase.kz/api/instruments/securities/?sec_type=bond,https://kase.kz/ru/investors/bonds/ARSAb1,False,UNAVAILABLE,UNAVAILABLE,NO_CHART,INSTRUMENT_DELISTED,0,,,0,0.0,True,
ARSApp1,,Аэропорт Сары-Арка,Аэропорт Сары-Арка,bond,corporate,USD,https://kase.kz/api/instruments/securities/?sec_type=bond,https://kase.kz/ru/investors/bonds/ARSApp1,True,PENDING,UNAVAILABLE,NO_HISTORY,NO_PUBLIC_HISTORY,0,,,0,0.0,True,
ARWAb1,,ARLAN WAGONS,ARLAN WAGONS,bond,corporate,KZT,https://kase.kz/api/instruments/securities/?sec_type=bond,https://kase.kz/ru/investors/bonds/ARWAb1,False,UNAVAILABLE,UNAVAILABLE,NO_CHART,INSTRUMENT_DELISTED,0,,,0,0.0,True,
ARWAb2,,ARLAN WAGONS,ARLAN WAGONS,bond,corporate,KZT,https://kase.kz/api/instruments/securities/?sec_type=bond,https://kase.kz/ru/investors/bonds/ARWAb2,False,UNAVAILABLE,UNAVAILABLE,NO_CHART,INSTRUMENT_DELISTED,0,,,0,0.0,True,
ASAVb1,,АЗИЯ АВТО,АЗИЯ АВТО,bond,corporate,KZT,https://kase.kz/api/instruments/securities/?sec_type=bond,https://kase.kz/ru/investors/bonds/ASAVb1,False,UNAVAILABLE,UNAVAILABLE,NO_CHART,INSTRUMENT_DELISTED,0,,,0,0.0,True,
ASAVb2,,АЗИЯ АВТО,АЗИЯ АВТО,bond,corporate,KZT,https://kase.kz/api/instruments/securities/?sec_type=bond,https://kase.kz/ru/investors/bonds/ASAVb2,False,UNAVAILABLE,UNAVAILABLE,NO_CHART,INSTRUMENT_DELISTED,0,,,0,0.0,True,
ASBLb1,,Asia Bell,Asia Bell,bond,corporate,KZT,https://kase.kz/api/instruments/securities/?sec_type=bond,https://kase.kz/ru/investors/bonds/ASBLb1,True,PENDING,PARTIAL,DATA_READY,,21,2025-09-01T19:00:00,2026-08-25T19:00:00,21,8.47,True,
ASBNb1,,ForteBank,ForteBank,bond,corporate,USD,https://kase.kz/api/instruments/securities/?sec_type=bond,https://kase.kz/ru/investors/bonds/ASBNb1,False,UNAVAILABLE,UNAVAILABLE,NO_CHART,INSTRUMENT_DELISTED,0,,,0,0.0,True,
ASBNb10,,ForteBank,ForteBank,bond,corporate,KZT,https://kase.kz/api/instruments/securities/?sec_type=bond,https://kase.kz/ru/investors/bonds/ASBNb10,False,UNAVAILABLE,UNAVAILABLE,NO_CHART,INSTRUMENT_DELISTED,0,,,0,0.0,True,
ASBNb12,,ForteBank,ForteBank,bond,corporate,KZT,https://kase.kz/api/instruments/securities/?sec_type=bond,https://kase.kz/ru/investors/bonds/ASBNb12,False,UNAVAILABLE,UNAVAILABLE,NO_CHART,INSTRUMENT_DELISTED,0,,,0,0.0,True,
ASBNb13,,ForteBank,ForteBank,bond,corporate,KZT,https://kase.kz/api/instruments/securities/?sec_type=bond,https://kase.kz/ru/investors/bonds/ASBNb13,False,UNAVAILABLE,UNAVAILABLE,NO_CHART,INSTRUMENT_DELISTED,0,,,0,0.0,True,
ASBNb14,,ForteBank,ForteBank,bond,corporate,KZT,https://kase.kz/api/instruments/securities/?sec_type=bond,https://kase.kz/ru/investors/bonds/ASBNb14,False,UNAVAILABLE,UNAVAILABLE,NO_CHART,INSTRUMENT_DELISTED,0,,,0,0.0,True,
ASBNb15,,ForteBank,ForteBank,bond,corporate,KZT,https://kase.kz/api/instruments/securities/?sec_type=bond,https://kase.kz/ru/investors/bonds/ASBNb15,False,UNAVAILABLE,UNAVAILABLE,NO_CHART,INSTRUMENT_DELISTED,0,,,0,0.0,True,
ASBNb16,,ForteBank,ForteBank,bond,corporate,KZT,https://kase.kz/api/instruments/securities/?sec_type=bond,https://kase.kz/ru/investors/bonds/ASBNb16,False,UNAVAILABLE,UNAVAILABLE,NO_CHART,INSTRUMENT_DELISTED,0,,,0,0.0,True,
ASBNb17,,ForteBank,ForteBank,bond,corporate,KZT,https://kase.kz/api/instruments/securities/?sec_type=bond,https://kase.kz/ru/investors/bonds/ASBNb17,False,UNAVAILABLE,UNAVAILABLE,NO_CHART,INSTRUMENT_DELISTED,0,,,0,0.0,True,
ASBNb18,,ForteBank,ForteBank,bond,corporate,KZT,https://kase.kz/api/instruments/securities/?sec_type=bond,https://kase.kz/ru/investors/bonds/ASBNb18,False,UNAVAILABLE,UNAVAILABLE,NO_CHART,INSTRUMENT_DELISTED,0,,,0,0.0,True,
ASBNb19,,ForteBank,ForteBank,bond,corporate,KZT,https://kase.kz/api/instruments/securities/?sec_type=bond,https://kase.kz/ru/investors/bonds/ASBNb19,False,UNAVAILABLE,UNAVAILABLE,NO_CHART,INSTRUMENT_DELISTED,0,,,0,0.0,True,
ASBNb2,,ForteBank,ForteBank,bond,corporate,USD,https://kase.kz/api/instruments/securities/?sec_type=bond,https://kase.kz/ru/investors/bonds/ASBNb2,False,UNAVAILABLE,UNAVAILABLE,NO_CHART,INSTRUMENT_DELISTED,0,,,0,0.0,True,
ASBNb20,,ForteBank,ForteBank,bond,corporate,KZT,https://kase.kz/api/instruments/securities/?sec_type=bond,https://kase.kz/ru/investors/bonds/ASBNb20,False,UNAVAILABLE,UNAVAILABLE,NO_CHART,INSTRUMENT_DELISTED,0,,,0,0.0,True,
ASBNb21,,ForteBank,ForteBank,bond,corporate,KZT,https://kase.kz/api/instruments/securities/?sec_type=bond,https://kase.kz/ru/investors/bonds/ASBNb21,False,UNAVAILABLE,UNAVAILABLE,NO_CHART,INSTRUMENT_DELISTED,0,,,0,0.0,True,
ASBNb22,,ForteBank,ForteBank,bond,corporate,KZT,https://kase.kz/api/instruments/securities/?sec_type=bond,https://kase.kz/ru/investors/bonds/ASBNb22,False,UNAVAILABLE,UNAVAILABLE,NO_CHART,INSTRUMENT_DELISTED,0,,,0,0.0,True,
ASBNb23,,ForteBank,ForteBank,bond,corporate,KZT,https://kase.kz/api/instruments/securities/?sec_type=bond,https://kase.kz/ru/investors/bonds/ASBNb23,False,UNAVAILABLE,UNAVAILABLE,NO_CHART,INSTRUMENT_DELISTED,0,,,0,0.0,True,
ASBNb24,,ForteBank,ForteBank,bond,corporate,KZT,https://kase.kz/api/instruments/securities/?sec_type=bond,https://kase.kz/ru/investors/bonds/ASBNb24,False,UNAVAILABLE,UNAVAILABLE,NO_CHART,INSTRUMENT_DELISTED,0,,,0,0.0,True,
ASBNb27,,ForteBank,ForteBank,bond,corporate,KZT,https://kase.kz/api/instruments/securities/?sec_type=bond,https://kase.kz/ru/investors/bonds/ASBNb27,False,UNAVAILABLE,UNAVAILABLE,NO_CHART,INSTRUMENT_DELISTED,0,,,0,0.0,True,
ASBNb28,,ForteBank,ForteBank,bond,corporate,KZT,https://kase.kz/api/instruments/securities/?sec_type=bond,https://kase.kz/ru/investors/bonds/ASBNb28,True,PENDING,UNAVAILABLE,NO_HISTORY,NO_PUBLIC_HISTORY,0,,,0,0.0,True,
ASBNb29,,ForteBank,ForteBank,bond,corporate,KZT,https://kase.kz/api/instruments/securities/?sec_type=bond,https://kase.kz/ru/investors/bonds/ASBNb29,True,PENDING,UNAVAILABLE,NO_HISTORY,NO_PUBLIC_HISTORY,0,,,0,0.0,True,
ASBNb3,,ForteBank,ForteBank,bond,corporate,KZT,https://kase.kz/api/instruments/securities/?sec_type=bond,https://kase.kz/ru/investors/bonds/ASBNb3,False,UNAVAILABLE,UNAVAILABLE,NO_CHART,INSTRUMENT_DELISTED,0,,,0,0.0,True,
ASBNb30,,ForteBank,ForteBank,bond,corporate,KZT,https://kase.kz/api/instruments/securities/?sec_type=bond,https://kase.kz/ru/investors/bonds/ASBNb30,False,UNAVAILABLE,UNAVAILABLE,NO_CHART,INSTRUMENT_DELISTED,0,,,0,0.0,True,
ASBNb4,,ForteBank,ForteBank,bond,corporate,KZT,https://kase.kz/api/instruments/securities/?sec_type=bond,https://kase.kz/ru/investors/bonds/ASBNb4,False,UNAVAILABLE,UNAVAILABLE,NO_CHART,INSTRUMENT_DELISTED,0,,,0,0.0,True,
ASBNb5,,ForteBank,ForteBank,bond,corporate,KZT,https://kase.kz/api/instruments/securities/?sec_type=bond,https://kase.kz/ru/investors/bonds/ASBNb5,False,UNAVAILABLE,UNAVAILABLE,NO_CHART,INSTRUMENT_DELISTED,0,,,0,0.0,True,
ASBNb6,,ForteBank,ForteBank,bond,corporate,KZT,https://kase.kz/api/instruments/securities/?sec_type=bond,https://kase.kz/ru/investors/bonds/ASBNb6,False,UNAVAILABLE,UNAVAILABLE,NO_CHART,INSTRUMENT_DELISTED,0,,,0,0.0,True,
ASBNb7,,ForteBank,ForteBank,bond,corporate,KZT,https://kase.kz/api/instruments/securities/?sec_type=bond,https://kase.kz/ru/investors/bonds/ASBNb7,False,UNAVAILABLE,UNAVAILABLE,NO_CHART,INSTRUMENT_DELISTED,0,,,0,0.0,True,
ASBNb8,,ForteBank,ForteBank,bond,corporate,KZT,https://kase.kz/api/instruments/securities/?sec_type=bond,https://kase.kz/ru/investors/bonds/ASBNb8,False,UNAVAILABLE,UNAVAILABLE,NO_CHART,INSTRUMENT_DELISTED,0,,,0,0.0,True,
ASBNb9,,ForteBank,ForteBank,bond,corporate,KZT,https://kase.kz/api/instruments/securities/?sec_type=bond,https://kase.kz/ru/investors/bonds/ASBNb9,False,UNAVAILABLE,UNAVAILABLE,NO_CHART,INSTRUMENT_DELISTED,0,,,0,0.0,True,
ASBNe1,,ForteBank,ForteBank,bond,corporate,USD,https://kase.kz/api/instruments/securities/?sec_type=bond,https://kase.kz/ru/investors/bonds/ASBNe1,False,UNAVAILABLE,UNAVAILABLE,NO_CHART,INSTRUMENT_DELISTED,0,,,0,0.0,True,
ASBNe10,,ForteBank,ForteBank,bond,corporate,USD,https://kase.kz/api/instruments/securities/?sec_type=bond,https://kase.kz/ru/investors/bonds/ASBNe10,False,UNAVAILABLE,UNAVAILABLE,NO_CHART,INSTRUMENT_DELISTED,0,,,0,0.0,True,
ASBNe11,,ForteBank,ForteBank,bond,corporate,USD,https://kase.kz/api/instruments/securities/?sec_type=bond,https://kase.kz/ru/investors/bonds/ASBNe11,False,UNAVAILABLE,UNAVAILABLE,NO_CHART,INSTRUMENT_DELISTED,0,,,0,0.0,True,
ASBNe12,,ForteBank,ForteBank,bond,corporate,KZT,https://kase.kz/api/instruments/securities/?sec_type=bond,https://kase.kz/ru/investors/bonds/ASBNe12,False,UNAVAILABLE,UNAVAILABLE,NO_CHART,INSTRUMENT_DELISTED,0,,,0,0.0,True,
ASBNe13,,ForteBank,ForteBank,bond,corporate,KZT,https://kase.kz/api/instruments/securities/?sec_type=bond,https://kase.kz/ru/investors/bonds/ASBNe13,True,PENDING,UNAVAILABLE,NO_HISTORY,NO_PUBLIC_HISTORY,0,,,0,0.0,True,
ASBNe14,,ForteBank,ForteBank,bond,corporate,KZT,https://kase.kz/api/instruments/securities/?sec_type=bond,https://kase.kz/ru/investors/bonds/ASBNe14,False,UNAVAILABLE,UNAVAILABLE,NO_CHART,INSTRUMENT_DELISTED,0,,,0,0.0,True,
ASBNe2,,ASBNe2,ASBNe2,bond,corporate,USD,https://kase.kz/api/instruments/securities/?sec_type=bond,https://kase.kz/ru/investors/bonds/ASBNe2,False,UNAVAILABLE,UNAVAILABLE,NO_CHART,INSTRUMENT_DELISTED,0,,,0,0.0,True,
ASBNe3,,ASBNe3,ASBNe3,bond,corporate,USD,https://kase.kz/api/instruments/securities/?sec_type=bond,https://kase.kz/ru/investors/bonds/ASBNe3,True,PENDING,UNAVAILABLE,NO_HISTORY,NO_PUBLIC_HISTORY,0,,,0,0.0,True,
ASBNe8,,ForteBank,ForteBank,bond,corporate,USD,https://kase.kz/api/instruments/securities/?sec_type=bond,https://kase.kz/ru/investors/bonds/ASBNe8,False,UNAVAILABLE,UNAVAILABLE,NO_CHART,INSTRUMENT_DELISTED,0,,,0,0.0,True,
ASBNe9,,ForteBank,ForteBank,bond,corporate,KZT,https://kase.kz/api/instruments/securities/?sec_type=bond,https://kase.kz/ru/investors/bonds/ASBNe9,False,UNAVAILABLE,UNAVAILABLE,NO_CHART,INSTRUMENT_DELISTED,0,,,0,0.0,True,
ASDBe1,,Азиатский банк развития,Азиатский банк развития,bond,international,KZT,https://kase.kz/api/instruments/securities/?sec_type=bond,https://kase.kz/ru/investors/bonds/ASDBe1,False,UNAVAILABLE,UNAVAILABLE,NO_CHART,INSTRUMENT_DELISTED,0,,,0,0.0,True,
ASDBe10,,Азиатский банк развития,Азиатский банк развития,bond,international,KZT,https://kase.kz/api/instruments/securities/?sec_type=bond,https://kase.kz/ru/investors/bonds/ASDBe10,False,UNAVAILABLE,UNAVAILABLE,NO_CHART,INSTRUMENT_DELISTED,0,,,0,0.0,True,
ASDBe11,,Азиатский банк развития,Азиатский банк развития,bond,international,KZT,https://kase.kz/api/instruments/securities/?sec_type=bond,https://kase.kz/ru/investors/bonds/ASDBe11,False,UNAVAILABLE,UNAVAILABLE,NO_CHART,INSTRUMENT_DELISTED,0,,,0,0.0,True,
ASDBe12,,Азиатский банк развития,Азиатский банк развития,bond,international,KZT,https://kase.kz/api/instruments/securities/?sec_type=bond,https://kase.kz/ru/investors/bonds/ASDBe12,False,UNAVAILABLE,UNAVAILABLE,NO_CHART,INSTRUMENT_DELISTED,0,,,0,0.0,True,
ASDBe13,,Азиатский банк развития,Азиатский банк развития,bond,international,KZT,https://kase.kz/api/instruments/securities/?sec_type=bond,https://kase.kz/ru/investors/bonds/ASDBe13,False,UNAVAILABLE,UNAVAILABLE,NO_CHART,INSTRUMENT_DELISTED,0,,,0,0.0,True,
ASDBe14,,Азиатский банк развития,Азиатский банк развития,bond,international,KZT,https://kase.kz/api/instruments/securities/?sec_type=bond,https://kase.kz/ru/investors/bonds/ASDBe14,False,UNAVAILABLE,UNAVAILABLE,NO_CHART,INSTRUMENT_DELISTED,0,,,0,0.0,True,
ASDBe15,,Азиатский банк развития,Азиатский банк развития,bond,international,KZT,https://kase.kz/api/instruments/securities/?sec_type=bond,https://kase.kz/ru/investors/bonds/ASDBe15,True,PENDING,UNAVAILABLE,NO_HISTORY,NO_PUBLIC_HISTORY,0,,,0,0.0,True,
ASDBe16,,Азиатский банк развития,Азиатский банк развития,bond,international,USD,https://kase.kz/api/instruments/securities/?sec_type=bond,https://kase.kz/ru/investors/bonds/ASDBe16,False,UNAVAILABLE,UNAVAILABLE,NO_CHART,INSTRUMENT_DELISTED,0,,,0,0.0,True,
ASDBe17,,Азиатский банк развития,Азиатский банк развития,bond,international,USD,https://kase.kz/api/instruments/securities/?sec_type=bond,https://kase.kz/ru/investors/bonds/ASDBe17,True,PENDING,UNAVAILABLE,NO_HISTORY,NO_PUBLIC_HISTORY,0,,,0,0.0,True,
ASDBe18,,Азиатский банк развития,Азиатский банк развития,bond,international,USD,https://kase.kz/api/instruments/securities/?sec_type=bond,https://kase.kz/ru/investors/bonds/ASDBe18,True,PENDING,UNAVAILABLE,NO_HISTORY,NO_PUBLIC_HISTORY,0,,,0,0.0,True,
ASDBe19,,Азиатский банк развития,Азиатский банк развития,bond,international,KZT,https://kase.kz/api/instruments/securities/?sec_type=bond,https://kase.kz/ru/investors/bonds/ASDBe19,True,PENDING,UNAVAILABLE,NO_HISTORY,NO_PUBLIC_HISTORY,0,,,0,0.0,True,
ASDBe2,,Азиатский банк развития,Азиатский банк развития,bond,international,KZT,https://kase.kz/api/instruments/securities/?sec_type=bond,https://kase.kz/ru/investors/bonds/ASDBe2,False,UNAVAILABLE,UNAVAILABLE,NO_CHART,INSTRUMENT_DELISTED,0,,,0,0.0,True,
ASDBe20,,Азиатский банк развития,Азиатский банк развития,bond,international,KZT,https://kase.kz/api/instruments/securities/?sec_type=bond,https://kase.kz/ru/investors/bonds/ASDBe20,True,PENDING,UNAVAILABLE,NO_HISTORY,NO_PUBLIC_HISTORY,0,,,0,0.0,True,
ASDBe21,,Азиатский банк развития,Азиатский банк развития,bond,international,KZT,https://kase.kz/api/instruments/securities/?sec_type=bond,https://kase.kz/ru/investors/bonds/ASDBe21,True,PENDING,UNAVAILABLE,NO_HISTORY,NO_PUBLIC_HISTORY,0,,,0,0.0,True,
ASDBe22,,Азиатский банк развития,Азиатский банк развития,bond,international,KZT,https://kase.kz/api/instruments/securities/?sec_type=bond,https://kase.kz/ru/investors/bonds/ASDBe22,True,PENDING,UNAVAILABLE,NO_HISTORY,NO_PUBLIC_HISTORY,0,,,0,0.0,True,
ASDBe23,,Азиатский банк развития,Азиатский банк развития,bond,international,KZT,https://kase.kz/api/instruments/securities/?sec_type=bond,https://kase.kz/ru/investors/bonds/ASDBe23,True,PENDING,PARTIAL,DATA_READY,,2,2025-12-11T19:00:00,2026-02-17T19:00:00,2,0.81,True,
ASDBe24,,Азиатский банк развития,Азиатский банк развития,bond,international,KZT,https://kase.kz/api/instruments/securities/?sec_type=bond,https://kase.kz/ru/investors/bonds/ASDBe24,True,PENDING,UNAVAILABLE,NO_HISTORY,NO_PUBLIC_HISTORY,0,,,0,0.0,True,
ASDBe25,,Азиатский банк развития,Азиатский банк развития,bond,international,KZT,https://kase.kz/api/instruments/securities/?sec_type=bond,https://kase.kz/ru/investors/bonds/ASDBe25,True,PENDING,UNAVAILABLE,NO_HISTORY,NO_PUBLIC_HISTORY,0,,,0,0.0,True,
ASDBe26,,Азиатский банк развития,Азиатский банк развития,bond,international,KZT,https://kase.kz/api/instruments/securities/?sec_type=bond,https://kase.kz/ru/investors/bonds/ASDBe26,True,PENDING,UNAVAILABLE,NO_HISTORY,NO_PUBLIC_HISTORY,0,,,0,0.0,True,
ASDBe3,,Азиатский банк развития,Азиатский банк развития,bond,international,KZT,https://kase.kz/api/instruments/securities/?sec_type=bond,https://kase.kz/ru/investors/bonds/ASDBe3,False,UNAVAILABLE,UNAVAILABLE,NO_CHART,INSTRUMENT_DELISTED,0,,,0,0.0,True,
ASDBe4,,Азиатский банк развития,Азиатский банк развития,bond,international,KZT,https://kase.kz/api/instruments/securities/?sec_type=bond,https://kase.kz/ru/investors/bonds/ASDBe4,False,UNAVAILABLE,UNAVAILABLE,NO_CHART,INSTRUMENT_DELISTED,0,,,0,0.0,True,
ASDBe5,,Азиатский банк развития,Азиатский банк развития,bond,international,KZT,https://kase.kz/api/instruments/securities/?sec_type=bond,https://kase.kz/ru/investors/bonds/ASDBe5,False,UNAVAILABLE,UNAVAILABLE,NO_CHART,INSTRUMENT_DELISTED,0,,,0,0.0,True,
ASDBe6,,Азиатский банк развития,Азиатский банк развития,bond,international,KZT,https://kase.kz/api/instruments/securities/?sec_type=bond,https://kase.kz/ru/investors/bonds/ASDBe6,True,PENDING,UNAVAILABLE,NO_HISTORY,NO_PUBLIC_HISTORY,0,,,0,0.0,True,
ASDBe7,,Азиатский банк развития,Азиатский банк развития,bond,international,KZT,https://kase.kz/api/instruments/securities/?sec_type=bond,https://kase.kz/ru/investors/bonds/ASDBe7,False,UNAVAILABLE,UNAVAILABLE,NO_CHART,INSTRUMENT_DELISTED,0,,,0,0.0,True,
ASDBe8,,Азиатский банк развития,Азиатский банк развития,bond,international,KZT,https://kase.kz/api/instruments/securities/?sec_type=bond,https://kase.kz/ru/investors/bonds/ASDBe8,True,PENDING,UNAVAILABLE,NO_HISTORY,NO_PUBLIC_HISTORY,0,,,0,0.0,True,
ASDBe9,,Азиатский банк развития,Азиатский банк развития,bond,international,KZT,https://kase.kz/api/instruments/securities/?sec_type=bond,https://kase.kz/ru/investors/bonds/ASDBe9,True,PENDING,UNAVAILABLE,NO_HISTORY,NO_PUBLIC_HISTORY,0,,,0,0.0,True,
ASELb1,,ASELb1,ASELb1,bond,corporate,KZT,https://kase.kz/api/instruments/securities/?sec_type=bond,https://kase.kz/ru/investors/bonds/ASELb1,False,UNAVAILABLE,UNAVAILABLE,NO_CHART,INSTRUMENT_DELISTED,0,,,0,0.0,True,
ASFIb1,,ASFIb1,ASFIb1,bond,corporate,USD,https://kase.kz/api/instruments/securities/?sec_type=bond,https://kase.kz/ru/investors/bonds/ASFIb1,False,UNAVAILABLE,UNAVAILABLE,NO_CHART,INSTRUMENT_DELISTED,0,,,0,0.0,True,
ASFIb10,,ASFIb10,ASFIb10,bond,corporate,KZT,https://kase.kz/api/instruments/securities/?sec_type=bond,https://kase.kz/ru/investors/bonds/ASFIb10,False,UNAVAILABLE,UNAVAILABLE,NO_CHART,INSTRUMENT_DELISTED,0,,,0,0.0,True,
ASFIb11,,ASFIb11,ASFIb11,bond,corporate,KZT,https://kase.kz/api/instruments/securities/?sec_type=bond,https://kase.kz/ru/investors/bonds/ASFIb11,False,UNAVAILABLE,UNAVAILABLE,NO_CHART,INSTRUMENT_DELISTED,0,,,0,0.0,True,
ASFIb12,,ASFIb12,ASFIb12,bond,corporate,KZT,https://kase.kz/api/instruments/securities/?sec_type=bond,https://kase.kz/ru/investors/bonds/ASFIb12,False,UNAVAILABLE,UNAVAILABLE,NO_CHART,INSTRUMENT_DELISTED,0,,,0,0.0,True,
ASFIb13,,ASFIb13,ASFIb13,bond,corporate,EUR,https://kase.kz/api/instruments/securities/?sec_type=bond,https://kase.kz/ru/investors/bonds/ASFIb13,False,UNAVAILABLE,UNAVAILABLE,NO_CHART,INSTRUMENT_DELISTED,0,,,0,0.0,True,
ASFIb14,,ASFIb14,ASFIb14,bond,corporate,USD,https://kase.kz/api/instruments/securities/?sec_type=bond,https://kase.kz/ru/investors/bonds/ASFIb14,False,UNAVAILABLE,UNAVAILABLE,NO_CHART,INSTRUMENT_DELISTED,0,,,0,0.0,True,
ASFIb15,,ASFIb15,ASFIb15,bond,corporate,KZT,https://kase.kz/api/instruments/securities/?sec_type=bond,https://kase.kz/ru/investors/bonds/ASFIb15,False,UNAVAILABLE,UNAVAILABLE,NO_CHART,INSTRUMENT_DELISTED,0,,,0,0.0,True,
ASFIb16,,ASFIb16,ASFIb16,bond,corporate,KZT,https://kase.kz/api/instruments/securities/?sec_type=bond,https://kase.kz/ru/investors/bonds/ASFIb16,False,UNAVAILABLE,UNAVAILABLE,NO_CHART,INSTRUMENT_DELISTED,0,,,0,0.0,True,
ASFIb17,,ASFIb17,ASFIb17,bond,corporate,USD,https://kase.kz/api/instruments/securities/?sec_type=bond,https://kase.kz/ru/investors/bonds/ASFIb17,False,UNAVAILABLE,UNAVAILABLE,NO_CHART,INSTRUMENT_DELISTED,0,,,0,0.0,True,
ASFIb18,,ASFIb18,ASFIb18,bond,corporate,EUR,https://kase.kz/api/instruments/securities/?sec_type=bond,https://kase.kz/ru/investors/bonds/ASFIb18,False,UNAVAILABLE,UNAVAILABLE,NO_CHART,INSTRUMENT_DELISTED,0,,,0,0.0,True,
ASFIb19,,ASFIb19,ASFIb19,bond,corporate,EUR,https://kase.kz/api/instruments/securities/?sec_type=bond,https://kase.kz/ru/investors/bonds/ASFIb19,False,UNAVAILABLE,UNAVAILABLE,NO_CHART,INSTRUMENT_DELISTED,0,,,0,0.0,True,
ASFIb2,,ASFIb2,ASFIb2,bond,corporate,USD,https://kase.kz/api/instruments/securities/?sec_type=bond,https://kase.kz/ru/investors/bonds/ASFIb2,False,UNAVAILABLE,UNAVAILABLE,NO_CHART,INSTRUMENT_DELISTED,0,,,0,0.0,True,
ASFIb21,,ASFIb21,ASFIb21,bond,corporate,USD,https://kase.kz/api/instruments/securities/?sec_type=bond,https://kase.kz/ru/investors/bonds/ASFIb21,False,UNAVAILABLE,UNAVAILABLE,NO_CHART,INSTRUMENT_DELISTED,0,,,0,0.0,True,
ASFIb22,,ASFIb22,ASFIb22,bond,corporate,KZT,https://kase.kz/api/instruments/securities/?sec_type=bond,https://kase.kz/ru/investors/bonds/ASFIb22,False,UNAVAILABLE,UNAVAILABLE,NO_CHART,INSTRUMENT_DELISTED,0,,,0,0.0,True,
ASFIb23,,ASFIb23,ASFIb23,bond,corporate,KZT,https://kase.kz/api/instruments/securities/?sec_type=bond,https://kase.kz/ru/investors/bonds/ASFIb23,False,UNAVAILABLE,UNAVAILABLE,NO_CHART,INSTRUMENT_DELISTED,0,,,0,0.0,True,
ASFIb24,,ASFIb24,ASFIb24,bond,corporate,KZT,https://kase.kz/api/instruments/securities/?sec_type=bond,https://kase.kz/ru/investors/bonds/ASFIb24,False,UNAVAILABLE,UNAVAILABLE,NO_CHART,INSTRUMENT_DELISTED,0,,,0,0.0,True,
ASFIb3,,ASFIb3,ASFIb3,bond,corporate,USD,https://kase.kz/api/instruments/securities/?sec_type=bond,https://kase.kz/ru/investors/bonds/ASFIb3,False,UNAVAILABLE,UNAVAILABLE,NO_CHART,INSTRUMENT_DELISTED,0,,,0,0.0,True,
ASFIb4,,ASFIb4,ASFIb4,bond,corporate,KZT,https://kase.kz/api/instruments/securities/?sec_type=bond,https://kase.kz/ru/investors/bonds/ASFIb4,False,UNAVAILABLE,UNAVAILABLE,NO_CHART,INSTRUMENT_DELISTED,0,,,0,0.0,True,
ASFIb5,,ASFIb5,ASFIb5,bond,corporate,KZT,https://kase.kz/api/instruments/securities/?sec_type=bond,https://kase.kz/ru/investors/bonds/ASFIb5,False,UNAVAILABLE,UNAVAILABLE,NO_CHART,INSTRUMENT_DELISTED,0,,,0,0.0,True,
ASFIb6,,ASFIb6,ASFIb6,bond,corporate,KZT,https://kase.kz/api/instruments/securities/?sec_type=bond,https://kase.kz/ru/investors/bonds/ASFIb6,False,UNAVAILABLE,UNAVAILABLE,NO_CHART,INSTRUMENT_DELISTED,0,,,0,0.0,True,
ASFIb7,,ASFIb7,ASFIb7,bond,corporate,KZT,https://kase.kz/api/instruments/securities/?sec_type=bond,https://kase.kz/ru/investors/bonds/ASFIb7,False,UNAVAILABLE,UNAVAILABLE,NO_CHART,INSTRUMENT_DELISTED,0,,,0,0.0,True,
ASFIb8,,ASFIb8,ASFIb8,bond,corporate,KZT,https://kase.kz/api/instruments/securities/?sec_type=bond,https://kase.kz/ru/investors/bonds/ASFIb8,False,UNAVAILABLE,UNAVAILABLE,NO_CHART,INSTRUMENT_DELISTED,0,,,0,0.0,True,
ASFIb9,,ASFIb9,ASFIb9,bond,corporate,KZT,https://kase.kz/api/instruments/securities/?sec_type=bond,https://kase.kz/ru/investors/bonds/ASFIb9,False,UNAVAILABLE,UNAVAILABLE,NO_CHART,INSTRUMENT_DELISTED,0,,,0,0.0,True,
ASKQb1,,ALTYN SAMRUK QAZAQSTAN,ALTYN SAMRUK QAZAQSTAN,bond,corporate,USD,https://kase.kz/api/instruments/securities/?sec_type=bond,https://kase.kz/ru/investors/bonds/ASKQb1,True,PENDING,PARTIAL,DATA_READY,,91,2025-09-02T19:00:00,2026-08-26T19:00:00,91,36.69,True,
ASKQb2,,ALTYN SAMRUK QAZAQSTAN,ALTYN SAMRUK QAZAQSTAN,bond,corporate,USD,https://kase.kz/api/instruments/securities/?sec_type=bond,https://kase.kz/ru/investors/bonds/ASKQb2,True,PENDING,PARTIAL,DATA_READY,,33,2026-03-15T19:00:00,2026-08-26T19:00:00,33,13.31,True,
ASNDb1,,ASNDb1,ASNDb1,bond,corporate,KZT,https://kase.kz/api/instruments/securities/?sec_type=bond,https://kase.kz/ru/investors/bonds/ASNDb1,False,UNAVAILABLE,UNAVAILABLE,NO_CHART,INSTRUMENT_DELISTED,0,,,0,0.0,True,
ASNDb2,,ASNDb2,ASNDb2,bond,corporate,KZT,https://kase.kz/api/instruments/securities/?sec_type=bond,https://kase.kz/ru/investors/bonds/ASNDb2,False,UNAVAILABLE,UNAVAILABLE,NO_CHART,INSTRUMENT_DELISTED,0,,,0,0.0,True,
ASPKpp1,,"ASIA PARK"" (""АЗИЯ ПАРК"")","ASIA PARK"" (""АЗИЯ ПАРК"")",bond,corporate,KZT,https://kase.kz/api/instruments/securities/?sec_type=bond,https://kase.kz/ru/investors/bonds/ASPKpp1,True,PENDING,UNAVAILABLE,NO_HISTORY,NO_PUBLIC_HISTORY,0,,,0,0.0,True,
ASPKpp2,,"ASIA PARK"" (""АЗИЯ ПАРК"")","ASIA PARK"" (""АЗИЯ ПАРК"")",bond,corporate,KZT,https://kase.kz/api/instruments/securities/?sec_type=bond,https://kase.kz/ru/investors/bonds/ASPKpp2,True,PENDING,UNAVAILABLE,NO_HISTORY,NO_PUBLIC_HISTORY,0,,,0,0.0,True,
ASPKpp3,,"ASIA PARK"" (""АЗИЯ ПАРК"")","ASIA PARK"" (""АЗИЯ ПАРК"")",bond,corporate,KZT,https://kase.kz/api/instruments/securities/?sec_type=bond,https://kase.kz/ru/investors/bonds/ASPKpp3,True,PENDING,UNAVAILABLE,NO_HISTORY,NO_PUBLIC_HISTORY,0,,,0,0.0,True,
ASQApp1,,Aspan Almaty Qala,Aspan Almaty Qala,bond,corporate,KZT,https://kase.kz/api/instruments/securities/?sec_type=bond,https://kase.kz/ru/investors/bonds/ASQApp1,True,PENDING,UNAVAILABLE,NO_HISTORY,NO_PUBLIC_HISTORY,0,,,0,0.0,True,
ASYLb1,,АСЫЛ-ИНВЕСТ,АСЫЛ-ИНВЕСТ,bond,corporate,KZT,https://kase.kz/api/instruments/securities/?sec_type=bond,https://kase.kz/ru/investors/bonds/ASYLb1,False,UNAVAILABLE,UNAVAILABLE,NO_CHART,INSTRUMENT_DELISTED,0,,,0,0.0,True,
ASZSb1,,ASZSb1,ASZSb1,bond,corporate,KZT,https://kase.kz/api/instruments/securities/?sec_type=bond,https://kase.kz/ru/investors/bonds/ASZSb1,False,UNAVAILABLE,UNAVAILABLE,NO_CHART,INSTRUMENT_DELISTED,0,,,0,0.0,True,
ATBNb1,,Altyn Bank,Altyn Bank,bond,corporate,KZT,https://kase.kz/api/instruments/securities/?sec_type=bond,https://kase.kz/ru/investors/bonds/ATBNb1,False,UNAVAILABLE,UNAVAILABLE,NO_CHART,INSTRUMENT_DELISTED,0,,,0,0.0,True,
ATBNb2,,Altyn Bank,Altyn Bank,bond,corporate,KZT,https://kase.kz/api/instruments/securities/?sec_type=bond,https://kase.kz/ru/investors/bonds/ATBNb2,False,UNAVAILABLE,UNAVAILABLE,NO_CHART,INSTRUMENT_DELISTED,0,,,0,0.0,True,
aTEBNb12,,Темiрбанк,Темiрбанк,bond,corporate,KZT,https://kase.kz/api/instruments/securities/?sec_type=bond,https://kase.kz/ru/investors/bonds/aTEBNb12,False,UNAVAILABLE,UNAVAILABLE,NO_CHART,INSTRUMENT_DELISTED,0,,,0,0.0,True,
aTEBNb13,,Темiрбанк,Темiрбанк,bond,corporate,KZT,https://kase.kz/api/instruments/securities/?sec_type=bond,https://kase.kz/ru/investors/bonds/aTEBNb13,False,UNAVAILABLE,UNAVAILABLE,NO_CHART,INSTRUMENT_DELISTED,0,,,0,0.0,True,
aTEBNb14,,Темiрбанк,Темiрбанк,bond,corporate,KZT,https://kase.kz/api/instruments/securities/?sec_type=bond,https://kase.kz/ru/investors/bonds/aTEBNb14,False,UNAVAILABLE,UNAVAILABLE,NO_CHART,INSTRUMENT_DELISTED,0,,,0,0.0,True,
aTEBNb15,,Темiрбанк,Темiрбанк,bond,corporate,KZT,https://kase.kz/api/instruments/securities/?sec_type=bond,https://kase.kz/ru/investors/bonds/aTEBNb15,False,UNAVAILABLE,UNAVAILABLE,NO_CHART,INSTRUMENT_DELISTED,0,,,0,0.0,True,
aTEBNb16,,Темiрбанк,Темiрбанк,bond,corporate,KZT,https://kase.kz/api/instruments/securities/?sec_type=bond,https://kase.kz/ru/investors/bonds/aTEBNb16,True,PENDING,UNAVAILABLE,NO_HISTORY,NO_PUBLIC_HISTORY,0,,,0,0.0,True,
aTEBNb17,,Темiрбанк,Темiрбанк,bond,corporate,KZT,https://kase.kz/api/instruments/securities/?sec_type=bond,https://kase.kz/ru/investors/bonds/aTEBNb17,True,PENDING,UNAVAILABLE,NO_HISTORY,NO_PUBLIC_HISTORY,0,,,0,0.0,True,
ATFBb,,АТФБанк,АТФБанк,bond,corporate,USD,https://kase.kz/api/instruments/securities/?sec_type=bond,https://kase.kz/ru/investors/bonds/ATFBb,False,UNAVAILABLE,UNAVAILABLE,NO_CHART,INSTRUMENT_DELISTED,0,,,0,0.0,True,
ATFBb10,,Alatau City Bank,Alatau City Bank,bond,corporate,KZT,https://kase.kz/api/instruments/securities/?sec_type=bond,https://kase.kz/ru/investors/bonds/ATFBb10,False,UNAVAILABLE,UNAVAILABLE,NO_CHART,INSTRUMENT_DELISTED,0,,,0,0.0,True,
ATFBb11,,Alatau City Bank,Alatau City Bank,bond,corporate,KZT,https://kase.kz/api/instruments/securities/?sec_type=bond,https://kase.kz/ru/investors/bonds/ATFBb11,False,UNAVAILABLE,UNAVAILABLE,NO_CHART,INSTRUMENT_DELISTED,0,,,0,0.0,True,
ATFBb12,,Alatau City Bank,Alatau City Bank,bond,corporate,KZT,https://kase.kz/api/instruments/securities/?sec_type=bond,https://kase.kz/ru/investors/bonds/ATFBb12,False,UNAVAILABLE,UNAVAILABLE,NO_CHART,INSTRUMENT_DELISTED,0,,,0,0.0,True,
ATFBb13,,Alatau City Bank,Alatau City Bank,bond,corporate,KZT,https://kase.kz/api/instruments/securities/?sec_type=bond,https://kase.kz/ru/investors/bonds/ATFBb13,False,UNAVAILABLE,UNAVAILABLE,NO_CHART,INSTRUMENT_DELISTED,0,,,0,0.0,True,
ATFBb14,,Alatau City Bank,Alatau City Bank,bond,corporate,KZT,https://kase.kz/api/instruments/securities/?sec_type=bond,https://kase.kz/ru/investors/bonds/ATFBb14,False,UNAVAILABLE,UNAVAILABLE,NO_CHART,INSTRUMENT_DELISTED,0,,,0,0.0,True,
ATFBb15,,Alatau City Bank,Alatau City Bank,bond,corporate,KZT,https://kase.kz/api/instruments/securities/?sec_type=bond,https://kase.kz/ru/investors/bonds/ATFBb15,False,UNAVAILABLE,UNAVAILABLE,NO_CHART,INSTRUMENT_DELISTED,0,,,0,0.0,True,
ATFBb16,,Alatau City Bank,Alatau City Bank,bond,corporate,KZT,https://kase.kz/api/instruments/securities/?sec_type=bond,https://kase.kz/ru/investors/bonds/ATFBb16,True,PENDING,UNAVAILABLE,NO_HISTORY,NO_PUBLIC_HISTORY,0,,,0,0.0,True,
ATFBb2,,АТФБанк,АТФБанк,bond,corporate,USD,https://kase.kz/api/instruments/securities/?sec_type=bond,https://kase.kz/ru/investors/bonds/ATFBb2,False,UNAVAILABLE,UNAVAILABLE,NO_CHART,INSTRUMENT_DELISTED,0,,,0,0.0,True,
ATFBb3,,АТФБанк,АТФБанк,bond,corporate,KZT,https://kase.kz/api/instruments/securities/?sec_type=bond,https://kase.kz/ru/investors/bonds/ATFBb3,False,UNAVAILABLE,UNAVAILABLE,NO_CHART,INSTRUMENT_DELISTED,0,,,0,0.0,True,
ATFBb4,,АТФБанк,АТФБанк,bond,corporate,KZT,https://kase.kz/api/instruments/securities/?sec_type=bond,https://kase.kz/ru/investors/bonds/ATFBb4,False,UNAVAILABLE,UNAVAILABLE,NO_CHART,INSTRUMENT_DELISTED,0,,,0,0.0,True,
ATFBb5,,АТФБанк,АТФБанк,bond,corporate,KZT,https://kase.kz/api/instruments/securities/?sec_type=bond,https://kase.kz/ru/investors/bonds/ATFBb5,False,UNAVAILABLE,UNAVAILABLE,NO_CHART,INSTRUMENT_DELISTED,0,,,0,0.0,True,
ATFBb6,,АТФБанк,АТФБанк,bond,corporate,KZT,https://kase.kz/api/instruments/securities/?sec_type=bond,https://kase.kz/ru/investors/bonds/ATFBb6,False,UNAVAILABLE,UNAVAILABLE,NO_CHART,INSTRUMENT_DELISTED,0,,,0,0.0,True,
ATFBb7,,АТФБанк,АТФБанк,bond,corporate,KZT,https://kase.kz/api/instruments/securities/?sec_type=bond,https://kase.kz/ru/investors/bonds/ATFBb7,False,UNAVAILABLE,UNAVAILABLE,NO_CHART,INSTRUMENT_DELISTED,0,,,0,0.0,True,
ATFBb8,,АТФБанк,АТФБанк,bond,corporate,KZT,https://kase.kz/api/instruments/securities/?sec_type=bond,https://kase.kz/ru/investors/bonds/ATFBb8,False,UNAVAILABLE,UNAVAILABLE,NO_CHART,INSTRUMENT_DELISTED,0,,,0,0.0,True,
ATFBb9,,Alatau City Bank,Alatau City Bank,bond,corporate,KZT,https://kase.kz/api/instruments/securities/?sec_type=bond,https://kase.kz/ru/investors/bonds/ATFBb9,False,UNAVAILABLE,UNAVAILABLE,NO_CHART,INSTRUMENT_DELISTED,0,,,0,0.0,True,
ATFBe1,,АТФБанк,АТФБанк,bond,corporate,USD,https://kase.kz/api/instruments/securities/?sec_type=bond,https://kase.kz/ru/investors/bonds/ATFBe1,False,UNAVAILABLE,UNAVAILABLE,NO_CHART,INSTRUMENT_DELISTED,0,,,0,0.0,True,
ATFBe2,,АТФБанк,АТФБанк,bond,corporate,USD,https://kase.kz/api/instruments/securities/?sec_type=bond,https://kase.kz/ru/investors/bonds/ATFBe2,False,UNAVAILABLE,UNAVAILABLE,NO_CHART,INSTRUMENT_DELISTED,0,,,0,0.0,True,
ATFBe3,,АТФБанк,АТФБанк,bond,corporate,USD,https://kase.kz/api/instruments/securities/?sec_type=bond,https://kase.kz/ru/investors/bonds/ATFBe3,False,UNAVAILABLE,UNAVAILABLE,NO_CHART,INSTRUMENT_DELISTED,0,,,0,0.0,True,
ATFBe4,,АТФБанк,АТФБанк,bond,corporate,USD,https://kase.kz/api/instruments/securities/?sec_type=bond,https://kase.kz/ru/investors/bonds/ATFBe4,False,UNAVAILABLE,UNAVAILABLE,NO_CHART,INSTRUMENT_DELISTED,0,,,0,0.0,True,
ATFBe5,,АТФБанк,АТФБанк,bond,corporate,USD,https://kase.kz/api/instruments/securities/?sec_type=bond,https://kase.kz/ru/investors/bonds/ATFBe5,False,UNAVAILABLE,UNAVAILABLE,NO_CHART,INSTRUMENT_DELISTED,0,,,0,0.0,True,
ATFBe6,,АТФБанк,АТФБанк,bond,corporate,USD,https://kase.kz/api/instruments/securities/?sec_type=bond,https://kase.kz/ru/investors/bonds/ATFBe6,False,UNAVAILABLE,UNAVAILABLE,NO_CHART,INSTRUMENT_DELISTED,0,,,0,0.0,True,
ATFBe7,,АТФБанк,АТФБанк,bond,corporate,KZT,https://kase.kz/api/instruments/securities/?sec_type=bond,https://kase.kz/ru/investors/bonds/ATFBe7,True,PENDING,UNAVAILABLE,NO_HISTORY,NO_PUBLIC_HISTORY,0,,,0,0.0,True,
aTSASb1,,aTSASb1,aTSASb1,bond,corporate,KZT,https://kase.kz/api/instruments/securities/?sec_type=bond,https://kase.kz/ru/investors/bonds/aTSASb1,False,UNAVAILABLE,UNAVAILABLE,NO_CHART,INSTRUMENT_DELISTED,0,,,0,0.0,True,
AVKGpp1,,Авеста-Караганда,Авеста-Караганда,bond,corporate,KZT,https://kase.kz/api/instruments/securities/?sec_type=bond,https://kase.kz/ru/investors/bonds/AVKGpp1,True,PENDING,UNAVAILABLE,NO_HISTORY,NO_PUBLIC_HISTORY,0,,,0,0.0,True,
AVKGpp2,,Авеста-Караганда,Авеста-Караганда,bond,corporate,KZT,https://kase.kz/api/instruments/securities/?sec_type=bond,https://kase.kz/ru/investors/bonds/AVKGpp2,True,PENDING,UNAVAILABLE,NO_HISTORY,NO_PUBLIC_HISTORY,0,,,0,0.0,True,
aZERDb1,,aZERDb1,aZERDb1,bond,corporate,KZT,https://kase.kz/api/instruments/securities/?sec_type=bond,https://kase.kz/ru/investors/bonds/aZERDb1,False,UNAVAILABLE,UNAVAILABLE,NO_CHART,INSTRUMENT_DELISTED,0,,,0,0.0,True,
AZHKb1,,Алатау Жарык,Алатау Жарык,bond,corporate,KZT,https://kase.kz/api/instruments/securities/?sec_type=bond,https://kase.kz/ru/investors/bonds/AZHKb1,False,UNAVAILABLE,UNAVAILABLE,NO_CHART,INSTRUMENT_DELISTED,0,,,0,0.0,True,
AZHKb3,,Алатау Жарык,Алатау Жарык,bond,corporate,KZT,https://kase.kz/api/instruments/securities/?sec_type=bond,https://kase.kz/ru/investors/bonds/AZHKb3,False,UNAVAILABLE,UNAVAILABLE,NO_CHART,INSTRUMENT_DELISTED,0,,,0,0.0,True,
BARSpp1,,Барыс 2007,Барыс 2007,bond,corporate,KZT,https://kase.kz/api/instruments/securities/?sec_type=bond,https://kase.kz/ru/investors/bonds/BARSpp1,True,PENDING,UNAVAILABLE,NO_HISTORY,NO_PUBLIC_HISTORY,0,,,0,0.0,True,
BASPb1,,Баспана,Баспана,bond,corporate,KZT,https://kase.kz/api/instruments/securities/?sec_type=bond,https://kase.kz/ru/investors/bonds/BASPb1,False,UNAVAILABLE,UNAVAILABLE,NO_CHART,INSTRUMENT_DELISTED,0,,,0,0.0,True,
BASPb2,,Баспана,Баспана,bond,corporate,KZT,https://kase.kz/api/instruments/securities/?sec_type=bond,https://kase.kz/ru/investors/bonds/BASPb2,False,UNAVAILABLE,UNAVAILABLE,NO_CHART,INSTRUMENT_DELISTED,0,,,0,0.0,True,
BASPb3,,Казахстанский фонд устойчивости,Казахстанский фонд устойчивости,bond,corporate,KZT,https://kase.kz/api/instruments/securities/?sec_type=bond,https://kase.kz/ru/investors/bonds/BASPb3,False,UNAVAILABLE,UNAVAILABLE,NO_CHART,INSTRUMENT_DELISTED,0,,,0,0.0,True,
BASPb4,,Казахстанский фонд устойчивости,Казахстанский фонд устойчивости,bond,corporate,KZT,https://kase.kz/api/instruments/securities/?sec_type=bond,https://kase.kz/ru/investors/bonds/BASPb4,False,UNAVAILABLE,UNAVAILABLE,NO_CHART,INSTRUMENT_DELISTED,0,,,0,0.0,True,
BASPb5,,Казахстанский фонд устойчивости,Казахстанский фонд устойчивости,bond,corporate,KZT,https://kase.kz/api/instruments/securities/?sec_type=bond,https://kase.kz/ru/investors/bonds/BASPb5,False,UNAVAILABLE,UNAVAILABLE,NO_CHART,INSTRUMENT_DELISTED,0,,,0,0.0,True,
BASPb6,,Казахстанский фонд устойчивости,Казахстанский фонд устойчивости,bond,corporate,KZT,https://kase.kz/api/instruments/securities/?sec_type=bond,https://kase.kz/ru/investors/bonds/BASPb6,False,UNAVAILABLE,UNAVAILABLE,NO_CHART,INSTRUMENT_DELISTED,0,,,0,0.0,True,
BASPb7,,Казахстанский фонд устойчивости,Казахстанский фонд устойчивости,bond,corporate,KZT,https://kase.kz/api/instruments/securities/?sec_type=bond,https://kase.kz/ru/investors/bonds/BASPb7,False,UNAVAILABLE,UNAVAILABLE,NO_CHART,INSTRUMENT_DELISTED,0,,,0,0.0,True,
BASPb8,,Казахстанский фонд устойчивости,Казахстанский фонд устойчивости,bond,corporate,KZT,https://kase.kz/api/instruments/securities/?sec_type=bond,https://kase.kz/ru/investors/bonds/BASPb8,False,UNAVAILABLE,UNAVAILABLE,NO_CHART,INSTRUMENT_DELISTED,0,,,0,0.0,True,
BASTb1,,БАСТ,БАСТ,bond,corporate,KZT,https://kase.kz/api/instruments/securities/?sec_type=bond,https://kase.kz/ru/investors/bonds/BASTb1,False,UNAVAILABLE,UNAVAILABLE,NO_CHART,INSTRUMENT_DELISTED,0,,,0,0.0,True,
BCCIb1,,BCC Invest,BCC Invest,bond,corporate,KZT,https://kase.kz/api/instruments/securities/?sec_type=bond,https://kase.kz/ru/investors/bonds/BCCIb1,True,PENDING,UNAVAILABLE,NO_HISTORY,NO_PUBLIC_HISTORY,0,,,0,0.0,True,
BERKb11,,Bereke Bank,Bereke Bank,bond,corporate,KZT,https://kase.kz/api/instruments/securities/?sec_type=bond,https://kase.kz/ru/investors/bonds/BERKb11,True,PENDING,UNAVAILABLE,NO_HISTORY,NO_PUBLIC_HISTORY,0,,,0,0.0,True,
BERKb12,,Bereke Bank,Bereke Bank,bond,corporate,KZT,https://kase.kz/api/instruments/securities/?sec_type=bond,https://kase.kz/ru/investors/bonds/BERKb12,True,PENDING,UNAVAILABLE,NO_HISTORY,NO_PUBLIC_HISTORY,0,,,0,0.0,True,
BERKb13,,Bereke Bank,Bereke Bank,bond,corporate,KZT,https://kase.kz/api/instruments/securities/?sec_type=bond,https://kase.kz/ru/investors/bonds/BERKb13,True,PENDING,UNAVAILABLE,NO_HISTORY,NO_PUBLIC_HISTORY,0,,,0,0.0,True,
BERKb14,,Bereke Bank,Bereke Bank,bond,corporate,KZT,https://kase.kz/api/instruments/securities/?sec_type=bond,https://kase.kz/ru/investors/bonds/BERKb14,False,UNAVAILABLE,UNAVAILABLE,NO_CHART,INSTRUMENT_DELISTED,0,,,0,0.0,True,
BERKb15,,Bereke Bank,Bereke Bank,bond,corporate,KZT,https://kase.kz/api/instruments/securities/?sec_type=bond,https://kase.kz/ru/investors/bonds/BERKb15,False,UNAVAILABLE,UNAVAILABLE,NO_CHART,INSTRUMENT_DELISTED,0,,,0,0.0,True,
BERKb16,,Bereke Bank,Bereke Bank,bond,corporate,KZT,https://kase.kz/api/instruments/securities/?sec_type=bond,https://kase.kz/ru/investors/bonds/BERKb16,False,UNAVAILABLE,UNAVAILABLE,NO_CHART,INSTRUMENT_DELISTED,0,,,0,0.0,True,
BERKb17,,Bereke Bank,Bereke Bank,bond,corporate,KZT,https://kase.kz/api/instruments/securities/?sec_type=bond,https://kase.kz/ru/investors/bonds/BERKb17,False,UNAVAILABLE,UNAVAILABLE,NO_CHART,INSTRUMENT_DELISTED,0,,,0,0.0,True,
BERKb18,,Bereke Bank,Bereke Bank,bond,corporate,KZT,https://kase.kz/api/instruments/securities/?sec_type=bond,https://kase.kz/ru/investors/bonds/BERKb18,False,UNAVAILABLE,UNAVAILABLE,NO_CHART,INSTRUMENT_DELISTED,0,,,0,0.0,True,
BERKb19,,Bereke Bank,Bereke Bank,bond,corporate,KZT,https://kase.kz/api/instruments/securities/?sec_type=bond,https://kase.kz/ru/investors/bonds/BERKb19,False,UNAVAILABLE,UNAVAILABLE,NO_CHART,INSTRUMENT_DELISTED,0,,,0,0.0,True,
BERKb20,,Bereke Bank,Bereke Bank,bond,corporate,KZT,https://kase.kz/api/instruments/securities/?sec_type=bond,https://kase.kz/ru/investors/bonds/BERKb20,True,PENDING,UNAVAILABLE,NO_HISTORY,NO_PUBLIC_HISTORY,0,,,0,0.0,True,
BERKb21,,Bereke Bank,Bereke Bank,bond,corporate,KZT,https://kase.kz/api/instruments/securities/?sec_type=bond,https://kase.kz/ru/investors/bonds/BERKb21,True,PENDING,UNAVAILABLE,NO_HISTORY,NO_PUBLIC_HISTORY,0,,,0,0.0,True,
BERKb22,,Bereke Bank,Bereke Bank,bond,corporate,KZT,https://kase.kz/api/instruments/securities/?sec_type=bond,https://kase.kz/ru/investors/bonds/BERKb22,True,PENDING,UNAVAILABLE,NO_HISTORY,NO_PUBLIC_HISTORY,0,,,0,0.0,True,
BERKb23,,Bereke Bank,Bereke Bank,bond,corporate,KZT,https://kase.kz/api/instruments/securities/?sec_type=bond,https://kase.kz/ru/investors/bonds/BERKb23,True,PENDING,UNAVAILABLE,NO_HISTORY,NO_PUBLIC_HISTORY,0,,,0,0.0,True,
BGSTb1,,BGSTb1,BGSTb1,bond,corporate,KZT,https://kase.kz/api/instruments/securities/?sec_type=bond,https://kase.kz/ru/investors/bonds/BGSTb1,False,UNAVAILABLE,UNAVAILABLE,NO_CHART,INSTRUMENT_DELISTED,0,,,0,0.0,True,
BIGDb1,,Частная компания BI Development Ltd.,Частная компания BI Development Ltd.,bond,corporate,KZT,https://kase.kz/api/instruments/securities/?sec_type=bond,https://kase.kz/ru/investors/bonds/BIGDb1,True,PENDING,PARTIAL,DATA_READY,,210,2025-08-27T19:00:00,2026-08-27T19:00:00,210,84.68,True,
BIGDb10,,Частная компания BI Development Ltd.,Частная компания BI Development Ltd.,bond,corporate,USD,https://kase.kz/api/instruments/securities/?sec_type=bond,https://kase.kz/ru/investors/bonds/BIGDb10,True,PENDING,PARTIAL,DATA_READY,,29,2026-02-24T19:00:00,2026-08-13T19:00:00,29,11.69,True,
BIGDb11,,Частная компания BI Development Ltd.,Частная компания BI Development Ltd.,bond,corporate,KZT,https://kase.kz/api/instruments/securities/?sec_type=bond,https://kase.kz/ru/investors/bonds/BIGDb11,True,PENDING,PARTIAL,DATA_READY,,28,2026-05-24T19:00:00,2026-08-27T19:00:00,28,11.29,True,
BIGDb12,,Частная компания BI Development Ltd.,Частная компания BI Development Ltd.,bond,corporate,USD,https://kase.kz/api/instruments/securities/?sec_type=bond,https://kase.kz/ru/investors/bonds/BIGDb12,True,PENDING,PARTIAL,DATA_READY,,90,2026-02-25T19:00:00,2026-08-26T19:00:00,90,36.29,True,
BIGDb2,,Частная компания BI Development Ltd.,Частная компания BI Development Ltd.,bond,corporate,USD,https://kase.kz/api/instruments/securities/?sec_type=bond,https://kase.kz/ru/investors/bonds/BIGDb2,True,PENDING,PARTIAL,DATA_READY,,166,2025-08-27T19:00:00,2026-08-25T19:00:00,166,66.94,True,
BIGDb3,,Частная компания BI Development Ltd.,Частная компания BI Development Ltd.,bond,corporate,USD,https://kase.kz/api/instruments/securities/?sec_type=bond,https://kase.kz/ru/investors/bonds/BIGDb3,True,PENDING,PARTIAL,DATA_READY,,10,2026-03-31T19:00:00,2026-08-26T19:00:00,10,4.03,True,
BIGDb4,,Частная компания BI Development Ltd.,Частная компания BI Development Ltd.,bond,corporate,USD,https://kase.kz/api/instruments/securities/?sec_type=bond,https://kase.kz/ru/investors/bonds/BIGDb4,True,PENDING,PARTIAL,DATA_READY,,17,2026-02-17T19:00:00,2026-08-27T19:00:00,17,6.85,True,
BIGDb5,,Частная компания BI Development Ltd.,Частная компания BI Development Ltd.,bond,corporate,KZT,https://kase.kz/api/instruments/securities/?sec_type=bond,https://kase.kz/ru/investors/bonds/BIGDb5,True,PENDING,COMPLETE,DATA_READY,,243,2025-08-27T19:00:00,2026-08-27T19:00:00,243,97.98,False,
BIGDb6,,Частная компания BI Development Ltd.,Частная компания BI Development Ltd.,bond,corporate,KZT,https://kase.kz/api/instruments/securities/?sec_type=bond,https://kase.kz/ru/investors/bonds/BIGDb6,True,PENDING,PARTIAL,DATA_READY,,216,2025-09-29T19:00:00,2026-08-27T19:00:00,216,87.1,True,
BIGDb7,,Частная компания BI Development Ltd.,Частная компания BI Development Ltd.,bond,corporate,KZT,https://kase.kz/api/instruments/securities/?sec_type=bond,https://kase.kz/ru/investors/bonds/BIGDb7,True,PENDING,PARTIAL,DATA_READY,,54,2026-05-24T19:00:00,2026-08-27T19:00:00,54,21.77,True,
BIGDb8,,Частная компания BI Development Ltd.,Частная компания BI Development Ltd.,bond,corporate,KZT,https://kase.kz/api/instruments/securities/?sec_type=bond,https://kase.kz/ru/investors/bonds/BIGDb8,True,PENDING,PARTIAL,DATA_READY,,39,2026-05-24T19:00:00,2026-08-27T19:00:00,39,15.73,True,
BIGDb9,,Частная компания BI Development Ltd.,Частная компания BI Development Ltd.,bond,corporate,KZT,https://kase.kz/api/instruments/securities/?sec_type=bond,https://kase.kz/ru/investors/bonds/BIGDb9,True,PENDING,UNAVAILABLE,NO_HISTORY,NO_PUBLIC_HISTORY,0,,,0,0.0,True,
BIGRb1,,BIGRb1,BIGRb1,bond,corporate,KZT,https://kase.kz/api/instruments/securities/?sec_type=bond,https://kase.kz/ru/investors/bonds/BIGRb1,False,UNAVAILABLE,UNAVAILABLE,NO_CHART,INSTRUMENT_DELISTED,0,,,0,0.0,True,
BIPGb1,,BI Property,BI Property,bond,corporate,KZT,https://kase.kz/api/instruments/securities/?sec_type=bond,https://kase.kz/ru/investors/bonds/BIPGb1,True,PENDING,UNAVAILABLE,NO_HISTORY,NO_PUBLIC_HISTORY,0,,,0,0.0,True,
BKBTb1,,Black Biotechnology (Блэк Биотехнолоджи),Black Biotechnology (Блэк Биотехнолоджи),bond,corporate,KZT,https://kase.kz/api/instruments/securities/?sec_type=bond,https://kase.kz/ru/investors/bonds/BKBTb1,True,PENDING,PARTIAL,DATA_READY,,193,2025-08-28T19:00:00,2026-08-27T19:00:00,193,77.82,True,
BKKRb1,,BKKRb1,BKKRb1,bond,corporate,KZT,https://kase.kz/api/instruments/securities/?sec_type=bond,https://kase.kz/ru/investors/bonds/BKKRb1,False,UNAVAILABLE,UNAVAILABLE,NO_CHART,INSTRUMENT_DELISTED,0,,,0,0.0,True,
BRBKb1,,BRBAPK,BRBAPK,bond,corporate,KZT,https://kase.kz/api/instruments/securities/?sec_type=bond,https://kase.kz/ru/investors/bonds/BRBKb1,True,PENDING,UNAVAILABLE,NO_HISTORY,NO_PUBLIC_HISTORY,0,,,0,0.0,True,
BRKLb1,,Фонд развития промышленности,Фонд развития промышленности,bond,corporate,KZT,https://kase.kz/api/instruments/securities/?sec_type=bond,https://kase.kz/ru/investors/bonds/BRKLb1,False,UNAVAILABLE,UNAVAILABLE,NO_CHART,INSTRUMENT_DELISTED,0,,,0,0.0,True,
BRKZb1,,Банк Развития Казахстана,Банк Развития Казахстана,bond,corporate,USD,https://kase.kz/api/instruments/securities/?sec_type=bond,https://kase.kz/ru/investors/bonds/BRKZb1,False,UNAVAILABLE,UNAVAILABLE,NO_CHART,INSTRUMENT_DELISTED,0,,,0,0.0,True,
BRKZb10,,Банк Развития Казахстана,Банк Развития Казахстана,bond,corporate,KZT,https://kase.kz/api/instruments/securities/?sec_type=bond,https://kase.kz/ru/investors/bonds/BRKZb10,True,PENDING,UNAVAILABLE,NO_HISTORY,NO_PUBLIC_HISTORY,0,,,0,0.0,True,
BRKZb11,,Банк Развития Казахстана,Банк Развития Казахстана,bond,corporate,KZT,https://kase.kz/api/instruments/securities/?sec_type=bond,https://kase.kz/ru/investors/bonds/BRKZb11,True,PENDING,UNAVAILABLE,NO_HISTORY,NO_PUBLIC_HISTORY,0,,,0,0.0,True,
BRKZb12,,Банк Развития Казахстана,Банк Развития Казахстана,bond,corporate,KZT,https://kase.kz/api/instruments/securities/?sec_type=bond,https://kase.kz/ru/investors/bonds/BRKZb12,True,PENDING,UNAVAILABLE,NO_HISTORY,NO_PUBLIC_HISTORY,0,,,0,0.0,True,
BRKZb13,,Банк Развития Казахстана,Банк Развития Казахстана,bond,corporate,KZT,https://kase.kz/api/instruments/securities/?sec_type=bond,https://kase.kz/ru/investors/bonds/BRKZb13,True,PENDING,UNAVAILABLE,NO_HISTORY,NO_PUBLIC_HISTORY,0,,,0,0.0,True,
BRKZb14,,Банк Развития Казахстана,Банк Развития Казахстана,bond,corporate,KZT,https://kase.kz/api/instruments/securities/?sec_type=bond,https://kase.kz/ru/investors/bonds/BRKZb14,True,PENDING,PARTIAL,DATA_READY,,49,2025-09-10T19:00:00,2026-08-26T19:00:00,49,19.76,True,
BRKZb15,,Банк Развития Казахстана,Банк Развития Казахстана,bond,corporate,KZT,https://kase.kz/api/instruments/securities/?sec_type=bond,https://kase.kz/ru/investors/bonds/BRKZb15,False,UNAVAILABLE,UNAVAILABLE,NO_CHART,INSTRUMENT_DELISTED,0,,,0,0.0,True,
BRKZb16,,Банк Развития Казахстана,Банк Развития Казахстана,bond,corporate,KZT,https://kase.kz/api/instruments/securities/?sec_type=bond,https://kase.kz/ru/investors/bonds/BRKZb16,False,UNAVAILABLE,UNAVAILABLE,NO_CHART,INSTRUMENT_DELISTED,0,,,0,0.0,True,
BRKZb17,,Банк Развития Казахстана,Банк Развития Казахстана,bond,corporate,KZT,https://kase.kz/api/instruments/securities/?sec_type=bond,https://kase.kz/ru/investors/bonds/BRKZb17,True,PENDING,UNAVAILABLE,NO_HISTORY,NO_PUBLIC_HISTORY,0,,,0,0.0,True,
BRKZb18,,Банк Развития Казахстана,Банк Развития Казахстана,bond,corporate,KZT,https://kase.kz/api/instruments/securities/?sec_type=bond,https://kase.kz/ru/investors/bonds/BRKZb18,True,PENDING,UNAVAILABLE,NO_HISTORY,NO_PUBLIC_HISTORY,0,,,0,0.0,True,
BRKZb19,,Банк Развития Казахстана,Банк Развития Казахстана,bond,corporate,KZT,https://kase.kz/api/instruments/securities/?sec_type=bond,https://kase.kz/ru/investors/bonds/BRKZb19,False,UNAVAILABLE,UNAVAILABLE,NO_CHART,INSTRUMENT_DELISTED,0,,,0,0.0,True,
BRKZb2,,Банк Развития Казахстана,Банк Развития Казахстана,bond,corporate,KZT,https://kase.kz/api/instruments/securities/?sec_type=bond,https://kase.kz/ru/investors/bonds/BRKZb2,False,UNAVAILABLE,UNAVAILABLE,NO_CHART,INSTRUMENT_DELISTED,0,,,0,0.0,True,
BRKZb20,,Банк Развития Казахстана,Банк Развития Казахстана,bond,corporate,KZT,https://kase.kz/api/instruments/securities/?sec_type=bond,https://kase.kz/ru/investors/bonds/BRKZb20,True,PENDING,UNAVAILABLE,NO_HISTORY,NO_PUBLIC_HISTORY,0,,,0,0.0,True,
BRKZb21,,Банк Развития Казахстана,Банк Развития Казахстана,bond,corporate,KZT,https://kase.kz/api/instruments/securities/?sec_type=bond,https://kase.kz/ru/investors/bonds/BRKZb21,True,PENDING,UNAVAILABLE,NO_HISTORY,NO_PUBLIC_HISTORY,0,,,0,0.0,True,
BRKZb22,,Банк Развития Казахстана,Банк Развития Казахстана,bond,corporate,KZT,https://kase.kz/api/instruments/securities/?sec_type=bond,https://kase.kz/ru/investors/bonds/BRKZb22,True,PENDING,UNAVAILABLE,NO_HISTORY,NO_PUBLIC_HISTORY,0,,,0,0.0,True,
BRKZb23,,Банк Развития Казахстана,Банк Развития Казахстана,bond,corporate,KZT,https://kase.kz/api/instruments/securities/?sec_type=bond,https://kase.kz/ru/investors/bonds/BRKZb23,True,PENDING,UNAVAILABLE,NO_HISTORY,NO_PUBLIC_HISTORY,0,,,0,0.0,True,
BRKZb24,,Банк Развития Казахстана,Банк Развития Казахстана,bond,corporate,KZT,https://kase.kz/api/instruments/securities/?sec_type=bond,https://kase.kz/ru/investors/bonds/BRKZb24,True,PENDING,UNAVAILABLE,NO_HISTORY,NO_PUBLIC_HISTORY,0,,,0,0.0,True,
BRKZb25,,Банк Развития Казахстана,Банк Развития Казахстана,bond,corporate,KZT,https://kase.kz/api/instruments/securities/?sec_type=bond,https://kase.kz/ru/investors/bonds/BRKZb25,True,PENDING,UNAVAILABLE,NO_HISTORY,NO_PUBLIC_HISTORY,0,,,0,0.0,True,
BRKZb26,,Банк Развития Казахстана,Банк Развития Казахстана,bond,corporate,KZT,https://kase.kz/api/instruments/securities/?sec_type=bond,https://kase.kz/ru/investors/bonds/BRKZb26,True,PENDING,UNAVAILABLE,NO_HISTORY,NO_PUBLIC_HISTORY,0,,,0,0.0,True,
BRKZb27,,Банк Развития Казахстана,Банк Развития Казахстана,bond,corporate,KZT,https://kase.kz/api/instruments/securities/?sec_type=bond,https://kase.kz/ru/investors/bonds/BRKZb27,True,PENDING,UNAVAILABLE,NO_HISTORY,NO_PUBLIC_HISTORY,0,,,0,0.0,True,
BRKZb28,,Банк Развития Казахстана,Банк Развития Казахстана,bond,corporate,KZT,https://kase.kz/api/instruments/securities/?sec_type=bond,https://kase.kz/ru/investors/bonds/BRKZb28,True,PENDING,UNAVAILABLE,NO_HISTORY,NO_PUBLIC_HISTORY,0,,,0,0.0,True,
BRKZb29,,Банк Развития Казахстана,Банк Развития Казахстана,bond,corporate,KZT,https://kase.kz/api/instruments/securities/?sec_type=bond,https://kase.kz/ru/investors/bonds/BRKZb29,False,UNAVAILABLE,UNAVAILABLE,NO_CHART,INSTRUMENT_DELISTED,0,,,0,0.0,True,
BRKZb3,,Банк Развития Казахстана,Банк Развития Казахстана,bond,corporate,KZT,https://kase.kz/api/instruments/securities/?sec_type=bond,https://kase.kz/ru/investors/bonds/BRKZb3,False,UNAVAILABLE,UNAVAILABLE,NO_CHART,INSTRUMENT_DELISTED,0,,,0,0.0,True,
BRKZb30,,Банк Развития Казахстана,Банк Развития Казахстана,bond,corporate,USD,https://kase.kz/api/instruments/securities/?sec_type=bond,https://kase.kz/ru/investors/bonds/BRKZb30,False,UNAVAILABLE,UNAVAILABLE,NO_CHART,INSTRUMENT_DELISTED,0,,,0,0.0,True,
BRKZb31,,Банк Развития Казахстана,Банк Развития Казахстана,bond,corporate,USD,https://kase.kz/api/instruments/securities/?sec_type=bond,https://kase.kz/ru/investors/bonds/BRKZb31,False,UNAVAILABLE,UNAVAILABLE,NO_CHART,INSTRUMENT_DELISTED,0,,,0,0.0,True,
BRKZb32,,Банк Развития Казахстана,Банк Развития Казахстана,bond,corporate,KZT,https://kase.kz/api/instruments/securities/?sec_type=bond,https://kase.kz/ru/investors/bonds/BRKZb32,False,UNAVAILABLE,UNAVAILABLE,NO_CHART,INSTRUMENT_DELISTED,0,,,0,0.0,True,
BRKZb33,,Банк Развития Казахстана,Банк Развития Казахстана,bond,corporate,KZT,https://kase.kz/api/instruments/securities/?sec_type=bond,https://kase.kz/ru/investors/bonds/BRKZb33,True,PENDING,UNAVAILABLE,NO_HISTORY,NO_PUBLIC_HISTORY,0,,,0,0.0,True,
BRKZb34,,Банк Развития Казахстана,Банк Развития Казахстана,bond,corporate,KZT,https://kase.kz/api/instruments/securities/?sec_type=bond,https://kase.kz/ru/investors/bonds/BRKZb34,False,UNAVAILABLE,UNAVAILABLE,NO_CHART,INSTRUMENT_DELISTED,0,,,0,0.0,True,
BRKZb35,,Банк Развития Казахстана,Банк Развития Казахстана,bond,corporate,KZT,https://kase.kz/api/instruments/securities/?sec_type=bond,https://kase.kz/ru/investors/bonds/BRKZb35,False,UNAVAILABLE,UNAVAILABLE,NO_CHART,INSTRUMENT_DELISTED,0,,,0,0.0,True,
BRKZb36,,Банк Развития Казахстана,Банк Развития Казахстана,bond,corporate,KZT,https://kase.kz/api/instruments/securities/?sec_type=bond,https://kase.kz/ru/investors/bonds/BRKZb36,True,PENDING,UNAVAILABLE,NO_HISTORY,NO_PUBLIC_HISTORY,0,,,0,0.0,True,
BRKZb37,,Банк Развития Казахстана,Банк Развития Казахстана,bond,corporate,KZT,https://kase.kz/api/instruments/securities/?sec_type=bond,https://kase.kz/ru/investors/bonds/BRKZb37,True,PENDING,UNAVAILABLE,NO_HISTORY,NO_PUBLIC_HISTORY,0,,,0,0.0,True,
BRKZb38,,Банк Развития Казахстана,Банк Развития Казахстана,bond,corporate,KZT,https://kase.kz/api/instruments/securities/?sec_type=bond,https://kase.kz/ru/investors/bonds/BRKZb38,True,PENDING,UNAVAILABLE,NO_HISTORY,NO_PUBLIC_HISTORY,0,,,0,0.0,True,
BRKZb39,,Банк Развития Казахстана,Банк Развития Казахстана,bond,corporate,KZT,https://kase.kz/api/instruments/securities/?sec_type=bond,https://kase.kz/ru/investors/bonds/BRKZb39,True,PENDING,UNAVAILABLE,NO_HISTORY,NO_PUBLIC_HISTORY,0,,,0,0.0,True,
BRKZb4,,Банк Развития Казахстана,Банк Развития Казахстана,bond,corporate,KZT,https://kase.kz/api/instruments/securities/?sec_type=bond,https://kase.kz/ru/investors/bonds/BRKZb4,False,UNAVAILABLE,UNAVAILABLE,NO_CHART,INSTRUMENT_DELISTED,0,,,0,0.0,True,
BRKZb40,,Банк Развития Казахстана,Банк Развития Казахстана,bond,corporate,KZT,https://kase.kz/api/instruments/securities/?sec_type=bond,https://kase.kz/ru/investors/bonds/BRKZb40,True,PENDING,UNAVAILABLE,NO_HISTORY,NO_PUBLIC_HISTORY,0,,,0,0.0,True,
BRKZb41,,Банк Развития Казахстана,Банк Развития Казахстана,bond,corporate,KZT,https://kase.kz/api/instruments/securities/?sec_type=bond,https://kase.kz/ru/investors/bonds/BRKZb41,True,PENDING,UNAVAILABLE,NO_HISTORY,NO_PUBLIC_HISTORY,0,,,0,0.0,True,
BRKZb42,,Банк Развития Казахстана,Банк Развития Казахстана,bond,corporate,KZT,https://kase.kz/api/instruments/securities/?sec_type=bond,https://kase.kz/ru/investors/bonds/BRKZb42,False,UNAVAILABLE,UNAVAILABLE,NO_CHART,INSTRUMENT_DELISTED,0,,,0,0.0,True,
BRKZb43,,Банк Развития Казахстана,Банк Развития Казахстана,bond,corporate,KZT,https://kase.kz/api/instruments/securities/?sec_type=bond,https://kase.kz/ru/investors/bonds/BRKZb43,True,PENDING,UNAVAILABLE,NO_HISTORY,NO_PUBLIC_HISTORY,0,,,0,0.0,True,
BRKZb44,,Банк Развития Казахстана,Банк Развития Казахстана,bond,corporate,KZT,https://kase.kz/api/instruments/securities/?sec_type=bond,https://kase.kz/ru/investors/bonds/BRKZb44,True,PENDING,UNAVAILABLE,NO_HISTORY,NO_PUBLIC_HISTORY,0,,,0,0.0,True,
BRKZb45,,Банк Развития Казахстана,Банк Развития Казахстана,bond,corporate,KZT,https://kase.kz/api/instruments/securities/?sec_type=bond,https://kase.kz/ru/investors/bonds/BRKZb45,True,PENDING,UNAVAILABLE,NO_HISTORY,NO_PUBLIC_HISTORY,0,,,0,0.0,True,
BRKZb46,,Банк Развития Казахстана,Банк Развития Казахстана,bond,corporate,KZT,https://kase.kz/api/instruments/securities/?sec_type=bond,https://kase.kz/ru/investors/bonds/BRKZb46,True,PENDING,UNAVAILABLE,NO_HISTORY,NO_PUBLIC_HISTORY,0,,,0,0.0,True,
BRKZb47,,Банк Развития Казахстана,Банк Развития Казахстана,bond,corporate,KZT,https://kase.kz/api/instruments/securities/?sec_type=bond,https://kase.kz/ru/investors/bonds/BRKZb47,True,PENDING,PARTIAL,DATA_READY,,3,2026-02-10T19:00:00,2026-06-07T19:00:00,3,1.21,True,
BRKZb48,,Банк Развития Казахстана,Банк Развития Казахстана,bond,corporate,KZT,https://kase.kz/api/instruments/securities/?sec_type=bond,https://kase.kz/ru/investors/bonds/BRKZb48,True,PENDING,PARTIAL,DATA_READY,,2,2026-02-10T19:00:00,2026-06-07T19:00:00,2,0.81,True,
BRKZb5,,Банк Развития Казахстана,Банк Развития Казахстана,bond,corporate,KZT,https://kase.kz/api/instruments/securities/?sec_type=bond,https://kase.kz/ru/investors/bonds/BRKZb5,False,UNAVAILABLE,UNAVAILABLE,NO_CHART,INSTRUMENT_DELISTED,0,,,0,0.0,True,
BRKZb6,,Банк Развития Казахстана,Банк Развития Казахстана,bond,corporate,KZT,https://kase.kz/api/instruments/securities/?sec_type=bond,https://kase.kz/ru/investors/bonds/BRKZb6,True,PENDING,UNAVAILABLE,NO_HISTORY,NO_PUBLIC_HISTORY,0,,,0,0.0,True,
BRKZb7,,Банк Развития Казахстана,Банк Развития Казахстана,bond,corporate,KZT,https://kase.kz/api/instruments/securities/?sec_type=bond,https://kase.kz/ru/investors/bonds/BRKZb7,False,UNAVAILABLE,UNAVAILABLE,NO_CHART,INSTRUMENT_DELISTED,0,,,0,0.0,True,
BRKZb8,,Банк Развития Казахстана,Банк Развития Казахстана,bond,corporate,KZT,https://kase.kz/api/instruments/securities/?sec_type=bond,https://kase.kz/ru/investors/bonds/BRKZb8,False,UNAVAILABLE,UNAVAILABLE,NO_CHART,INSTRUMENT_DELISTED,0,,,0,0.0,True,
BRKZb9,,Банк Развития Казахстана,Банк Развития Казахстана,bond,corporate,KZT,https://kase.kz/api/instruments/securities/?sec_type=bond,https://kase.kz/ru/investors/bonds/BRKZb9,False,UNAVAILABLE,UNAVAILABLE,NO_CHART,INSTRUMENT_DELISTED,0,,,0,0.0,True,
BRKZe1,,Банк Развития Казахстана,Банк Развития Казахстана,bond,corporate,USD,https://kase.kz/api/instruments/securities/?sec_type=bond,https://kase.kz/ru/investors/bonds/BRKZe1,False,UNAVAILABLE,UNAVAILABLE,NO_CHART,INSTRUMENT_DELISTED,0,,,0,0.0,True,
BRKZe10,,Банк Развития Казахстана,Банк Развития Казахстана,bond,corporate,KZT,https://kase.kz/api/instruments/securities/?sec_type=bond,https://kase.kz/ru/investors/bonds/BRKZe10,False,UNAVAILABLE,UNAVAILABLE,NO_CHART,INSTRUMENT_DELISTED,0,,,0,0.0,True,
BRKZe11,,Банк Развития Казахстана,Банк Развития Казахстана,bond,corporate,KZT,https://kase.kz/api/instruments/securities/?sec_type=bond,https://kase.kz/ru/investors/bonds/BRKZe11,False,UNAVAILABLE,UNAVAILABLE,NO_CHART,INSTRUMENT_DELISTED,0,,,0,0.0,True,
BRKZe12,,Банк Развития Казахстана,Банк Развития Казахстана,bond,corporate,USD,https://kase.kz/api/instruments/securities/?sec_type=bond,https://kase.kz/ru/investors/bonds/BRKZe12,True,PENDING,PARTIAL,DATA_READY,,2,2026-05-17T19:00:00,2026-07-26T19:00:00,2,0.81,True,
BRKZe13,,Банк Развития Казахстана,Банк Развития Казахстана,bond,corporate,USD,https://kase.kz/api/instruments/securities/?sec_type=bond,https://kase.kz/ru/investors/bonds/BRKZe13,False,UNAVAILABLE,UNAVAILABLE,NO_CHART,INSTRUMENT_DELISTED,0,,,0,0.0,True,
BRKZe14,,Банк Развития Казахстана,Банк Развития Казахстана,bond,corporate,USD,https://kase.kz/api/instruments/securities/?sec_type=bond,https://kase.kz/ru/investors/bonds/BRKZe14,True,PENDING,PARTIAL,DATA_READY,,3,2026-06-29T19:00:00,2026-08-20T19:00:00,3,1.21,True,
BRKZe15,,Банк Развития Казахстана,Банк Развития Казахстана,bond,corporate,KZT,https://kase.kz/api/instruments/securities/?sec_type=bond,https://kase.kz/ru/investors/bonds/BRKZe15,True,PENDING,PARTIAL,DATA_READY,,8,2026-05-19T19:00:00,2026-08-20T19:00:00,8,3.23,True,
BRKZe16,,Банк Развития Казахстана,Банк Развития Казахстана,bond,corporate,USD,https://kase.kz/api/instruments/securities/?sec_type=bond,https://kase.kz/ru/investors/bonds/BRKZe16,True,PENDING,PARTIAL,DATA_READY,,1,2026-04-07T19:00:00,2026-04-07T19:00:00,1,0.4,True,
BRKZe17,,Банк Развития Казахстана,Банк Развития Казахстана,bond,corporate,KZT,https://kase.kz/api/instruments/securities/?sec_type=bond,https://kase.kz/ru/investors/bonds/BRKZe17,True,PENDING,PARTIAL,DATA_READY,,4,2026-07-30T19:00:00,2026-08-27T19:00:00,4,1.61,True,
BRKZe18,,Банк Развития Казахстана,Банк Развития Казахстана,bond,corporate,USD,https://kase.kz/api/instruments/securities/?sec_type=bond,https://kase.kz/ru/investors/bonds/BRKZe18,True,PENDING,UNAVAILABLE,NO_HISTORY,NO_PUBLIC_HISTORY,0,,,0,0.0,True,
BRKZe18_,,Банк Развития Казахстана,Банк Развития Казахстана,bond,corporate,USD,https://kase.kz/api/instruments/securities/?sec_type=bond,https://kase.kz/ru/investors/bonds/BRKZe18_,True,PENDING,UNAVAILABLE,NO_HISTORY,NO_PUBLIC_HISTORY,0,,,0,0.0,True,
BRKZe19,,Банк Развития Казахстана,Банк Развития Казахстана,bond,corporate,KZT,https://kase.kz/api/instruments/securities/?sec_type=bond,https://kase.kz/ru/investors/bonds/BRKZe19,True,PENDING,UNAVAILABLE,NO_HISTORY,NO_PUBLIC_HISTORY,0,,,0,0.0,True,
BRKZe2,,Банк Развития Казахстана,Банк Развития Казахстана,bond,corporate,USD,https://kase.kz/api/instruments/securities/?sec_type=bond,https://kase.kz/ru/investors/bonds/BRKZe2,False,UNAVAILABLE,UNAVAILABLE,NO_CHART,INSTRUMENT_DELISTED,0,,,0,0.0,True,
BRKZe20,,Банк Развития Казахстана,Банк Развития Казахстана,bond,corporate,KZT,https://kase.kz/api/instruments/securities/?sec_type=bond,https://kase.kz/ru/investors/bonds/BRKZe20,True,PENDING,PARTIAL,DATA_READY,,1,2026-02-25T19:00:00,2026-02-25T19:00:00,1,0.4,True,
BRKZe21,,Банк Развития Казахстана,Банк Развития Казахстана,bond,corporate,CNY,https://kase.kz/api/instruments/securities/?sec_type=bond,https://kase.kz/ru/investors/bonds/BRKZe21,True,PENDING,UNAVAILABLE,NO_HISTORY,NO_PUBLIC_HISTORY,0,,,0,0.0,True,
BRKZe22,,Банк Развития Казахстана,Банк Развития Казахстана,bond,corporate,USD,https://kase.kz/api/instruments/securities/?sec_type=bond,https://kase.kz/ru/investors/bonds/BRKZe22,True,PENDING,PARTIAL,DATA_READY,,4,2025-10-28T19:00:00,2026-06-09T19:00:00,4,1.61,True,
BRKZe23,,Банк Развития Казахстана,Банк Развития Казахстана,bond,corporate,KZT,https://kase.kz/api/instruments/securities/?sec_type=bond,https://kase.kz/ru/investors/bonds/BRKZe23,True,PENDING,UNAVAILABLE,NO_HISTORY,NO_PUBLIC_HISTORY,0,,,0,0.0,True,
BRKZe3,,Банк Развития Казахстана,Банк Развития Казахстана,bond,corporate,USD,https://kase.kz/api/instruments/securities/?sec_type=bond,https://kase.kz/ru/investors/bonds/BRKZe3,False,UNAVAILABLE,UNAVAILABLE,NO_CHART,INSTRUMENT_DELISTED,0,,,0,0.0,True,
BRKZe3_US,,Банк Развития Казахстана,Банк Развития Казахстана,bond,corporate,USD,https://kase.kz/api/instruments/securities/?sec_type=bond,https://kase.kz/ru/investors/bonds/BRKZe3_US,False,UNAVAILABLE,UNAVAILABLE,NO_CHART,INSTRUMENT_DELISTED,0,,,0,0.0,True,
BRKZe3_USD,,Банк Развития Казахстана,Банк Развития Казахстана,bond,corporate,USD,https://kase.kz/api/instruments/securities/?sec_type=bond,https://kase.kz/ru/investors/bonds/BRKZe3_USD,False,UNAVAILABLE,UNAVAILABLE,NO_CHART,INSTRUMENT_DELISTED,0,,,0,0.0,True,
BRKZe4,,Банк Развития Казахстана,Банк Развития Казахстана,bond,corporate,USD,https://kase.kz/api/instruments/securities/?sec_type=bond,https://kase.kz/ru/investors/bonds/BRKZe4,False,UNAVAILABLE,UNAVAILABLE,NO_CHART,INSTRUMENT_DELISTED,0,,,0,0.0,True,
BRKZe4_US,,Банк Развития Казахстана,Банк Развития Казахстана,bond,corporate,USD,https://kase.kz/api/instruments/securities/?sec_type=bond,https://kase.kz/ru/investors/bonds/BRKZe4_US,False,UNAVAILABLE,UNAVAILABLE,NO_CHART,INSTRUMENT_DELISTED,0,,,0,0.0,True,
BRKZe4_USD,,Банк Развития Казахстана,Банк Развития Казахстана,bond,corporate,USD,https://kase.kz/api/instruments/securities/?sec_type=bond,https://kase.kz/ru/investors/bonds/BRKZe4_USD,False,UNAVAILABLE,UNAVAILABLE,NO_CHART,INSTRUMENT_DELISTED,0,,,0,0.0,True,
BRKZe6,,Банк Развития Казахстана,Банк Развития Казахстана,bond,corporate,USD,https://kase.kz/api/instruments/securities/?sec_type=bond,https://kase.kz/ru/investors/bonds/BRKZe6,False,UNAVAILABLE,UNAVAILABLE,NO_CHART,INSTRUMENT_DELISTED,0,,,0,0.0,True,
BRKZe7,,Банк Развития Казахстана,Банк Развития Казахстана,bond,corporate,USD,https://kase.kz/api/instruments/securities/?sec_type=bond,https://kase.kz/ru/investors/bonds/BRKZe7,False,UNAVAILABLE,UNAVAILABLE,NO_CHART,INSTRUMENT_DELISTED,0,,,0,0.0,True,
BRKZe7_US,,Банк Развития Казахстана,Банк Развития Казахстана,bond,corporate,USD,https://kase.kz/api/instruments/securities/?sec_type=bond,https://kase.kz/ru/investors/bonds/BRKZe7_US,False,UNAVAILABLE,UNAVAILABLE,NO_CHART,INSTRUMENT_DELISTED,0,,,0,0.0,True,
BRKZe7_USD,,Банк Развития Казахстана,Банк Развития Казахстана,bond,corporate,USD,https://kase.kz/api/instruments/securities/?sec_type=bond,https://kase.kz/ru/investors/bonds/BRKZe7_USD,False,UNAVAILABLE,UNAVAILABLE,NO_CHART,INSTRUMENT_DELISTED,0,,,0,0.0,True,
BRKZe8,,Банк Развития Казахстана,Банк Развития Казахстана,bond,corporate,KZT,https://kase.kz/api/instruments/securities/?sec_type=bond,https://kase.kz/ru/investors/bonds/BRKZe8,False,UNAVAILABLE,UNAVAILABLE,NO_CHART,INSTRUMENT_DELISTED,0,,,0,0.0,True,
BRKZe9,,Банк Развития Казахстана,Банк Развития Казахстана,bond,corporate,KZT,https://kase.kz/api/instruments/securities/?sec_type=bond,https://kase.kz/ru/investors/bonds/BRKZe9,False,UNAVAILABLE,UNAVAILABLE,NO_CHART,INSTRUMENT_DELISTED,0,,,0,0.0,True,
BRKZs1,,Банк Развития Казахстана,Банк Развития Казахстана,bond,corporate,KZT,https://kase.kz/api/instruments/securities/?sec_type=bond,https://kase.kz/ru/investors/bonds/BRKZs1,False,UNAVAILABLE,UNAVAILABLE,NO_CHART,INSTRUMENT_DELISTED,0,,,0,0.0,True,
BSTD_KZe1,,Black Sea Trade and Development Bank,Black Sea Trade and Development Bank,bond,corporate,USD,https://kase.kz/api/instruments/securities/?sec_type=bond,https://kase.kz/ru/investors/bonds/BSTD_KZe1,True,PENDING,PARTIAL,DATA_READY,,35,2025-09-23T19:00:00,2026-08-23T19:00:00,35,14.11,True,
BTAIb1,,"АО ""Investment Astana Group""","АО ""Investment Astana Group""",bond,corporate,KZT,https://kase.kz/api/instruments/securities/?sec_type=bond,https://kase.kz/ru/investors/bonds/BTAIb1,False,UNAVAILABLE,UNAVAILABLE,NO_CHART,INSTRUMENT_DELISTED,0,,,0,0.0,True,
BTAIb10,,"АО ""Investment Astana Group""","АО ""Investment Astana Group""",bond,corporate,KZT,https://kase.kz/api/instruments/securities/?sec_type=bond,https://kase.kz/ru/investors/bonds/BTAIb10,False,UNAVAILABLE,UNAVAILABLE,NO_CHART,INSTRUMENT_DELISTED,0,,,0,0.0,True,
BTAIb11,,"АО ""Investment Astana Group""","АО ""Investment Astana Group""",bond,corporate,KZT,https://kase.kz/api/instruments/securities/?sec_type=bond,https://kase.kz/ru/investors/bonds/BTAIb11,False,UNAVAILABLE,UNAVAILABLE,NO_CHART,INSTRUMENT_DELISTED,0,,,0,0.0,True,
BTAIb12,,"АО ""Investment Astana Group""","АО ""Investment Astana Group""",bond,corporate,KZT,https://kase.kz/api/instruments/securities/?sec_type=bond,https://kase.kz/ru/investors/bonds/BTAIb12,False,UNAVAILABLE,UNAVAILABLE,NO_CHART,INSTRUMENT_DELISTED,0,,,0,0.0,True,
BTAIb13,,"АО ""Investment Astana Group""","АО ""Investment Astana Group""",bond,corporate,KZT,https://kase.kz/api/instruments/securities/?sec_type=bond,https://kase.kz/ru/investors/bonds/BTAIb13,False,UNAVAILABLE,UNAVAILABLE,NO_CHART,INSTRUMENT_DELISTED,0,,,0,0.0,True,
BTAIb14,,"АО ""Investment Astana Group""","АО ""Investment Astana Group""",bond,corporate,KZT,https://kase.kz/api/instruments/securities/?sec_type=bond,https://kase.kz/ru/investors/bonds/BTAIb14,False,UNAVAILABLE,UNAVAILABLE,NO_CHART,INSTRUMENT_DELISTED,0,,,0,0.0,True,
BTAIb15,,"АО ""Investment Astana Group""","АО ""Investment Astana Group""",bond,corporate,KZT,https://kase.kz/api/instruments/securities/?sec_type=bond,https://kase.kz/ru/investors/bonds/BTAIb15,False,UNAVAILABLE,UNAVAILABLE,NO_CHART,INSTRUMENT_DELISTED,0,,,0,0.0,True,
BTAIb16,,"АО ""Investment Astana Group""","АО ""Investment Astana Group""",bond,corporate,KZT,https://kase.kz/api/instruments/securities/?sec_type=bond,https://kase.kz/ru/investors/bonds/BTAIb16,False,UNAVAILABLE,UNAVAILABLE,NO_CHART,INSTRUMENT_DELISTED,0,,,0,0.0,True,
BTAIb2,,"АО ""Investment Astana Group""","АО ""Investment Astana Group""",bond,corporate,KZT,https://kase.kz/api/instruments/securities/?sec_type=bond,https://kase.kz/ru/investors/bonds/BTAIb2,False,UNAVAILABLE,UNAVAILABLE,NO_CHART,INSTRUMENT_DELISTED,0,,,0,0.0,True,
BTAIb3,,"АО ""Investment Astana Group""","АО ""Investment Astana Group""",bond,corporate,KZT,https://kase.kz/api/instruments/securities/?sec_type=bond,https://kase.kz/ru/investors/bonds/BTAIb3,False,UNAVAILABLE,UNAVAILABLE,NO_CHART,INSTRUMENT_DELISTED,0,,,0,0.0,True,
BTAIb4,,"АО ""Investment Astana Group""","АО ""Investment Astana Group""",bond,corporate,KZT,https://kase.kz/api/instruments/securities/?sec_type=bond,https://kase.kz/ru/investors/bonds/BTAIb4,False,UNAVAILABLE,UNAVAILABLE,NO_CHART,INSTRUMENT_DELISTED,0,,,0,0.0,True,
BTAIb5,,"АО ""Investment Astana Group""","АО ""Investment Astana Group""",bond,corporate,KZT,https://kase.kz/api/instruments/securities/?sec_type=bond,https://kase.kz/ru/investors/bonds/BTAIb5,False,UNAVAILABLE,UNAVAILABLE,NO_CHART,INSTRUMENT_DELISTED,0,,,0,0.0,True,
BTAIb6,,"АО ""Investment Astana Group""","АО ""Investment Astana Group""",bond,corporate,KZT,https://kase.kz/api/instruments/securities/?sec_type=bond,https://kase.kz/ru/investors/bonds/BTAIb6,False,UNAVAILABLE,UNAVAILABLE,NO_CHART,INSTRUMENT_DELISTED,0,,,0,0.0,True,
BTAIb7,,"АО ""Investment Astana Group""","АО ""Investment Astana Group""",bond,corporate,KZT,https://kase.kz/api/instruments/securities/?sec_type=bond,https://kase.kz/ru/investors/bonds/BTAIb7,False,UNAVAILABLE,UNAVAILABLE,NO_CHART,INSTRUMENT_DELISTED,0,,,0,0.0,True,
BTAIb8,,"АО ""Investment Astana Group""","АО ""Investment Astana Group""",bond,corporate,KZT,https://kase.kz/api/instruments/securities/?sec_type=bond,https://kase.kz/ru/investors/bonds/BTAIb8,False,UNAVAILABLE,UNAVAILABLE,NO_CHART,INSTRUMENT_DELISTED,0,,,0,0.0,True,
BTAIb9,,"АО ""Investment Astana Group""","АО ""Investment Astana Group""",bond,corporate,KZT,https://kase.kz/api/instruments/securities/?sec_type=bond,https://kase.kz/ru/investors/bonds/BTAIb9,False,UNAVAILABLE,UNAVAILABLE,NO_CHART,INSTRUMENT_DELISTED,0,,,0,0.0,True,
BTASb1,,БТА Банк,БТА Банк,bond,corporate,USD,https://kase.kz/api/instruments/securities/?sec_type=bond,https://kase.kz/ru/investors/bonds/BTASb1,False,UNAVAILABLE,UNAVAILABLE,NO_CHART,INSTRUMENT_DELISTED,0,,,0,0.0,True,
BTASb10,,БТА Банк,БТА Банк,bond,corporate,KZT,https://kase.kz/api/instruments/securities/?sec_type=bond,https://kase.kz/ru/investors/bonds/BTASb10,False,UNAVAILABLE,UNAVAILABLE,NO_CHART,INSTRUMENT_DELISTED,0,,,0,0.0,True,
BTASb11,,БТА Банк,БТА Банк,bond,corporate,KZT,https://kase.kz/api/instruments/securities/?sec_type=bond,https://kase.kz/ru/investors/bonds/BTASb11,False,UNAVAILABLE,UNAVAILABLE,NO_CHART,INSTRUMENT_DELISTED,0,,,0,0.0,True,
BTASb12,,БТА Банк,БТА Банк,bond,corporate,KZT,https://kase.kz/api/instruments/securities/?sec_type=bond,https://kase.kz/ru/investors/bonds/BTASb12,False,UNAVAILABLE,UNAVAILABLE,NO_CHART,INSTRUMENT_DELISTED,0,,,0,0.0,True,
BTASb13,,БТА Банк,БТА Банк,bond,corporate,KZT,https://kase.kz/api/instruments/securities/?sec_type=bond,https://kase.kz/ru/investors/bonds/BTASb13,False,UNAVAILABLE,UNAVAILABLE,NO_CHART,INSTRUMENT_DELISTED,0,,,0,0.0,True,
BTASb14,,БТА Банк,БТА Банк,bond,corporate,KZT,https://kase.kz/api/instruments/securities/?sec_type=bond,https://kase.kz/ru/investors/bonds/BTASb14,False,UNAVAILABLE,UNAVAILABLE,NO_CHART,INSTRUMENT_DELISTED,0,,,0,0.0,True,
BTASb15,,БТА Банк,БТА Банк,bond,corporate,KZT,https://kase.kz/api/instruments/securities/?sec_type=bond,https://kase.kz/ru/investors/bonds/BTASb15,False,UNAVAILABLE,UNAVAILABLE,NO_CHART,INSTRUMENT_DELISTED,0,,,0,0.0,True,
BTASb16,,БТА Банк,БТА Банк,bond,corporate,KZT,https://kase.kz/api/instruments/securities/?sec_type=bond,https://kase.kz/ru/investors/bonds/BTASb16,False,UNAVAILABLE,UNAVAILABLE,NO_CHART,INSTRUMENT_DELISTED,0,,,0,0.0,True,
BTASb17,,БТА Банк,БТА Банк,bond,corporate,KZT,https://kase.kz/api/instruments/securities/?sec_type=bond,https://kase.kz/ru/investors/bonds/BTASb17,False,UNAVAILABLE,UNAVAILABLE,NO_CHART,INSTRUMENT_DELISTED,0,,,0,0.0,True,
BTASb18,,БТА Банк,БТА Банк,bond,corporate,KZT,https://kase.kz/api/instruments/securities/?sec_type=bond,https://kase.kz/ru/investors/bonds/BTASb18,False,UNAVAILABLE,UNAVAILABLE,NO_CHART,INSTRUMENT_DELISTED,0,,,0,0.0,True,
BTASb19,,БТА Банк,БТА Банк,bond,corporate,KZT,https://kase.kz/api/instruments/securities/?sec_type=bond,https://kase.kz/ru/investors/bonds/BTASb19,False,UNAVAILABLE,UNAVAILABLE,NO_CHART,INSTRUMENT_DELISTED,0,,,0,0.0,True,
BTASb2,,БТА Банк,БТА Банк,bond,corporate,USD,https://kase.kz/api/instruments/securities/?sec_type=bond,https://kase.kz/ru/investors/bonds/BTASb2,False,UNAVAILABLE,UNAVAILABLE,NO_CHART,INSTRUMENT_DELISTED,0,,,0,0.0,True,
BTASb20,,БТА Банк,БТА Банк,bond,corporate,KZT,https://kase.kz/api/instruments/securities/?sec_type=bond,https://kase.kz/ru/investors/bonds/BTASb20,False,UNAVAILABLE,UNAVAILABLE,NO_CHART,INSTRUMENT_DELISTED,0,,,0,0.0,True,
BTASb21,,БТА Банк,БТА Банк,bond,corporate,KZT,https://kase.kz/api/instruments/securities/?sec_type=bond,https://kase.kz/ru/investors/bonds/BTASb21,False,UNAVAILABLE,UNAVAILABLE,NO_CHART,INSTRUMENT_DELISTED,0,,,0,0.0,True,
BTASb22,,БТА Банк,БТА Банк,bond,corporate,KZT,https://kase.kz/api/instruments/securities/?sec_type=bond,https://kase.kz/ru/investors/bonds/BTASb22,False,UNAVAILABLE,UNAVAILABLE,NO_CHART,INSTRUMENT_DELISTED,0,,,0,0.0,True,
BTASb23,,БТА Банк,БТА Банк,bond,corporate,KZT,https://kase.kz/api/instruments/securities/?sec_type=bond,https://kase.kz/ru/investors/bonds/BTASb23,False,UNAVAILABLE,UNAVAILABLE,NO_CHART,INSTRUMENT_DELISTED,0,,,0,0.0,True,
BTASb24,,БТА Банк,БТА Банк,bond,corporate,KZT,https://kase.kz/api/instruments/securities/?sec_type=bond,https://kase.kz/ru/investors/bonds/BTASb24,False,UNAVAILABLE,UNAVAILABLE,NO_CHART,INSTRUMENT_DELISTED,0,,,0,0.0,True,
BTASb25,,БТА Банк,БТА Банк,bond,corporate,KZT,https://kase.kz/api/instruments/securities/?sec_type=bond,https://kase.kz/ru/investors/bonds/BTASb25,False,UNAVAILABLE,UNAVAILABLE,NO_CHART,INSTRUMENT_DELISTED,0,,,0,0.0,True,
BTASb26,,БТА Банк,БТА Банк,bond,corporate,KZT,https://kase.kz/api/instruments/securities/?sec_type=bond,https://kase.kz/ru/investors/bonds/BTASb26,False,UNAVAILABLE,UNAVAILABLE,NO_CHART,INSTRUMENT_DELISTED,0,,,0,0.0,True,
BTASb27,,БТА Банк,БТА Банк,bond,corporate,KZT,https://kase.kz/api/instruments/securities/?sec_type=bond,https://kase.kz/ru/investors/bonds/BTASb27,False,UNAVAILABLE,UNAVAILABLE,NO_CHART,INSTRUMENT_DELISTED,0,,,0,0.0,True,
BTASb28,,БТА Банк,БТА Банк,bond,corporate,KZT,https://kase.kz/api/instruments/securities/?sec_type=bond,https://kase.kz/ru/investors/bonds/BTASb28,False,UNAVAILABLE,UNAVAILABLE,NO_CHART,INSTRUMENT_DELISTED,0,,,0,0.0,True,
BTASb29,,БТА Банк,БТА Банк,bond,corporate,KZT,https://kase.kz/api/instruments/securities/?sec_type=bond,https://kase.kz/ru/investors/bonds/BTASb29,False,UNAVAILABLE,UNAVAILABLE,NO_CHART,INSTRUMENT_DELISTED,0,,,0,0.0,True,
BTASb3,,БТА Банк,БТА Банк,bond,corporate,KZT,https://kase.kz/api/instruments/securities/?sec_type=bond,https://kase.kz/ru/investors/bonds/BTASb3,False,UNAVAILABLE,UNAVAILABLE,NO_CHART,INSTRUMENT_DELISTED,0,,,0,0.0,True,
BTASb30,,БТА Банк,БТА Банк,bond,corporate,KZT,https://kase.kz/api/instruments/securities/?sec_type=bond,https://kase.kz/ru/investors/bonds/BTASb30,False,UNAVAILABLE,UNAVAILABLE,NO_CHART,INSTRUMENT_DELISTED,0,,,0,0.0,True,
BTASb4,,БТА Банк,БТА Банк,bond,corporate,KZT,https://kase.kz/api/instruments/securities/?sec_type=bond,https://kase.kz/ru/investors/bonds/BTASb4,False,UNAVAILABLE,UNAVAILABLE,NO_CHART,INSTRUMENT_DELISTED,0,,,0,0.0,True,
BTASb5,,БТА Банк,БТА Банк,bond,corporate,KZT,https://kase.kz/api/instruments/securities/?sec_type=bond,https://kase.kz/ru/investors/bonds/BTASb5,False,UNAVAILABLE,UNAVAILABLE,NO_CHART,INSTRUMENT_DELISTED,0,,,0,0.0,True,
BTASb7,,БТА Банк,БТА Банк,bond,corporate,KZT,https://kase.kz/api/instruments/securities/?sec_type=bond,https://kase.kz/ru/investors/bonds/BTASb7,True,PENDING,UNAVAILABLE,NO_HISTORY,NO_PUBLIC_HISTORY,0,,,0,0.0,True,
BTASb9,,БТА Банк,БТА Банк,bond,corporate,KZT,https://kase.kz/api/instruments/securities/?sec_type=bond,https://kase.kz/ru/investors/bonds/BTASb9,False,UNAVAILABLE,UNAVAILABLE,NO_CHART,INSTRUMENT_DELISTED,0,,,0,0.0,True,
BTASe1,,БТА Банк,БТА Банк,bond,corporate,USD,https://kase.kz/api/instruments/securities/?sec_type=bond,https://kase.kz/ru/investors/bonds/BTASe1,False,UNAVAILABLE,UNAVAILABLE,NO_CHART,INSTRUMENT_DELISTED,0,,,0,0.0,True,
BTASe10,,БТА Банк,БТА Банк,bond,corporate,EUR,https://kase.kz/api/instruments/securities/?sec_type=bond,https://kase.kz/ru/investors/bonds/BTASe10,False,UNAVAILABLE,UNAVAILABLE,NO_CHART,INSTRUMENT_DELISTED,0,,,0,0.0,True,
BTASe11,,БТА Банк,БТА Банк,bond,corporate,USD,https://kase.kz/api/instruments/securities/?sec_type=bond,https://kase.kz/ru/investors/bonds/BTASe11,False,UNAVAILABLE,UNAVAILABLE,NO_CHART,INSTRUMENT_DELISTED,0,,,0,0.0,True,
BTASe12,,БТА Банк,БТА Банк,bond,corporate,EUR,https://kase.kz/api/instruments/securities/?sec_type=bond,https://kase.kz/ru/investors/bonds/BTASe12,False,UNAVAILABLE,UNAVAILABLE,NO_CHART,INSTRUMENT_DELISTED,0,,,0,0.0,True,
BTASe13,,БТА Банк,БТА Банк,bond,corporate,KZT,https://kase.kz/api/instruments/securities/?sec_type=bond,https://kase.kz/ru/investors/bonds/BTASe13,False,UNAVAILABLE,UNAVAILABLE,NO_CHART,INSTRUMENT_DELISTED,0,,,0,0.0,True,
BTASe14,,БТА Банк,БТА Банк,bond,corporate,KZT,https://kase.kz/api/instruments/securities/?sec_type=bond,https://kase.kz/ru/investors/bonds/BTASe14,True,PENDING,UNAVAILABLE,NO_HISTORY,NO_PUBLIC_HISTORY,0,,,0,0.0,True,
BTASe15,,БТА Банк,БТА Банк,bond,corporate,USD,https://kase.kz/api/instruments/securities/?sec_type=bond,https://kase.kz/ru/investors/bonds/BTASe15,False,UNAVAILABLE,UNAVAILABLE,NO_CHART,INSTRUMENT_DELISTED,0,,,0,0.0,True,
BTASe16,,Народный Банк Казахстана,Народный Банк Казахстана,bond,corporate,KZT,https://kase.kz/api/instruments/securities/?sec_type=bond,https://kase.kz/ru/investors/bonds/BTASe16,False,UNAVAILABLE,UNAVAILABLE,NO_CHART,INSTRUMENT_DELISTED,0,,,0,0.0,True,
BTASe2,,BTASe2,BTASe2,bond,corporate,USD,https://kase.kz/api/instruments/securities/?sec_type=bond,https://kase.kz/ru/investors/bonds/BTASe2,False,UNAVAILABLE,UNAVAILABLE,NO_CHART,INSTRUMENT_DELISTED,0,,,0,0.0,True,
BTASe3,,BTASe3,BTASe3,bond,corporate,USD,https://kase.kz/api/instruments/securities/?sec_type=bond,https://kase.kz/ru/investors/bonds/BTASe3,False,UNAVAILABLE,UNAVAILABLE,NO_CHART,INSTRUMENT_DELISTED,0,,,0,0.0,True,
BTASe4,,BTASe4,BTASe4,bond,corporate,USD,https://kase.kz/api/instruments/securities/?sec_type=bond,https://kase.kz/ru/investors/bonds/BTASe4,False,UNAVAILABLE,UNAVAILABLE,NO_CHART,INSTRUMENT_DELISTED,0,,,0,0.0,True,
BTASe5,,BTASe5,BTASe5,bond,corporate,KZT,https://kase.kz/api/instruments/securities/?sec_type=bond,https://kase.kz/ru/investors/bonds/BTASe5,False,UNAVAILABLE,UNAVAILABLE,NO_CHART,INSTRUMENT_DELISTED,0,,,0,0.0,True,
BTASe6,,BTASe6,BTASe6,bond,corporate,KZT,https://kase.kz/api/instruments/securities/?sec_type=bond,https://kase.kz/ru/investors/bonds/BTASe6,False,UNAVAILABLE,UNAVAILABLE,NO_CHART,INSTRUMENT_DELISTED,0,,,0,0.0,True,
BTASe7,,БТА Банк,БТА Банк,bond,corporate,USD,https://kase.kz/api/instruments/securities/?sec_type=bond,https://kase.kz/ru/investors/bonds/BTASe7,False,UNAVAILABLE,UNAVAILABLE,NO_CHART,INSTRUMENT_DELISTED,0,,,0,0.0,True,
BTASe8,,БТА Банк,БТА Банк,bond,corporate,KZT,https://kase.kz/api/instruments/securities/?sec_type=bond,https://kase.kz/ru/investors/bonds/BTASe8,False,UNAVAILABLE,UNAVAILABLE,NO_CHART,INSTRUMENT_DELISTED,0,,,0,0.0,True,
BTASe9,,БТА Банк,БТА Банк,bond,corporate,USD,https://kase.kz/api/instruments/securities/?sec_type=bond,https://kase.kz/ru/investors/bonds/BTASe9,False,UNAVAILABLE,UNAVAILABLE,NO_CHART,INSTRUMENT_DELISTED,0,,,0,0.0,True,
BTDVb1,,Казахстанская Жилищная Компания,Казахстанская Жилищная Компания,bond,corporate,KZT,https://kase.kz/api/instruments/securities/?sec_type=bond,https://kase.kz/ru/investors/bonds/BTDVb1,True,PENDING,UNAVAILABLE,NO_HISTORY,NO_PUBLIC_HISTORY,0,,,0,0.0,True,
BTDVb2,,Казахстанская Жилищная Компания,Казахстанская Жилищная Компания,bond,corporate,KZT,https://kase.kz/api/instruments/securities/?sec_type=bond,https://kase.kz/ru/investors/bonds/BTDVb2,True,PENDING,UNAVAILABLE,NO_HISTORY,NO_PUBLIC_HISTORY,0,,,0,0.0,True,
BTDVb3,,Казахстанская Жилищная Компания,Казахстанская Жилищная Компания,bond,corporate,KZT,https://kase.kz/api/instruments/securities/?sec_type=bond,https://kase.kz/ru/investors/bonds/BTDVb3,False,UNAVAILABLE,UNAVAILABLE,NO_CHART,INSTRUMENT_DELISTED,0,,,0,0.0,True,
BTDVb4,,Казахстанская Жилищная Компания,Казахстанская Жилищная Компания,bond,corporate,KZT,https://kase.kz/api/instruments/securities/?sec_type=bond,https://kase.kz/ru/investors/bonds/BTDVb4,True,PENDING,UNAVAILABLE,NO_HISTORY,NO_PUBLIC_HISTORY,0,,,0,0.0,True,
BTDVb5,,Казахстанская Жилищная Компания,Казахстанская Жилищная Компания,bond,corporate,KZT,https://kase.kz/api/instruments/securities/?sec_type=bond,https://kase.kz/ru/investors/bonds/BTDVb5,True,PENDING,UNAVAILABLE,NO_HISTORY,NO_PUBLIC_HISTORY,0,,,0,0.0,True,
BTDVb6,,Казахстанская Жилищная Компания,Казахстанская Жилищная Компания,bond,corporate,KZT,https://kase.kz/api/instruments/securities/?sec_type=bond,https://kase.kz/ru/investors/bonds/BTDVb6,True,PENDING,UNAVAILABLE,NO_HISTORY,NO_PUBLIC_HISTORY,0,,,0,0.0,True,
BTDVb7,,Казахстанская Жилищная Компания,Казахстанская Жилищная Компания,bond,corporate,KZT,https://kase.kz/api/instruments/securities/?sec_type=bond,https://kase.kz/ru/investors/bonds/BTDVb7,True,PENDING,UNAVAILABLE,NO_HISTORY,NO_PUBLIC_HISTORY,0,,,0,0.0,True,
BTLZb1,,Аль Сакр Финанс,Аль Сакр Финанс,bond,corporate,KZT,https://kase.kz/api/instruments/securities/?sec_type=bond,https://kase.kz/ru/investors/bonds/BTLZb1,False,UNAVAILABLE,UNAVAILABLE,NO_CHART,INSTRUMENT_DELISTED,0,,,0,0.0,True,
BTRKb1,,"Национальный инвестиционный холдинг ""Байтерек""","Национальный инвестиционный холдинг ""Байтерек""",bond,corporate,KZT,https://kase.kz/api/instruments/securities/?sec_type=bond,https://kase.kz/ru/investors/bonds/BTRKb1,True,PENDING,UNAVAILABLE,NO_HISTORY,NO_PUBLIC_HISTORY,0,,,0,0.0,True,
BTRKb10,,"Национальный инвестиционный холдинг ""Байтерек""","Национальный инвестиционный холдинг ""Байтерек""",bond,corporate,KZT,https://kase.kz/api/instruments/securities/?sec_type=bond,https://kase.kz/ru/investors/bonds/BTRKb10,True,PENDING,UNAVAILABLE,NO_HISTORY,NO_PUBLIC_HISTORY,0,,,0,0.0,True,
BTRKb11,,"Национальный инвестиционный холдинг ""Байтерек""","Национальный инвестиционный холдинг ""Байтерек""",bond,corporate,KZT,https://kase.kz/api/instruments/securities/?sec_type=bond,https://kase.kz/ru/investors/bonds/BTRKb11,True,PENDING,PARTIAL,DATA_READY,,57,2025-09-09T19:00:00,2026-08-26T19:00:00,57,22.98,True,
BTRKb12,,"Национальный инвестиционный холдинг ""Байтерек""","Национальный инвестиционный холдинг ""Байтерек""",bond,corporate,KZT,https://kase.kz/api/instruments/securities/?sec_type=bond,https://kase.kz/ru/investors/bonds/BTRKb12,False,UNAVAILABLE,UNAVAILABLE,NO_CHART,INSTRUMENT_DELISTED,0,,,0,0.0,True,
BTRKb13,,"Национальный инвестиционный холдинг ""Байтерек""","Национальный инвестиционный холдинг ""Байтерек""",bond,corporate,KZT,https://kase.kz/api/instruments/securities/?sec_type=bond,https://kase.kz/ru/investors/bonds/BTRKb13,False,UNAVAILABLE,UNAVAILABLE,NO_CHART,INSTRUMENT_DELISTED,0,,,0,0.0,True,
BTRKb14,,"Национальный инвестиционный холдинг ""Байтерек""","Национальный инвестиционный холдинг ""Байтерек""",bond,corporate,KZT,https://kase.kz/api/instruments/securities/?sec_type=bond,https://kase.kz/ru/investors/bonds/BTRKb14,False,UNAVAILABLE,UNAVAILABLE,NO_CHART,INSTRUMENT_DELISTED,0,,,0,0.0,True,
BTRKb15,,"Национальный инвестиционный холдинг ""Байтерек""","Национальный инвестиционный холдинг ""Байтерек""",bond,corporate,KZT,https://kase.kz/api/instruments/securities/?sec_type=bond,https://kase.kz/ru/investors/bonds/BTRKb15,True,PENDING,UNAVAILABLE,NO_HISTORY,NO_PUBLIC_HISTORY,0,,,0,0.0,True,
BTRKb16,,"Национальный инвестиционный холдинг ""Байтерек""","Национальный инвестиционный холдинг ""Байтерек""",bond,corporate,KZT,https://kase.kz/api/instruments/securities/?sec_type=bond,https://kase.kz/ru/investors/bonds/BTRKb16,True,PENDING,UNAVAILABLE,NO_HISTORY,NO_PUBLIC_HISTORY,0,,,0,0.0,True,
BTRKb17,,"Национальный инвестиционный холдинг ""Байтерек""","Национальный инвестиционный холдинг ""Байтерек""",bond,corporate,KZT,https://kase.kz/api/instruments/securities/?sec_type=bond,https://kase.kz/ru/investors/bonds/BTRKb17,False,UNAVAILABLE,UNAVAILABLE,NO_CHART,INSTRUMENT_DELISTED,0,,,0,0.0,True,
BTRKb18,,"Национальный инвестиционный холдинг ""Байтерек""","Национальный инвестиционный холдинг ""Байтерек""",bond,corporate,KZT,https://kase.kz/api/instruments/securities/?sec_type=bond,https://kase.kz/ru/investors/bonds/BTRKb18,False,UNAVAILABLE,UNAVAILABLE,NO_CHART,INSTRUMENT_DELISTED,0,,,0,0.0,True,
BTRKb19,,"Национальный инвестиционный холдинг ""Байтерек""","Национальный инвестиционный холдинг ""Байтерек""",bond,corporate,KZT,https://kase.kz/api/instruments/securities/?sec_type=bond,https://kase.kz/ru/investors/bonds/BTRKb19,False,UNAVAILABLE,UNAVAILABLE,NO_CHART,INSTRUMENT_DELISTED,0,,,0,0.0,True,
BTRKb2,,"Национальный инвестиционный холдинг ""Байтерек""","Национальный инвестиционный холдинг ""Байтерек""",bond,corporate,KZT,https://kase.kz/api/instruments/securities/?sec_type=bond,https://kase.kz/ru/investors/bonds/BTRKb2,True,PENDING,UNAVAILABLE,NO_HISTORY,NO_PUBLIC_HISTORY,0,,,0,0.0,True,
BTRKb20,,"Национальный инвестиционный холдинг ""Байтерек""","Национальный инвестиционный холдинг ""Байтерек""",bond,corporate,KZT,https://kase.kz/api/instruments/securities/?sec_type=bond,https://kase.kz/ru/investors/bonds/BTRKb20,False,UNAVAILABLE,UNAVAILABLE,NO_CHART,INSTRUMENT_DELISTED,0,,,0,0.0,True,
BTRKb21,,"Национальный инвестиционный холдинг ""Байтерек""","Национальный инвестиционный холдинг ""Байтерек""",bond,corporate,KZT,https://kase.kz/api/instruments/securities/?sec_type=bond,https://kase.kz/ru/investors/bonds/BTRKb21,True,PENDING,PARTIAL,DATA_READY,,12,2025-12-28T19:00:00,2026-08-24T19:00:00,12,4.84,True,
BTRKb22,,"Национальный инвестиционный холдинг ""Байтерек""","Национальный инвестиционный холдинг ""Байтерек""",bond,corporate,KZT,https://kase.kz/api/instruments/securities/?sec_type=bond,https://kase.kz/ru/investors/bonds/BTRKb22,True,PENDING,PARTIAL,DATA_READY,,10,2026-04-02T19:00:00,2026-08-13T19:00:00,10,4.03,True,
BTRKb23,,"Национальный инвестиционный холдинг ""Байтерек""","Национальный инвестиционный холдинг ""Байтерек""",bond,corporate,KZT,https://kase.kz/api/instruments/securities/?sec_type=bond,https://kase.kz/ru/investors/bonds/BTRKb23,True,PENDING,PARTIAL,DATA_READY,,15,2025-12-28T19:00:00,2026-08-26T19:00:00,15,6.05,True,
BTRKb24,,"Национальный инвестиционный холдинг ""Байтерек""","Национальный инвестиционный холдинг ""Байтерек""",bond,corporate,KZT,https://kase.kz/api/instruments/securities/?sec_type=bond,https://kase.kz/ru/investors/bonds/BTRKb24,True,PENDING,PARTIAL,DATA_READY,,17,2026-04-05T19:00:00,2026-08-25T19:00:00,17,6.85,True,
BTRKb25,,"Национальный инвестиционный холдинг ""Байтерек""","Национальный инвестиционный холдинг ""Байтерек""",bond,corporate,KZT,https://kase.kz/api/instruments/securities/?sec_type=bond,https://kase.kz/ru/investors/bonds/BTRKb25,False,UNAVAILABLE,UNAVAILABLE,NO_CHART,INSTRUMENT_DELISTED,0,,,0,0.0,True,
BTRKb26,,"Национальный инвестиционный холдинг ""Байтерек""","Национальный инвестиционный холдинг ""Байтерек""",bond,corporate,KZT,https://kase.kz/api/instruments/securities/?sec_type=bond,https://kase.kz/ru/investors/bonds/BTRKb26,True,PENDING,PARTIAL,DATA_READY,,27,2025-12-16T19:00:00,2026-08-23T19:00:00,27,10.89,True,
BTRKb27,,"Национальный инвестиционный холдинг ""Байтерек""","Национальный инвестиционный холдинг ""Байтерек""",bond,corporate,KZT,https://kase.kz/api/instruments/securities/?sec_type=bond,https://kase.kz/ru/investors/bonds/BTRKb27,False,UNAVAILABLE,UNAVAILABLE,NO_CHART,INSTRUMENT_DELISTED,0,,,0,0.0,True,
BTRKb28,,"Национальный инвестиционный холдинг ""Байтерек""","Национальный инвестиционный холдинг ""Байтерек""",bond,corporate,KZT,https://kase.kz/api/instruments/securities/?sec_type=bond,https://kase.kz/ru/investors/bonds/BTRKb28,True,PENDING,UNAVAILABLE,NO_HISTORY,NO_PUBLIC_HISTORY,0,,,0,0.0,True,
BTRKb29,,"Национальный инвестиционный холдинг ""Байтерек""","Национальный инвестиционный холдинг ""Байтерек""",bond,corporate,KZT,https://kase.kz/api/instruments/securities/?sec_type=bond,https://kase.kz/ru/investors/bonds/BTRKb29,True,PENDING,PARTIAL,DATA_READY,,2,2026-03-09T19:00:00,2026-08-04T19:00:00,2,0.81,True,
BTRKb3,,"Национальный инвестиционный холдинг ""Байтерек""","Национальный инвестиционный холдинг ""Байтерек""",bond,corporate,KZT,https://kase.kz/api/instruments/securities/?sec_type=bond,https://kase.kz/ru/investors/bonds/BTRKb3,True,PENDING,UNAVAILABLE,NO_HISTORY,NO_PUBLIC_HISTORY,0,,,0,0.0,True,
BTRKb30,,"Национальный инвестиционный холдинг ""Байтерек""","Национальный инвестиционный холдинг ""Байтерек""",bond,corporate,KZT,https://kase.kz/api/instruments/securities/?sec_type=bond,https://kase.kz/ru/investors/bonds/BTRKb30,True,PENDING,UNAVAILABLE,NO_HISTORY,NO_PUBLIC_HISTORY,0,,,0,0.0,True,
BTRKb31,,"Национальный инвестиционный холдинг ""Байтерек""","Национальный инвестиционный холдинг ""Байтерек""",bond,corporate,KZT,https://kase.kz/api/instruments/securities/?sec_type=bond,https://kase.kz/ru/investors/bonds/BTRKb31,True,PENDING,UNAVAILABLE,NO_HISTORY,NO_PUBLIC_HISTORY,0,,,0,0.0,True,
BTRKb32,,"Национальный инвестиционный холдинг ""Байтерек""","Национальный инвестиционный холдинг ""Байтерек""",bond,corporate,KZT,https://kase.kz/api/instruments/securities/?sec_type=bond,https://kase.kz/ru/investors/bonds/BTRKb32,True,PENDING,PARTIAL,DATA_READY,,3,2026-05-19T19:00:00,2026-08-04T19:00:00,3,1.21,True,
BTRKb33,,"Национальный инвестиционный холдинг ""Байтерек""","Национальный инвестиционный холдинг ""Байтерек""",bond,corporate,KZT,https://kase.kz/api/instruments/securities/?sec_type=bond,https://kase.kz/ru/investors/bonds/BTRKb33,True,PENDING,UNAVAILABLE,NO_HISTORY,NO_PUBLIC_HISTORY,0,,,0,0.0,True,
BTRKb34,,"Национальный инвестиционный холдинг ""Байтерек""","Национальный инвестиционный холдинг ""Байтерек""",bond,corporate,KZT,https://kase.kz/api/instruments/securities/?sec_type=bond,https://kase.kz/ru/investors/bonds/BTRKb34,True,PENDING,PARTIAL,DATA_READY,,1,2026-08-17T19:00:00,2026-08-17T19:00:00,1,0.4,True,
BTRKb4,,"Национальный инвестиционный холдинг ""Байтерек""","Национальный инвестиционный холдинг ""Байтерек""",bond,corporate,KZT,https://kase.kz/api/instruments/securities/?sec_type=bond,https://kase.kz/ru/investors/bonds/BTRKb4,True,PENDING,UNAVAILABLE,NO_HISTORY,NO_PUBLIC_HISTORY,0,,,0,0.0,True,
BTRKb5,,"Национальный инвестиционный холдинг ""Байтерек""","Национальный инвестиционный холдинг ""Байтерек""",bond,corporate,KZT,https://kase.kz/api/instruments/securities/?sec_type=bond,https://kase.kz/ru/investors/bonds/BTRKb5,True,PENDING,PARTIAL,DATA_READY,,31,2026-04-12T19:00:00,2026-08-27T19:00:00,31,12.5,True,
BTRKb6,,"Национальный инвестиционный холдинг ""Байтерек""","Национальный инвестиционный холдинг ""Байтерек""",bond,corporate,KZT,https://kase.kz/api/instruments/securities/?sec_type=bond,https://kase.kz/ru/investors/bonds/BTRKb6,True,PENDING,UNAVAILABLE,NO_HISTORY,NO_PUBLIC_HISTORY,0,,,0,0.0,True,
BTRKb7,,"Национальный инвестиционный холдинг ""Байтерек""","Национальный инвестиционный холдинг ""Байтерек""",bond,corporate,KZT,https://kase.kz/api/instruments/securities/?sec_type=bond,https://kase.kz/ru/investors/bonds/BTRKb7,True,PENDING,PARTIAL,DATA_READY,,28,2025-09-09T19:00:00,2026-08-24T19:00:00,28,11.29,True,
BTRKb8,,"Национальный инвестиционный холдинг ""Байтерек""","Национальный инвестиционный холдинг ""Байтерек""",bond,corporate,KZT,https://kase.kz/api/instruments/securities/?sec_type=bond,https://kase.kz/ru/investors/bonds/BTRKb8,True,PENDING,PARTIAL,DATA_READY,,221,2025-08-27T19:00:00,2026-08-26T19:00:00,221,89.11,True,
BTRKb9,,"Национальный инвестиционный холдинг ""Байтерек""","Национальный инвестиционный холдинг ""Байтерек""",bond,corporate,KZT,https://kase.kz/api/instruments/securities/?sec_type=bond,https://kase.kz/ru/investors/bonds/BTRKb9,True,PENDING,PARTIAL,DATA_READY,,14,2026-02-24T19:00:00,2026-08-20T19:00:00,14,5.65,True,
BTRKe1,,"Национальный инвестиционный холдинг ""Байтерек""","Национальный инвестиционный холдинг ""Байтерек""",bond,corporate,USD,https://kase.kz/api/instruments/securities/?sec_type=bond,https://kase.kz/ru/investors/bonds/BTRKe1,True,PENDING,PARTIAL,DATA_READY,,6,2025-11-04T19:00:00,2026-08-27T19:00:00,6,2.42,True,
BTRKe2,,"Национальный инвестиционный холдинг ""Байтерек""","Национальный инвестиционный холдинг ""Байтерек""",bond,corporate,USD,https://kase.kz/api/instruments/securities/?sec_type=bond,https://kase.kz/ru/investors/bonds/BTRKe2,True,PENDING,PARTIAL,DATA_READY,,22,2025-10-07T19:00:00,2026-08-16T19:00:00,22,8.87,True,
BTRKe3,,"Национальный инвестиционный холдинг ""Байтерек""","Национальный инвестиционный холдинг ""Байтерек""",bond,corporate,KZT,https://kase.kz/api/instruments/securities/?sec_type=bond,https://kase.kz/ru/investors/bonds/BTRKe3,True,PENDING,UNAVAILABLE,NO_HISTORY,NO_PUBLIC_HISTORY,0,,,0,0.0,True,
BTRKe4,,"Национальный инвестиционный холдинг ""Байтерек""","Национальный инвестиционный холдинг ""Байтерек""",bond,corporate,KZT,https://kase.kz/api/instruments/securities/?sec_type=bond,https://kase.kz/ru/investors/bonds/BTRKe4,True,PENDING,UNAVAILABLE,NO_HISTORY,NO_PUBLIC_HISTORY,0,,,0,0.0,True,
BTRKe5,,"Национальный инвестиционный холдинг ""Байтерек""","Национальный инвестиционный холдинг ""Байтерек""",bond,corporate,KZT,https://kase.kz/api/instruments/securities/?sec_type=bond,https://kase.kz/ru/investors/bonds/BTRKe5,True,PENDING,UNAVAILABLE,NO_HISTORY,NO_PUBLIC_HISTORY,0,,,0,0.0,True,
BTRKe6,,"Национальный инвестиционный холдинг ""Байтерек""","Национальный инвестиционный холдинг ""Байтерек""",bond,corporate,USD,https://kase.kz/api/instruments/securities/?sec_type=bond,https://kase.kz/ru/investors/bonds/BTRKe6,True,PENDING,UNAVAILABLE,NO_HISTORY,NO_PUBLIC_HISTORY,0,,,0,0.0,True,
BTRKe6_,,"Национальный инвестиционный холдинг ""Байтерек""","Национальный инвестиционный холдинг ""Байтерек""",bond,corporate,USD,https://kase.kz/api/instruments/securities/?sec_type=bond,https://kase.kz/ru/investors/bonds/BTRKe6_,True,PENDING,UNAVAILABLE,NO_HISTORY,NO_PUBLIC_HISTORY,0,,,0,0.0,True,
BTTRb1,,Батыс транзит,Батыс транзит,bond,corporate,KZT,https://kase.kz/api/instruments/securities/?sec_type=bond,https://kase.kz/ru/investors/bonds/BTTRb1,False,UNAVAILABLE,UNAVAILABLE,NO_CHART,INSTRUMENT_DELISTED,0,,,0,0.0,True,
BTVFpp1,,Baiterek Venture Fund,Baiterek Venture Fund,bond,corporate,KZT,https://kase.kz/api/instruments/securities/?sec_type=bond,https://kase.kz/ru/investors/bonds/BTVFpp1,True,PENDING,UNAVAILABLE,NO_HISTORY,NO_PUBLIC_HISTORY,0,,,0,0.0,True,
BUZAb1,,Бузгул Аурум,Бузгул Аурум,bond,corporate,KZT,https://kase.kz/api/instruments/securities/?sec_type=bond,https://kase.kz/ru/investors/bonds/BUZAb1,False,UNAVAILABLE,UNAVAILABLE,NO_CHART,INSTRUMENT_DELISTED,0,,,0,0.0,True,
BVTBb1,,Банк ВТБ Казахстан,Банк ВТБ Казахстан,bond,corporate,KZT,https://kase.kz/api/instruments/securities/?sec_type=bond,https://kase.kz/ru/investors/bonds/BVTBb1,False,UNAVAILABLE,UNAVAILABLE,NO_CHART,INSTRUMENT_DELISTED,0,,,0,0.0,True,
BVTBb10,,Банк ВТБ Казахстан,Банк ВТБ Казахстан,bond,corporate,KZT,https://kase.kz/api/instruments/securities/?sec_type=bond,https://kase.kz/ru/investors/bonds/BVTBb10,True,PENDING,UNAVAILABLE,NO_HISTORY,NO_PUBLIC_HISTORY,0,,,0,0.0,True,
BVTBb11,,Банк ВТБ Казахстан,Банк ВТБ Казахстан,bond,corporate,KZT,https://kase.kz/api/instruments/securities/?sec_type=bond,https://kase.kz/ru/investors/bonds/BVTBb11,True,PENDING,UNAVAILABLE,NO_HISTORY,NO_PUBLIC_HISTORY,0,,,0,0.0,True,
BVTBb12,,Банк ВТБ Казахстан,Банк ВТБ Казахстан,bond,corporate,KZT,https://kase.kz/api/instruments/securities/?sec_type=bond,https://kase.kz/ru/investors/bonds/BVTBb12,True,PENDING,UNAVAILABLE,NO_HISTORY,NO_PUBLIC_HISTORY,0,,,0,0.0,True,
BVTBb13,,Банк ВТБ Казахстан,Банк ВТБ Казахстан,bond,corporate,KZT,https://kase.kz/api/instruments/securities/?sec_type=bond,https://kase.kz/ru/investors/bonds/BVTBb13,True,PENDING,UNAVAILABLE,NO_HISTORY,NO_PUBLIC_HISTORY,0,,,0,0.0,True,
BVTBb14,,Банк ВТБ Казахстан,Банк ВТБ Казахстан,bond,corporate,KZT,https://kase.kz/api/instruments/securities/?sec_type=bond,https://kase.kz/ru/investors/bonds/BVTBb14,True,PENDING,UNAVAILABLE,NO_HISTORY,NO_PUBLIC_HISTORY,0,,,0,0.0,True,
BVTBb15,,Банк ВТБ Казахстан,Банк ВТБ Казахстан,bond,corporate,KZT,https://kase.kz/api/instruments/securities/?sec_type=bond,https://kase.kz/ru/investors/bonds/BVTBb15,True,PENDING,UNAVAILABLE,NO_HISTORY,NO_PUBLIC_HISTORY,0,,,0,0.0,True,
BVTBb2,,Банк ВТБ Казахстан,Банк ВТБ Казахстан,bond,corporate,KZT,https://kase.kz/api/instruments/securities/?sec_type=bond,https://kase.kz/ru/investors/bonds/BVTBb2,False,UNAVAILABLE,UNAVAILABLE,NO_CHART,INSTRUMENT_DELISTED,0,,,0,0.0,True,
BVTBb3,,Банк ВТБ Казахстан,Банк ВТБ Казахстан,bond,corporate,KZT,https://kase.kz/api/instruments/securities/?sec_type=bond,https://kase.kz/ru/investors/bonds/BVTBb3,False,UNAVAILABLE,UNAVAILABLE,NO_CHART,INSTRUMENT_DELISTED,0,,,0,0.0,True,
BVTBb4,,Банк ВТБ Казахстан,Банк ВТБ Казахстан,bond,corporate,KZT,https://kase.kz/api/instruments/securities/?sec_type=bond,https://kase.kz/ru/investors/bonds/BVTBb4,False,UNAVAILABLE,UNAVAILABLE,NO_CHART,INSTRUMENT_DELISTED,0,,,0,0.0,True,
BVTBb5,,Банк ВТБ Казахстан,Банк ВТБ Казахстан,bond,corporate,KZT,https://kase.kz/api/instruments/securities/?sec_type=bond,https://kase.kz/ru/investors/bonds/BVTBb5,False,UNAVAILABLE,UNAVAILABLE,NO_CHART,INSTRUMENT_DELISTED,0,,,0,0.0,True,
BVTBb6,,Банк ВТБ Казахстан,Банк ВТБ Казахстан,bond,corporate,KZT,https://kase.kz/api/instruments/securities/?sec_type=bond,https://kase.kz/ru/investors/bonds/BVTBb6,False,UNAVAILABLE,UNAVAILABLE,NO_CHART,INSTRUMENT_DELISTED,0,,,0,0.0,True,
BVTBb7,,Банк ВТБ Казахстан,Банк ВТБ Казахстан,bond,corporate,KZT,https://kase.kz/api/instruments/securities/?sec_type=bond,https://kase.kz/ru/investors/bonds/BVTBb7,False,UNAVAILABLE,UNAVAILABLE,NO_CHART,INSTRUMENT_DELISTED,0,,,0,0.0,True,
BVTBb8,,Банк ВТБ Казахстан,Банк ВТБ Казахстан,bond,corporate,KZT,https://kase.kz/api/instruments/securities/?sec_type=bond,https://kase.kz/ru/investors/bonds/BVTBb8,False,UNAVAILABLE,UNAVAILABLE,NO_CHART,INSTRUMENT_DELISTED,0,,,0,0.0,True,
BVTBb9,,Банк ВТБ Казахстан,Банк ВТБ Казахстан,bond,corporate,KZT,https://kase.kz/api/instruments/securities/?sec_type=bond,https://kase.kz/ru/investors/bonds/BVTBb9,True,PENDING,UNAVAILABLE,NO_HISTORY,NO_PUBLIC_HISTORY,0,,,0,0.0,True,
CACMb1,,Central Asia Cement,Central Asia Cement,bond,corporate,KZT,https://kase.kz/api/instruments/securities/?sec_type=bond,https://kase.kz/ru/investors/bonds/CACMb1,False,UNAVAILABLE,UNAVAILABLE,NO_CHART,INSTRUMENT_DELISTED,0,,,0,0.0,True,
CACMb2,,Central Asia Cement,Central Asia Cement,bond,corporate,KZT,https://kase.kz/api/instruments/securities/?sec_type=bond,https://kase.kz/ru/investors/bonds/CACMb2,False,UNAVAILABLE,UNAVAILABLE,NO_CHART,INSTRUMENT_DELISTED,0,,,0,0.0,True,
CACMb3,,Central Asia Cement,Central Asia Cement,bond,corporate,KZT,https://kase.kz/api/instruments/securities/?sec_type=bond,https://kase.kz/ru/investors/bonds/CACMb3,False,UNAVAILABLE,UNAVAILABLE,NO_CHART,INSTRUMENT_DELISTED,0,,,0,0.0,True,
CAEPb1,,Центрально-Азиатская Электроэнергетическая Корпорация,Центрально-Азиатская Электроэнергетическая Корпорация,bond,corporate,KZT,https://kase.kz/api/instruments/securities/?sec_type=bond,https://kase.kz/ru/investors/bonds/CAEPb1,False,UNAVAILABLE,UNAVAILABLE,NO_CHART,INSTRUMENT_DELISTED,0,,,0,0.0,True,
CAEPb2,,Центрально-Азиатская Электроэнергетическая Корпорация,Центрально-Азиатская Электроэнергетическая Корпорация,bond,corporate,KZT,https://kase.kz/api/instruments/securities/?sec_type=bond,https://kase.kz/ru/investors/bonds/CAEPb2,False,UNAVAILABLE,UNAVAILABLE,NO_CHART,INSTRUMENT_DELISTED,0,,,0,0.0,True,
CAHOb1,,CHINATOWN,CHINATOWN,bond,corporate,KZT,https://kase.kz/api/instruments/securities/?sec_type=bond,https://kase.kz/ru/investors/bonds/CAHOb1,False,UNAVAILABLE,UNAVAILABLE,NO_CHART,INSTRUMENT_DELISTED,0,,,0,0.0,True,
CBH_b1,,CBH_b1,CBH_b1,bond,corporate,KZT,https://kase.kz/api/instruments/securities/?sec_type=bond,https://kase.kz/ru/investors/bonds/CBH_b1,False,UNAVAILABLE,UNAVAILABLE,NO_CHART,INSTRUMENT_DELISTED,0,,,0,0.0,True,
CCBNb1,,Банк ЦентрКредит,Банк ЦентрКредит,bond,corporate,USD,https://kase.kz/api/instruments/securities/?sec_type=bond,https://kase.kz/ru/investors/bonds/CCBNb1,False,UNAVAILABLE,UNAVAILABLE,NO_CHART,INSTRUMENT_DELISTED,0,,,0,0.0,True,
CCBNb10,,Банк ЦентрКредит,Банк ЦентрКредит,bond,corporate,KZT,https://kase.kz/api/instruments/securities/?sec_type=bond,https://kase.kz/ru/investors/bonds/CCBNb10,False,UNAVAILABLE,UNAVAILABLE,NO_CHART,INSTRUMENT_DELISTED,0,,,0,0.0,True,
CCBNb11,,Банк ЦентрКредит,Банк ЦентрКредит,bond,corporate,KZT,https://kase.kz/api/instruments/securities/?sec_type=bond,https://kase.kz/ru/investors/bonds/CCBNb11,False,UNAVAILABLE,UNAVAILABLE,NO_CHART,INSTRUMENT_DELISTED,0,,,0,0.0,True,
CCBNb12,,Банк ЦентрКредит,Банк ЦентрКредит,bond,corporate,KZT,https://kase.kz/api/instruments/securities/?sec_type=bond,https://kase.kz/ru/investors/bonds/CCBNb12,False,UNAVAILABLE,UNAVAILABLE,NO_CHART,INSTRUMENT_DELISTED,0,,,0,0.0,True,
CCBNb13,,Банк ЦентрКредит,Банк ЦентрКредит,bond,corporate,KZT,https://kase.kz/api/instruments/securities/?sec_type=bond,https://kase.kz/ru/investors/bonds/CCBNb13,False,UNAVAILABLE,UNAVAILABLE,NO_CHART,INSTRUMENT_DELISTED,0,,,0,0.0,True,
CCBNb14,,Банк ЦентрКредит,Банк ЦентрКредит,bond,corporate,KZT,https://kase.kz/api/instruments/securities/?sec_type=bond,https://kase.kz/ru/investors/bonds/CCBNb14,False,UNAVAILABLE,UNAVAILABLE,NO_CHART,INSTRUMENT_DELISTED,0,,,0,0.0,True,
CCBNb15,,Банк ЦентрКредит,Банк ЦентрКредит,bond,corporate,KZT,https://kase.kz/api/instruments/securities/?sec_type=bond,https://kase.kz/ru/investors/bonds/CCBNb15,False,UNAVAILABLE,UNAVAILABLE,NO_CHART,INSTRUMENT_DELISTED,0,,,0,0.0,True,
CCBNb16,,Банк ЦентрКредит,Банк ЦентрКредит,bond,corporate,KZT,https://kase.kz/api/instruments/securities/?sec_type=bond,https://kase.kz/ru/investors/bonds/CCBNb16,False,UNAVAILABLE,UNAVAILABLE,NO_CHART,INSTRUMENT_DELISTED,0,,,0,0.0,True,
CCBNb17,,Банк ЦентрКредит,Банк ЦентрКредит,bond,corporate,KZT,https://kase.kz/api/instruments/securities/?sec_type=bond,https://kase.kz/ru/investors/bonds/CCBNb17,False,UNAVAILABLE,UNAVAILABLE,NO_CHART,INSTRUMENT_DELISTED,0,,,0,0.0,True,
CCBNb18,,Банк ЦентрКредит,Банк ЦентрКредит,bond,corporate,KZT,https://kase.kz/api/instruments/securities/?sec_type=bond,https://kase.kz/ru/investors/bonds/CCBNb18,False,UNAVAILABLE,UNAVAILABLE,NO_CHART,INSTRUMENT_DELISTED,0,,,0,0.0,True,
CCBNb19,,Банк ЦентрКредит,Банк ЦентрКредит,bond,corporate,KZT,https://kase.kz/api/instruments/securities/?sec_type=bond,https://kase.kz/ru/investors/bonds/CCBNb19,False,UNAVAILABLE,UNAVAILABLE,NO_CHART,INSTRUMENT_DELISTED,0,,,0,0.0,True,
CCBNb2,,Банк ЦентрКредит,Банк ЦентрКредит,bond,corporate,USD,https://kase.kz/api/instruments/securities/?sec_type=bond,https://kase.kz/ru/investors/bonds/CCBNb2,False,UNAVAILABLE,UNAVAILABLE,NO_CHART,INSTRUMENT_DELISTED,0,,,0,0.0,True,
CCBNb20,,Банк ЦентрКредит,Банк ЦентрКредит,bond,corporate,KZT,https://kase.kz/api/instruments/securities/?sec_type=bond,https://kase.kz/ru/investors/bonds/CCBNb20,False,UNAVAILABLE,UNAVAILABLE,NO_CHART,INSTRUMENT_DELISTED,0,,,0,0.0,True,
CCBNb21,,Банк ЦентрКредит,Банк ЦентрКредит,bond,corporate,KZT,https://kase.kz/api/instruments/securities/?sec_type=bond,https://kase.kz/ru/investors/bonds/CCBNb21,False,UNAVAILABLE,UNAVAILABLE,NO_CHART,INSTRUMENT_DELISTED,0,,,0,0.0,True,
CCBNb22,,Банк ЦентрКредит,Банк ЦентрКредит,bond,corporate,KZT,https://kase.kz/api/instruments/securities/?sec_type=bond,https://kase.kz/ru/investors/bonds/CCBNb22,False,UNAVAILABLE,UNAVAILABLE,NO_CHART,INSTRUMENT_DELISTED,0,,,0,0.0,True,
CCBNb23,,Банк ЦентрКредит,Банк ЦентрКредит,bond,corporate,KZT,https://kase.kz/api/instruments/securities/?sec_type=bond,https://kase.kz/ru/investors/bonds/CCBNb23,False,UNAVAILABLE,UNAVAILABLE,NO_CHART,INSTRUMENT_DELISTED,0,,,0,0.0,True,
CCBNb24,,Банк ЦентрКредит,Банк ЦентрКредит,bond,corporate,KZT,https://kase.kz/api/instruments/securities/?sec_type=bond,https://kase.kz/ru/investors/bonds/CCBNb24,False,UNAVAILABLE,UNAVAILABLE,NO_CHART,INSTRUMENT_DELISTED,0,,,0,0.0,True,
CCBNb25,,Банк ЦентрКредит,Банк ЦентрКредит,bond,corporate,KZT,https://kase.kz/api/instruments/securities/?sec_type=bond,https://kase.kz/ru/investors/bonds/CCBNb25,False,UNAVAILABLE,UNAVAILABLE,NO_CHART,INSTRUMENT_DELISTED,0,,,0,0.0,True,
CCBNb26,,Банк ЦентрКредит,Банк ЦентрКредит,bond,corporate,KZT,https://kase.kz/api/instruments/securities/?sec_type=bond,https://kase.kz/ru/investors/bonds/CCBNb26,False,UNAVAILABLE,UNAVAILABLE,NO_CHART,INSTRUMENT_DELISTED,0,,,0,0.0,True,
CCBNb27,,Банк ЦентрКредит,Банк ЦентрКредит,bond,corporate,KZT,https://kase.kz/api/instruments/securities/?sec_type=bond,https://kase.kz/ru/investors/bonds/CCBNb27,False,UNAVAILABLE,UNAVAILABLE,NO_CHART,INSTRUMENT_DELISTED,0,,,0,0.0,True,
CCBNb28,,Банк ЦентрКредит,Банк ЦентрКредит,bond,corporate,KZT,https://kase.kz/api/instruments/securities/?sec_type=bond,https://kase.kz/ru/investors/bonds/CCBNb28,False,UNAVAILABLE,UNAVAILABLE,NO_CHART,INSTRUMENT_DELISTED,0,,,0,0.0,True,
CCBNb29,,Банк ЦентрКредит,Банк ЦентрКредит,bond,corporate,KZT,https://kase.kz/api/instruments/securities/?sec_type=bond,https://kase.kz/ru/investors/bonds/CCBNb29,True,PENDING,UNAVAILABLE,NO_HISTORY,NO_PUBLIC_HISTORY,0,,,0,0.0,True,
CCBNb3,,Банк ЦентрКредит,Банк ЦентрКредит,bond,corporate,KZT,https://kase.kz/api/instruments/securities/?sec_type=bond,https://kase.kz/ru/investors/bonds/CCBNb3,False,UNAVAILABLE,UNAVAILABLE,NO_CHART,INSTRUMENT_DELISTED,0,,,0,0.0,True,
CCBNb30,,Банк ЦентрКредит,Банк ЦентрКредит,bond,corporate,KZT,https://kase.kz/api/instruments/securities/?sec_type=bond,https://kase.kz/ru/investors/bonds/CCBNb30,True,PENDING,UNAVAILABLE,NO_HISTORY,NO_PUBLIC_HISTORY,0,,,0,0.0,True,
CCBNb31,,Банк ЦентрКредит,Банк ЦентрКредит,bond,corporate,KZT,https://kase.kz/api/instruments/securities/?sec_type=bond,https://kase.kz/ru/investors/bonds/CCBNb31,False,UNAVAILABLE,UNAVAILABLE,NO_CHART,INSTRUMENT_DELISTED,0,,,0,0.0,True,
CCBNb32,,Банк ЦентрКредит,Банк ЦентрКредит,bond,corporate,KZT,https://kase.kz/api/instruments/securities/?sec_type=bond,https://kase.kz/ru/investors/bonds/CCBNb32,False,UNAVAILABLE,UNAVAILABLE,NO_CHART,INSTRUMENT_DELISTED,0,,,0,0.0,True,
CCBNb33,,Банк ЦентрКредит,Банк ЦентрКредит,bond,corporate,KZT,https://kase.kz/api/instruments/securities/?sec_type=bond,https://kase.kz/ru/investors/bonds/CCBNb33,True,PENDING,UNAVAILABLE,NO_HISTORY,NO_PUBLIC_HISTORY,0,,,0,0.0,True,
CCBNb34,,Банк ЦентрКредит,Банк ЦентрКредит,bond,corporate,KZT,https://kase.kz/api/instruments/securities/?sec_type=bond,https://kase.kz/ru/investors/bonds/CCBNb34,True,PENDING,UNAVAILABLE,NO_HISTORY,NO_PUBLIC_HISTORY,0,,,0,0.0,True,
CCBNb35,,Банк ЦентрКредит,Банк ЦентрКредит,bond,corporate,USD,https://kase.kz/api/instruments/securities/?sec_type=bond,https://kase.kz/ru/investors/bonds/CCBNb35,False,UNAVAILABLE,UNAVAILABLE,NO_CHART,INSTRUMENT_DELISTED,0,,,0,0.0,True,
CCBNb36,,Банк ЦентрКредит,Банк ЦентрКредит,bond,corporate,USD,https://kase.kz/api/instruments/securities/?sec_type=bond,https://kase.kz/ru/investors/bonds/CCBNb36,False,UNAVAILABLE,UNAVAILABLE,NO_CHART,INSTRUMENT_DELISTED,0,,,0,0.0,True,
CCBNb37,,Банк ЦентрКредит,Банк ЦентрКредит,bond,corporate,USD,https://kase.kz/api/instruments/securities/?sec_type=bond,https://kase.kz/ru/investors/bonds/CCBNb37,False,UNAVAILABLE,UNAVAILABLE,NO_CHART,INSTRUMENT_DELISTED,0,,,0,0.0,True,
CCBNb38,,Банк ЦентрКредит,Банк ЦентрКредит,bond,corporate,USD,https://kase.kz/api/instruments/securities/?sec_type=bond,https://kase.kz/ru/investors/bonds/CCBNb38,True,PENDING,UNAVAILABLE,NO_HISTORY,NO_PUBLIC_HISTORY,0,,,0,0.0,True,
CCBNb4,,Банк ЦентрКредит,Банк ЦентрКредит,bond,corporate,KZT,https://kase.kz/api/instruments/securities/?sec_type=bond,https://kase.kz/ru/investors/bonds/CCBNb4,False,UNAVAILABLE,UNAVAILABLE,NO_CHART,INSTRUMENT_DELISTED,0,,,0,0.0,True,
CCBNb5,,Банк ЦентрКредит,Банк ЦентрКредит,bond,corporate,KZT,https://kase.kz/api/instruments/securities/?sec_type=bond,https://kase.kz/ru/investors/bonds/CCBNb5,False,UNAVAILABLE,UNAVAILABLE,NO_CHART,INSTRUMENT_DELISTED,0,,,0,0.0,True,
CCBNb6,,Банк ЦентрКредит,Банк ЦентрКредит,bond,corporate,KZT,https://kase.kz/api/instruments/securities/?sec_type=bond,https://kase.kz/ru/investors/bonds/CCBNb6,False,UNAVAILABLE,UNAVAILABLE,NO_CHART,INSTRUMENT_DELISTED,0,,,0,0.0,True,
CCBNb7,,Банк ЦентрКредит,Банк ЦентрКредит,bond,corporate,KZT,https://kase.kz/api/instruments/securities/?sec_type=bond,https://kase.kz/ru/investors/bonds/CCBNb7,False,UNAVAILABLE,UNAVAILABLE,NO_CHART,INSTRUMENT_DELISTED,0,,,0,0.0,True,
CCBNb8,,Банк ЦентрКредит,Банк ЦентрКредит,bond,corporate,KZT,https://kase.kz/api/instruments/securities/?sec_type=bond,https://kase.kz/ru/investors/bonds/CCBNb8,False,UNAVAILABLE,UNAVAILABLE,NO_CHART,INSTRUMENT_DELISTED,0,,,0,0.0,True,
CCBNb9,,Банк ЦентрКредит,Банк ЦентрКредит,bond,corporate,KZT,https://kase.kz/api/instruments/securities/?sec_type=bond,https://kase.kz/ru/investors/bonds/CCBNb9,False,UNAVAILABLE,UNAVAILABLE,NO_CHART,INSTRUMENT_DELISTED,0,,,0,0.0,True,
CCBNe1,,Банк ЦентрКредит,Банк ЦентрКредит,bond,corporate,USD,https://kase.kz/api/instruments/securities/?sec_type=bond,https://kase.kz/ru/investors/bonds/CCBNe1,False,UNAVAILABLE,UNAVAILABLE,NO_CHART,INSTRUMENT_DELISTED,0,,,0,0.0,True,
CCBNe2,,Банк ЦентрКредит,Банк ЦентрКредит,bond,corporate,USD,https://kase.kz/api/instruments/securities/?sec_type=bond,https://kase.kz/ru/investors/bonds/CCBNe2,False,UNAVAILABLE,UNAVAILABLE,NO_CHART,INSTRUMENT_DELISTED,0,,,0,0.0,True,
CCBNe3,,Банк ЦентрКредит,Банк ЦентрКредит,bond,corporate,USD,https://kase.kz/api/instruments/securities/?sec_type=bond,https://kase.kz/ru/investors/bonds/CCBNe3,True,PENDING,UNAVAILABLE,NO_HISTORY,NO_PUBLIC_HISTORY,0,,,0,0.0,True,
CCBNe3_US,,Банк ЦентрКредит,Банк ЦентрКредит,bond,corporate,USD,https://kase.kz/api/instruments/securities/?sec_type=bond,https://kase.kz/ru/investors/bonds/CCBNe3_US,True,PENDING,UNAVAILABLE,NO_HISTORY,NO_PUBLIC_HISTORY,0,,,0,0.0,True,
CCBNe3_USD,,Банк ЦентрКредит,Банк ЦентрКредит,bond,corporate,USD,https://kase.kz/api/instruments/securities/?sec_type=bond,https://kase.kz/ru/investors/bonds/CCBNe3_USD,True,PENDING,UNAVAILABLE,NO_HISTORY,NO_PUBLIC_HISTORY,0,,,0,0.0,True,
CCBNe4,,Банк ЦентрКредит,Банк ЦентрКредит,bond,corporate,USD,https://kase.kz/api/instruments/securities/?sec_type=bond,https://kase.kz/ru/investors/bonds/CCBNe4,False,UNAVAILABLE,UNAVAILABLE,NO_CHART,INSTRUMENT_DELISTED,0,,,0,0.0,True,
CCBNe5,,Банк ЦентрКредит,Банк ЦентрКредит,bond,corporate,KZT,https://kase.kz/api/instruments/securities/?sec_type=bond,https://kase.kz/ru/investors/bonds/CCBNe5,False,UNAVAILABLE,UNAVAILABLE,NO_CHART,INSTRUMENT_DELISTED,0,,,0,0.0,True,
CCBNe6,,Банк ЦентрКредит,Банк ЦентрКредит,bond,corporate,USD,https://kase.kz/api/instruments/securities/?sec_type=bond,https://kase.kz/ru/investors/bonds/CCBNe6,False,UNAVAILABLE,UNAVAILABLE,NO_CHART,INSTRUMENT_DELISTED,0,,,0,0.0,True,
CCBNpp1,,Банк ЦентрКредит,Банк ЦентрКредит,bond,corporate,KZT,https://kase.kz/api/instruments/securities/?sec_type=bond,https://kase.kz/ru/investors/bonds/CCBNpp1,True,PENDING,UNAVAILABLE,NO_HISTORY,NO_PUBLIC_HISTORY,0,,,0,0.0,True,
CCBNpp2,,Банк ЦентрКредит,Банк ЦентрКредит,bond,corporate,KZT,https://kase.kz/api/instruments/securities/?sec_type=bond,https://kase.kz/ru/investors/bonds/CCBNpp2,True,PENDING,UNAVAILABLE,NO_HISTORY,NO_PUBLIC_HISTORY,0,,,0,0.0,True,
CCBNpp3,,Банк ЦентрКредит,Банк ЦентрКредит,bond,corporate,KZT,https://kase.kz/api/instruments/securities/?sec_type=bond,https://kase.kz/ru/investors/bonds/CCBNpp3,True,PENDING,UNAVAILABLE,NO_HISTORY,NO_PUBLIC_HISTORY,0,,,0,0.0,True,
CCBNpp4,,Банк ЦентрКредит,Банк ЦентрКредит,bond,corporate,KZT,https://kase.kz/api/instruments/securities/?sec_type=bond,https://kase.kz/ru/investors/bonds/CCBNpp4,True,PENDING,UNAVAILABLE,NO_HISTORY,NO_PUBLIC_HISTORY,0,,,0,0.0,True,
CENTpp1,,Centrica,Centrica,bond,corporate,KZT,https://kase.kz/api/instruments/securities/?sec_type=bond,https://kase.kz/ru/investors/bonds/CENTpp1,True,PENDING,UNAVAILABLE,NO_HISTORY,NO_PUBLIC_HISTORY,0,,,0,0.0,True,
CHFMb1,,Химфарм,Химфарм,bond,corporate,USD,https://kase.kz/api/instruments/securities/?sec_type=bond,https://kase.kz/ru/investors/bonds/CHFMb1,False,UNAVAILABLE,UNAVAILABLE,NO_CHART,INSTRUMENT_DELISTED,0,,,0,0.0,True,
CHFMb2,,Химфарм,Химфарм,bond,corporate,KZT,https://kase.kz/api/instruments/securities/?sec_type=bond,https://kase.kz/ru/investors/bonds/CHFMb2,False,UNAVAILABLE,UNAVAILABLE,NO_CHART,INSTRUMENT_DELISTED,0,,,0,0.0,True,
CHFMb3,,Химфарм,Химфарм,bond,corporate,KZT,https://kase.kz/api/instruments/securities/?sec_type=bond,https://kase.kz/ru/investors/bonds/CHFMb3,False,UNAVAILABLE,UNAVAILABLE,NO_CHART,INSTRUMENT_DELISTED,0,,,0,0.0,True,
CITI_KZe1,,Citigroup Global Markets Holdings Inc.,Citigroup Global Markets Holdings Inc.,bond,corporate,KZT,https://kase.kz/api/instruments/securities/?sec_type=bond,https://kase.kz/ru/investors/bonds/CITI_KZe1,True,PENDING,UNAVAILABLE,NO_HISTORY,NO_PUBLIC_HISTORY,0,,,0,0.0,True,
CITI_KZe2,,Citigroup Global Markets Holdings Inc.,Citigroup Global Markets Holdings Inc.,bond,corporate,USD,https://kase.kz/api/instruments/securities/?sec_type=bond,https://kase.kz/ru/investors/bonds/CITI_KZe2,True,PENDING,UNAVAILABLE,NO_HISTORY,NO_PUBLIC_HISTORY,0,,,0,0.0,True,
CLSGb1,,Capital Leasing Group (Капитал Лизинг Груп),Capital Leasing Group (Капитал Лизинг Груп),bond,corporate,KZT,https://kase.kz/api/instruments/securities/?sec_type=bond,https://kase.kz/ru/investors/bonds/CLSGb1,False,UNAVAILABLE,UNAVAILABLE,NO_CHART,INSTRUMENT_DELISTED,0,,,0,0.0,True,
CLSGb10,,Capital Leasing Group (Капитал Лизинг Груп),Capital Leasing Group (Капитал Лизинг Груп),bond,corporate,KZT,https://kase.kz/api/instruments/securities/?sec_type=bond,https://kase.kz/ru/investors/bonds/CLSGb10,True,PENDING,PARTIAL,DATA_READY,,137,2026-02-02T19:00:00,2026-08-27T19:00:00,137,55.24,True,
CLSGb11,,Capital Leasing Group (Капитал Лизинг Груп),Capital Leasing Group (Капитал Лизинг Груп),bond,corporate,KZT,https://kase.kz/api/instruments/securities/?sec_type=bond,https://kase.kz/ru/investors/bonds/CLSGb11,True,PENDING,PARTIAL,DATA_READY,,83,2026-04-16T19:00:00,2026-08-27T19:00:00,83,33.47,True,
CLSGb12,,Capital Leasing Group (Капитал Лизинг Груп),Capital Leasing Group (Капитал Лизинг Груп),bond,corporate,KZT,https://kase.kz/api/instruments/securities/?sec_type=bond,https://kase.kz/ru/investors/bonds/CLSGb12,True,PENDING,UNAVAILABLE,NO_HISTORY,NO_PUBLIC_HISTORY,0,,,0,0.0,True,
CLSGb13,,Capital Leasing Group (Капитал Лизинг Груп),Capital Leasing Group (Капитал Лизинг Груп),bond,corporate,KZT,https://kase.kz/api/instruments/securities/?sec_type=bond,https://kase.kz/ru/investors/bonds/CLSGb13,True,PENDING,PARTIAL,DATA_READY,,4,2026-08-24T19:00:00,2026-08-27T19:00:00,4,1.61,True,
CLSGb14,,Capital Leasing Group (Капитал Лизинг Груп),Capital Leasing Group (Капитал Лизинг Груп),bond,corporate,KZT,https://kase.kz/api/instruments/securities/?sec_type=bond,https://kase.kz/ru/investors/bonds/CLSGb14,True,PENDING,UNAVAILABLE,NO_HISTORY,NO_PUBLIC_HISTORY,0,,,0,0.0,True,
CLSGb15,,Capital Leasing Group (Капитал Лизинг Груп),Capital Leasing Group (Капитал Лизинг Груп),bond,corporate,KZT,https://kase.kz/api/instruments/securities/?sec_type=bond,https://kase.kz/ru/investors/bonds/CLSGb15,True,PENDING,PARTIAL,DATA_READY,,135,2026-02-08T19:00:00,2026-08-27T19:00:00,135,54.44,True,
CLSGb16,,Capital Leasing Group (Капитал Лизинг Груп),Capital Leasing Group (Капитал Лизинг Груп),bond,corporate,KZT,https://kase.kz/api/instruments/securities/?sec_type=bond,https://kase.kz/ru/investors/bonds/CLSGb16,True,PENDING,PARTIAL,DATA_READY,,72,2026-05-17T19:00:00,2026-08-27T19:00:00,72,29.03,True,
CLSGb2,,Capital Leasing Group (Капитал Лизинг Груп),Capital Leasing Group (Капитал Лизинг Груп),bond,corporate,KZT,https://kase.kz/api/instruments/securities/?sec_type=bond,https://kase.kz/ru/investors/bonds/CLSGb2,False,UNAVAILABLE,UNAVAILABLE,NO_CHART,INSTRUMENT_DELISTED,0,,,0,0.0,True,
CLSGb3,,Capital Leasing Group (Капитал Лизинг Груп),Capital Leasing Group (Капитал Лизинг Груп),bond,corporate,KZT,https://kase.kz/api/instruments/securities/?sec_type=bond,https://kase.kz/ru/investors/bonds/CLSGb3,True,PENDING,PARTIAL,DATA_READY,,193,2025-08-27T19:00:00,2026-08-26T19:00:00,193,77.82,True,
CLSGb4,,Capital Leasing Group (Капитал Лизинг Груп),Capital Leasing Group (Капитал Лизинг Груп),bond,corporate,KZT,https://kase.kz/api/instruments/securities/?sec_type=bond,https://kase.kz/ru/investors/bonds/CLSGb4,True,PENDING,PARTIAL,DATA_READY,,184,2025-08-27T19:00:00,2026-08-27T19:00:00,184,74.19,True,
CLSGb5,,Capital Leasing Group (Капитал Лизинг Груп),Capital Leasing Group (Капитал Лизинг Груп),bond,corporate,KZT,https://kase.kz/api/instruments/securities/?sec_type=bond,https://kase.kz/ru/investors/bonds/CLSGb5,True,PENDING,PARTIAL,DATA_READY,,230,2025-08-27T19:00:00,2026-08-26T19:00:00,230,92.74,True,
CLSGb6,,Capital Leasing Group (Капитал Лизинг Груп),Capital Leasing Group (Капитал Лизинг Груп),bond,corporate,KZT,https://kase.kz/api/instruments/securities/?sec_type=bond,https://kase.kz/ru/investors/bonds/CLSGb6,False,UNAVAILABLE,UNAVAILABLE,NO_CHART,INSTRUMENT_DELISTED,0,,,0,0.0,True,
CLSGb7,,Capital Leasing Group (Капитал Лизинг Груп),Capital Leasing Group (Капитал Лизинг Груп),bond,corporate,KZT,https://kase.kz/api/instruments/securities/?sec_type=bond,https://kase.kz/ru/investors/bonds/CLSGb7,False,UNAVAILABLE,UNAVAILABLE,NO_CHART,INSTRUMENT_DELISTED,0,,,0,0.0,True,
CLSGb8,,Capital Leasing Group (Капитал Лизинг Груп),Capital Leasing Group (Капитал Лизинг Груп),bond,corporate,KZT,https://kase.kz/api/instruments/securities/?sec_type=bond,https://kase.kz/ru/investors/bonds/CLSGb8,True,PENDING,PARTIAL,DATA_READY,,203,2025-09-29T19:00:00,2026-08-27T19:00:00,203,81.85,True,
CLSGb9,,Capital Leasing Group (Капитал Лизинг Груп),Capital Leasing Group (Капитал Лизинг Груп),bond,corporate,KZT,https://kase.kz/api/instruments/securities/?sec_type=bond,https://kase.kz/ru/investors/bonds/CLSGb9,True,PENDING,PARTIAL,DATA_READY,,121,2025-12-10T19:00:00,2026-08-27T19:00:00,121,48.79,True,
COMFpp1,,Comfort Solutions,Comfort Solutions,bond,corporate,KZT,https://kase.kz/api/instruments/securities/?sec_type=bond,https://kase.kz/ru/investors/bonds/COMFpp1,True,PENDING,UNAVAILABLE,NO_HISTORY,NO_PUBLIC_HISTORY,0,,,0,0.0,True,
CPGRb1,,СФК Capital Group,СФК Capital Group,bond,corporate,KZT,https://kase.kz/api/instruments/securities/?sec_type=bond,https://kase.kz/ru/investors/bonds/CPGRb1,True,PENDING,UNAVAILABLE,NO_HISTORY,NO_PUBLIC_HISTORY,0,,,0,0.0,True,
CSBNb1,,Kaspi Bank,Kaspi Bank,bond,corporate,USD,https://kase.kz/api/instruments/securities/?sec_type=bond,https://kase.kz/ru/investors/bonds/CSBNb1,False,UNAVAILABLE,UNAVAILABLE,NO_CHART,INSTRUMENT_DELISTED,0,,,0,0.0,True,
CSBNb10,,Kaspi Bank,Kaspi Bank,bond,corporate,KZT,https://kase.kz/api/instruments/securities/?sec_type=bond,https://kase.kz/ru/investors/bonds/CSBNb10,False,UNAVAILABLE,UNAVAILABLE,NO_CHART,INSTRUMENT_DELISTED,0,,,0,0.0,True,
CSBNb11,,Kaspi Bank,Kaspi Bank,bond,corporate,KZT,https://kase.kz/api/instruments/securities/?sec_type=bond,https://kase.kz/ru/investors/bonds/CSBNb11,False,UNAVAILABLE,UNAVAILABLE,NO_CHART,INSTRUMENT_DELISTED,0,,,0,0.0,True,
CSBNb12,,Kaspi Bank,Kaspi Bank,bond,corporate,KZT,https://kase.kz/api/instruments/securities/?sec_type=bond,https://kase.kz/ru/investors/bonds/CSBNb12,False,UNAVAILABLE,UNAVAILABLE,NO_CHART,INSTRUMENT_DELISTED,0,,,0,0.0,True,
CSBNb13,,Kaspi Bank,Kaspi Bank,bond,corporate,KZT,https://kase.kz/api/instruments/securities/?sec_type=bond,https://kase.kz/ru/investors/bonds/CSBNb13,False,UNAVAILABLE,UNAVAILABLE,NO_CHART,INSTRUMENT_DELISTED,0,,,0,0.0,True,
CSBNb14,,Kaspi Bank,Kaspi Bank,bond,corporate,KZT,https://kase.kz/api/instruments/securities/?sec_type=bond,https://kase.kz/ru/investors/bonds/CSBNb14,False,UNAVAILABLE,UNAVAILABLE,NO_CHART,INSTRUMENT_DELISTED,0,,,0,0.0,True,
CSBNb15,,Kaspi Bank,Kaspi Bank,bond,corporate,KZT,https://kase.kz/api/instruments/securities/?sec_type=bond,https://kase.kz/ru/investors/bonds/CSBNb15,False,UNAVAILABLE,UNAVAILABLE,NO_CHART,INSTRUMENT_DELISTED,0,,,0,0.0,True,
CSBNb16,,Kaspi Bank,Kaspi Bank,bond,corporate,KZT,https://kase.kz/api/instruments/securities/?sec_type=bond,https://kase.kz/ru/investors/bonds/CSBNb16,False,UNAVAILABLE,UNAVAILABLE,NO_CHART,INSTRUMENT_DELISTED,0,,,0,0.0,True,
CSBNb17,,Kaspi Bank,Kaspi Bank,bond,corporate,KZT,https://kase.kz/api/instruments/securities/?sec_type=bond,https://kase.kz/ru/investors/bonds/CSBNb17,False,UNAVAILABLE,UNAVAILABLE,NO_CHART,INSTRUMENT_DELISTED,0,,,0,0.0,True,
CSBNb18,,Kaspi Bank,Kaspi Bank,bond,corporate,KZT,https://kase.kz/api/instruments/securities/?sec_type=bond,https://kase.kz/ru/investors/bonds/CSBNb18,False,UNAVAILABLE,UNAVAILABLE,NO_CHART,INSTRUMENT_DELISTED,0,,,0,0.0,True,
CSBNb2,,Kaspi Bank,Kaspi Bank,bond,corporate,USD,https://kase.kz/api/instruments/securities/?sec_type=bond,https://kase.kz/ru/investors/bonds/CSBNb2,False,UNAVAILABLE,UNAVAILABLE,NO_CHART,INSTRUMENT_DELISTED,0,,,0,0.0,True,
CSBNb3,,Kaspi Bank,Kaspi Bank,bond,corporate,USD,https://kase.kz/api/instruments/securities/?sec_type=bond,https://kase.kz/ru/investors/bonds/CSBNb3,False,UNAVAILABLE,UNAVAILABLE,NO_CHART,INSTRUMENT_DELISTED,0,,,0,0.0,True,
CSBNb4,,Kaspi Bank,Kaspi Bank,bond,corporate,KZT,https://kase.kz/api/instruments/securities/?sec_type=bond,https://kase.kz/ru/investors/bonds/CSBNb4,False,UNAVAILABLE,UNAVAILABLE,NO_CHART,INSTRUMENT_DELISTED,0,,,0,0.0,True,
CSBNb5,,Kaspi Bank,Kaspi Bank,bond,corporate,KZT,https://kase.kz/api/instruments/securities/?sec_type=bond,https://kase.kz/ru/investors/bonds/CSBNb5,False,UNAVAILABLE,UNAVAILABLE,NO_CHART,INSTRUMENT_DELISTED,0,,,0,0.0,True,
CSBNb6,,Kaspi Bank,Kaspi Bank,bond,corporate,KZT,https://kase.kz/api/instruments/securities/?sec_type=bond,https://kase.kz/ru/investors/bonds/CSBNb6,False,UNAVAILABLE,UNAVAILABLE,NO_CHART,INSTRUMENT_DELISTED,0,,,0,0.0,True,
CSBNb7,,Kaspi Bank,Kaspi Bank,bond,corporate,KZT,https://kase.kz/api/instruments/securities/?sec_type=bond,https://kase.kz/ru/investors/bonds/CSBNb7,False,UNAVAILABLE,UNAVAILABLE,NO_CHART,INSTRUMENT_DELISTED,0,,,0,0.0,True,
CSBNb8,,Kaspi Bank,Kaspi Bank,bond,corporate,KZT,https://kase.kz/api/instruments/securities/?sec_type=bond,https://kase.kz/ru/investors/bonds/CSBNb8,False,UNAVAILABLE,UNAVAILABLE,NO_CHART,INSTRUMENT_DELISTED,0,,,0,0.0,True,
CSBNb9,,Kaspi Bank,Kaspi Bank,bond,corporate,KZT,https://kase.kz/api/instruments/securities/?sec_type=bond,https://kase.kz/ru/investors/bonds/CSBNb9,False,UNAVAILABLE,UNAVAILABLE,NO_CHART,INSTRUMENT_DELISTED,0,,,0,0.0,True,
CSBNe1,,Kaspi Bank,Kaspi Bank,bond,corporate,USD,https://kase.kz/api/instruments/securities/?sec_type=bond,https://kase.kz/ru/investors/bonds/CSBNe1,False,UNAVAILABLE,UNAVAILABLE,NO_CHART,INSTRUMENT_DELISTED,0,,,0,0.0,True,
CSBNe2,,Kaspi Bank,Kaspi Bank,bond,corporate,USD,https://kase.kz/api/instruments/securities/?sec_type=bond,https://kase.kz/ru/investors/bonds/CSBNe2,False,UNAVAILABLE,UNAVAILABLE,NO_CHART,INSTRUMENT_DELISTED,0,,,0,0.0,True,
CSDVb1,,CSDVb1,CSDVb1,bond,corporate,KZT,https://kase.kz/api/instruments/securities/?sec_type=bond,https://kase.kz/ru/investors/bonds/CSDVb1,False,UNAVAILABLE,UNAVAILABLE,NO_CHART,INSTRUMENT_DELISTED,0,,,0,0.0,True,
CTECb1,,ЦАТЭК,ЦАТЭК,bond,corporate,KZT,https://kase.kz/api/instruments/securities/?sec_type=bond,https://kase.kz/ru/investors/bonds/CTECb1,False,UNAVAILABLE,UNAVAILABLE,NO_CHART,INSTRUMENT_DELISTED,0,,,0,0.0,True,
DNBNb1,,Tengri Bank,Tengri Bank,bond,corporate,KZT,https://kase.kz/api/instruments/securities/?sec_type=bond,https://kase.kz/ru/investors/bonds/DNBNb1,False,UNAVAILABLE,UNAVAILABLE,NO_CHART,INSTRUMENT_DELISTED,0,,,0,0.0,True,
DNBNb2,,Tengri Bank,Tengri Bank,bond,corporate,KZT,https://kase.kz/api/instruments/securities/?sec_type=bond,https://kase.kz/ru/investors/bonds/DNBNb2,False,UNAVAILABLE,UNAVAILABLE,NO_CHART,INSTRUMENT_DELISTED,0,,,0,0.0,True,
DNBNb3,,Tengri Bank,Tengri Bank,bond,corporate,KZT,https://kase.kz/api/instruments/securities/?sec_type=bond,https://kase.kz/ru/investors/bonds/DNBNb3,True,PENDING,UNAVAILABLE,NO_HISTORY,NO_PUBLIC_HISTORY,0,,,0,0.0,True,
DNTLb1,,DNTLb1,DNTLb1,bond,corporate,KZT,https://kase.kz/api/instruments/securities/?sec_type=bond,https://kase.kz/ru/investors/bonds/DNTLb1,False,UNAVAILABLE,UNAVAILABLE,NO_CHART,INSTRUMENT_DELISTED,0,,,0,0.0,True,
DTJLb1,,Dosjan temir joly,Dosjan temir joly,bond,corporate,KZT,https://kase.kz/api/instruments/securities/?sec_type=bond,https://kase.kz/ru/investors/bonds/DTJLb1,True,PENDING,UNAVAILABLE,NO_HISTORY,NO_PUBLIC_HISTORY,0,,,0,0.0,True,
EABRb10,,Евразийский банк развития,Евразийский банк развития,bond,international,KZT,https://kase.kz/api/instruments/securities/?sec_type=bond,https://kase.kz/ru/investors/bonds/EABRb10,False,UNAVAILABLE,UNAVAILABLE,NO_CHART,INSTRUMENT_DELISTED,0,,,0,0.0,True,
EABRb11,,Евразийский банк развития,Евразийский банк развития,bond,international,KZT,https://kase.kz/api/instruments/securities/?sec_type=bond,https://kase.kz/ru/investors/bonds/EABRb11,False,UNAVAILABLE,UNAVAILABLE,NO_CHART,INSTRUMENT_DELISTED,0,,,0,0.0,True,
EABRb12,,Евразийский банк развития,Евразийский банк развития,bond,international,KZT,https://kase.kz/api/instruments/securities/?sec_type=bond,https://kase.kz/ru/investors/bonds/EABRb12,False,UNAVAILABLE,UNAVAILABLE,NO_CHART,INSTRUMENT_DELISTED,0,,,0,0.0,True,
EABRb13,,Евразийский банк развития,Евразийский банк развития,bond,international,KZT,https://kase.kz/api/instruments/securities/?sec_type=bond,https://kase.kz/ru/investors/bonds/EABRb13,False,UNAVAILABLE,UNAVAILABLE,NO_CHART,INSTRUMENT_DELISTED,0,,,0,0.0,True,
EABRb14,,Евразийский банк развития,Евразийский банк развития,bond,international,KZT,https://kase.kz/api/instruments/securities/?sec_type=bond,https://kase.kz/ru/investors/bonds/EABRb14,False,UNAVAILABLE,UNAVAILABLE,NO_CHART,INSTRUMENT_DELISTED,0,,,0,0.0,True,
EABRb15,,Евразийский банк развития,Евразийский банк развития,bond,international,KZT,https://kase.kz/api/instruments/securities/?sec_type=bond,https://kase.kz/ru/investors/bonds/EABRb15,False,UNAVAILABLE,UNAVAILABLE,NO_CHART,INSTRUMENT_DELISTED,0,,,0,0.0,True,
EABRb16,,Евразийский банк развития,Евразийский банк развития,bond,international,KZT,https://kase.kz/api/instruments/securities/?sec_type=bond,https://kase.kz/ru/investors/bonds/EABRb16,True,PENDING,UNAVAILABLE,NO_HISTORY,NO_PUBLIC_HISTORY,0,,,0,0.0,True,
EABRb17,,Евразийский банк развития,Евразийский банк развития,bond,international,KZT,https://kase.kz/api/instruments/securities/?sec_type=bond,https://kase.kz/ru/investors/bonds/EABRb17,False,UNAVAILABLE,UNAVAILABLE,NO_CHART,INSTRUMENT_DELISTED,0,,,0,0.0,True,
EABRb18,,Евразийский банк развития,Евразийский банк развития,bond,international,KZT,https://kase.kz/api/instruments/securities/?sec_type=bond,https://kase.kz/ru/investors/bonds/EABRb18,False,UNAVAILABLE,UNAVAILABLE,NO_CHART,INSTRUMENT_DELISTED,0,,,0,0.0,True,
EABRb19,,Евразийский банк развития,Евразийский банк развития,bond,international,KZT,https://kase.kz/api/instruments/securities/?sec_type=bond,https://kase.kz/ru/investors/bonds/EABRb19,False,UNAVAILABLE,UNAVAILABLE,NO_CHART,INSTRUMENT_DELISTED,0,,,0,0.0,True,
EABRb2,,Евразийский банк развития,Евразийский банк развития,bond,international,KZT,https://kase.kz/api/instruments/securities/?sec_type=bond,https://kase.kz/ru/investors/bonds/EABRb2,False,UNAVAILABLE,UNAVAILABLE,NO_CHART,INSTRUMENT_DELISTED,0,,,0,0.0,True,
EABRb20,,Евразийский банк развития,Евразийский банк развития,bond,international,KZT,https://kase.kz/api/instruments/securities/?sec_type=bond,https://kase.kz/ru/investors/bonds/EABRb20,True,PENDING,UNAVAILABLE,NO_HISTORY,NO_PUBLIC_HISTORY,0,,,0,0.0,True,
EABRb21,,Евразийский банк развития,Евразийский банк развития,bond,international,KZT,https://kase.kz/api/instruments/securities/?sec_type=bond,https://kase.kz/ru/investors/bonds/EABRb21,False,UNAVAILABLE,UNAVAILABLE,NO_CHART,INSTRUMENT_DELISTED,0,,,0,0.0,True,
EABRb22,,Евразийский банк развития,Евразийский банк развития,bond,international,KZT,https://kase.kz/api/instruments/securities/?sec_type=bond,https://kase.kz/ru/investors/bonds/EABRb22,False,UNAVAILABLE,UNAVAILABLE,NO_CHART,INSTRUMENT_DELISTED,0,,,0,0.0,True,
EABRb23,,Евразийский банк развития,Евразийский банк развития,bond,international,KZT,https://kase.kz/api/instruments/securities/?sec_type=bond,https://kase.kz/ru/investors/bonds/EABRb23,False,UNAVAILABLE,UNAVAILABLE,NO_CHART,INSTRUMENT_DELISTED,0,,,0,0.0,True,
EABRb24,,Евразийский банк развития,Евразийский банк развития,bond,international,KZT,https://kase.kz/api/instruments/securities/?sec_type=bond,https://kase.kz/ru/investors/bonds/EABRb24,False,UNAVAILABLE,UNAVAILABLE,NO_CHART,INSTRUMENT_DELISTED,0,,,0,0.0,True,
EABRb25,,Евразийский банк развития,Евразийский банк развития,bond,international,KZT,https://kase.kz/api/instruments/securities/?sec_type=bond,https://kase.kz/ru/investors/bonds/EABRb25,False,UNAVAILABLE,UNAVAILABLE,NO_CHART,INSTRUMENT_DELISTED,0,,,0,0.0,True,
EABRb26,,Евразийский банк развития,Евразийский банк развития,bond,international,KZT,https://kase.kz/api/instruments/securities/?sec_type=bond,https://kase.kz/ru/investors/bonds/EABRb26,False,UNAVAILABLE,UNAVAILABLE,NO_CHART,INSTRUMENT_DELISTED,0,,,0,0.0,True,
EABRb27,,Евразийский банк развития,Евразийский банк развития,bond,international,KZT,https://kase.kz/api/instruments/securities/?sec_type=bond,https://kase.kz/ru/investors/bonds/EABRb27,True,PENDING,UNAVAILABLE,NO_HISTORY,NO_PUBLIC_HISTORY,0,,,0,0.0,True,
EABRb28,,Евразийский банк развития,Евразийский банк развития,bond,international,KZT,https://kase.kz/api/instruments/securities/?sec_type=bond,https://kase.kz/ru/investors/bonds/EABRb28,True,PENDING,UNAVAILABLE,NO_HISTORY,NO_PUBLIC_HISTORY,0,,,0,0.0,True,
EABRb29,,Евразийский банк развития,Евразийский банк развития,bond,international,KZT,https://kase.kz/api/instruments/securities/?sec_type=bond,https://kase.kz/ru/investors/bonds/EABRb29,True,PENDING,UNAVAILABLE,NO_HISTORY,NO_PUBLIC_HISTORY,0,,,0,0.0,True,
EABRb3,,Евразийский банк развития,Евразийский банк развития,bond,international,KZT,https://kase.kz/api/instruments/securities/?sec_type=bond,https://kase.kz/ru/investors/bonds/EABRb3,False,UNAVAILABLE,UNAVAILABLE,NO_CHART,INSTRUMENT_DELISTED,0,,,0,0.0,True,
EABRb30,,Евразийский банк развития,Евразийский банк развития,bond,international,KZT,https://kase.kz/api/instruments/securities/?sec_type=bond,https://kase.kz/ru/investors/bonds/EABRb30,False,UNAVAILABLE,UNAVAILABLE,NO_CHART,INSTRUMENT_DELISTED,0,,,0,0.0,True,
EABRb31,,Евразийский банк развития,Евразийский банк развития,bond,international,KZT,https://kase.kz/api/instruments/securities/?sec_type=bond,https://kase.kz/ru/investors/bonds/EABRb31,False,UNAVAILABLE,UNAVAILABLE,NO_CHART,INSTRUMENT_DELISTED,0,,,0,0.0,True,
EABRb32,,Евразийский банк развития,Евразийский банк развития,bond,international,KZT,https://kase.kz/api/instruments/securities/?sec_type=bond,https://kase.kz/ru/investors/bonds/EABRb32,True,PENDING,UNAVAILABLE,NO_HISTORY,NO_PUBLIC_HISTORY,0,,,0,0.0,True,
EABRb33,,Евразийский банк развития,Евразийский банк развития,bond,international,KZT,https://kase.kz/api/instruments/securities/?sec_type=bond,https://kase.kz/ru/investors/bonds/EABRb33,False,UNAVAILABLE,UNAVAILABLE,NO_CHART,INSTRUMENT_DELISTED,0,,,0,0.0,True,
EABRb34,,Евразийский банк развития,Евразийский банк развития,bond,international,KZT,https://kase.kz/api/instruments/securities/?sec_type=bond,https://kase.kz/ru/investors/bonds/EABRb34,True,PENDING,UNAVAILABLE,NO_HISTORY,NO_PUBLIC_HISTORY,0,,,0,0.0,True,
EABRb35,,Евразийский банк развития,Евразийский банк развития,bond,international,KZT,https://kase.kz/api/instruments/securities/?sec_type=bond,https://kase.kz/ru/investors/bonds/EABRb35,False,UNAVAILABLE,UNAVAILABLE,NO_CHART,INSTRUMENT_DELISTED,0,,,0,0.0,True,
EABRb36,,Евразийский банк развития,Евразийский банк развития,bond,international,KZT,https://kase.kz/api/instruments/securities/?sec_type=bond,https://kase.kz/ru/investors/bonds/EABRb36,True,PENDING,UNAVAILABLE,NO_HISTORY,NO_PUBLIC_HISTORY,0,,,0,0.0,True,
EABRb37,,Евразийский банк развития,Евразийский банк развития,bond,international,KZT,https://kase.kz/api/instruments/securities/?sec_type=bond,https://kase.kz/ru/investors/bonds/EABRb37,True,PENDING,UNAVAILABLE,NO_HISTORY,NO_PUBLIC_HISTORY,0,,,0,0.0,True,
EABRb38,,Евразийский банк развития,Евразийский банк развития,bond,international,KZT,https://kase.kz/api/instruments/securities/?sec_type=bond,https://kase.kz/ru/investors/bonds/EABRb38,False,UNAVAILABLE,UNAVAILABLE,NO_CHART,INSTRUMENT_DELISTED,0,,,0,0.0,True,
EABRb39,,Евразийский банк развития,Евразийский банк развития,bond,international,KZT,https://kase.kz/api/instruments/securities/?sec_type=bond,https://kase.kz/ru/investors/bonds/EABRb39,False,UNAVAILABLE,UNAVAILABLE,NO_CHART,INSTRUMENT_DELISTED,0,,,0,0.0,True,
EABRb4,,Евразийский банк развития,Евразийский банк развития,bond,international,KZT,https://kase.kz/api/instruments/securities/?sec_type=bond,https://kase.kz/ru/investors/bonds/EABRb4,False,UNAVAILABLE,UNAVAILABLE,NO_CHART,INSTRUMENT_DELISTED,0,,,0,0.0,True,
EABRb40,,Евразийский банк развития,Евразийский банк развития,bond,international,USD,https://kase.kz/api/instruments/securities/?sec_type=bond,https://kase.kz/ru/investors/bonds/EABRb40,False,UNAVAILABLE,UNAVAILABLE,NO_CHART,INSTRUMENT_DELISTED,0,,,0,0.0,True,
EABRb41,,Евразийский банк развития,Евразийский банк развития,bond,international,KZT,https://kase.kz/api/instruments/securities/?sec_type=bond,https://kase.kz/ru/investors/bonds/EABRb41,False,UNAVAILABLE,UNAVAILABLE,NO_CHART,INSTRUMENT_DELISTED,0,,,0,0.0,True,
EABRb42,,Евразийский банк развития,Евразийский банк развития,bond,international,KZT,https://kase.kz/api/instruments/securities/?sec_type=bond,https://kase.kz/ru/investors/bonds/EABRb42,True,PENDING,PARTIAL,DATA_READY,,4,2026-02-15T19:00:00,2026-07-14T19:00:00,4,1.61,True,
EABRb43,,Евразийский банк развития,Евразийский банк развития,bond,international,KZT,https://kase.kz/api/instruments/securities/?sec_type=bond,https://kase.kz/ru/investors/bonds/EABRb43,True,PENDING,PARTIAL,DATA_READY,,12,2025-10-22T19:00:00,2026-08-20T19:00:00,12,4.84,True,
EABRb44,,Евразийский банк развития,Евразийский банк развития,bond,international,KZT,https://kase.kz/api/instruments/securities/?sec_type=bond,https://kase.kz/ru/investors/bonds/EABRb44,False,UNAVAILABLE,UNAVAILABLE,NO_CHART,INSTRUMENT_DELISTED,0,,,0,0.0,True,
EABRb45,,Евразийский банк развития,Евразийский банк развития,bond,international,KZT,https://kase.kz/api/instruments/securities/?sec_type=bond,https://kase.kz/ru/investors/bonds/EABRb45,False,UNAVAILABLE,UNAVAILABLE,NO_CHART,INSTRUMENT_DELISTED,0,,,0,0.0,True,
EABRb46,,Евразийский банк развития,Евразийский банк развития,bond,international,KZT,https://kase.kz/api/instruments/securities/?sec_type=bond,https://kase.kz/ru/investors/bonds/EABRb46,False,UNAVAILABLE,UNAVAILABLE,NO_CHART,INSTRUMENT_DELISTED,0,,,0,0.0,True,
EABRb47,,Евразийский банк развития,Евразийский банк развития,bond,international,KZT,https://kase.kz/api/instruments/securities/?sec_type=bond,https://kase.kz/ru/investors/bonds/EABRb47,False,UNAVAILABLE,UNAVAILABLE,NO_CHART,INSTRUMENT_DELISTED,0,,,0,0.0,True,
EABRb48,,Евразийский банк развития,Евразийский банк развития,bond,international,KZT,https://kase.kz/api/instruments/securities/?sec_type=bond,https://kase.kz/ru/investors/bonds/EABRb48,False,UNAVAILABLE,UNAVAILABLE,NO_CHART,INSTRUMENT_DELISTED,0,,,0,0.0,True,
EABRb49,,Евразийский банк развития,Евразийский банк развития,bond,international,KZT,https://kase.kz/api/instruments/securities/?sec_type=bond,https://kase.kz/ru/investors/bonds/EABRb49,True,PENDING,UNAVAILABLE,NO_HISTORY,NO_PUBLIC_HISTORY,0,,,0,0.0,True,
EABRb5,,Евразийский банк развития,Евразийский банк развития,bond,international,KZT,https://kase.kz/api/instruments/securities/?sec_type=bond,https://kase.kz/ru/investors/bonds/EABRb5,False,UNAVAILABLE,UNAVAILABLE,NO_CHART,INSTRUMENT_DELISTED,0,,,0,0.0,True,
EABRb50,,Евразийский банк развития,Евразийский банк развития,bond,international,KZT,https://kase.kz/api/instruments/securities/?sec_type=bond,https://kase.kz/ru/investors/bonds/EABRb50,False,UNAVAILABLE,UNAVAILABLE,NO_CHART,INSTRUMENT_DELISTED,0,,,0,0.0,True,
EABRb51,,Евразийский банк развития,Евразийский банк развития,bond,international,KZT,https://kase.kz/api/instruments/securities/?sec_type=bond,https://kase.kz/ru/investors/bonds/EABRb51,False,UNAVAILABLE,UNAVAILABLE,NO_CHART,INSTRUMENT_DELISTED,0,,,0,0.0,True,
EABRb52,,Евразийский банк развития,Евразийский банк развития,bond,international,KZT,https://kase.kz/api/instruments/securities/?sec_type=bond,https://kase.kz/ru/investors/bonds/EABRb52,True,PENDING,PARTIAL,DATA_READY,,6,2025-09-07T19:00:00,2026-04-20T19:00:00,6,2.42,True,
EABRb53,,Евразийский банк развития,Евразийский банк развития,bond,international,KZT,https://kase.kz/api/instruments/securities/?sec_type=bond,https://kase.kz/ru/investors/bonds/EABRb53,True,PENDING,PARTIAL,DATA_READY,,2,2026-02-25T19:00:00,2026-07-14T19:00:00,2,0.81,True,
EABRb54,,Евразийский банк развития,Евразийский банк развития,bond,international,CNY,https://kase.kz/api/instruments/securities/?sec_type=bond,https://kase.kz/ru/investors/bonds/EABRb54,True,PENDING,UNAVAILABLE,NO_HISTORY,NO_PUBLIC_HISTORY,0,,,0,0.0,True,
EABRb55,,Евразийский банк развития,Евразийский банк развития,bond,international,KZT,https://kase.kz/api/instruments/securities/?sec_type=bond,https://kase.kz/ru/investors/bonds/EABRb55,False,UNAVAILABLE,UNAVAILABLE,NO_CHART,INSTRUMENT_DELISTED,0,,,0,0.0,True,
EABRb56,,Евразийский банк развития,Евразийский банк развития,bond,international,CNY,https://kase.kz/api/instruments/securities/?sec_type=bond,https://kase.kz/ru/investors/bonds/EABRb56,False,UNAVAILABLE,UNAVAILABLE,NO_CHART,INSTRUMENT_DELISTED,0,,,0,0.0,True,
EABRb57,,Евразийский банк развития,Евразийский банк развития,bond,international,KZT,https://kase.kz/api/instruments/securities/?sec_type=bond,https://kase.kz/ru/investors/bonds/EABRb57,False,UNAVAILABLE,UNAVAILABLE,NO_CHART,INSTRUMENT_DELISTED,0,,,0,0.0,True,
EABRb58,,Евразийский банк развития,Евразийский банк развития,bond,international,KZT,https://kase.kz/api/instruments/securities/?sec_type=bond,https://kase.kz/ru/investors/bonds/EABRb58,False,UNAVAILABLE,UNAVAILABLE,NO_CHART,INSTRUMENT_DELISTED,0,,,0,0.0,True,
EABRb59,,Евразийский банк развития,Евразийский банк развития,bond,international,KZT,https://kase.kz/api/instruments/securities/?sec_type=bond,https://kase.kz/ru/investors/bonds/EABRb59,False,UNAVAILABLE,UNAVAILABLE,NO_CHART,INSTRUMENT_DELISTED,0,,,0,0.0,True,
EABRb6,,Евразийский банк развития,Евразийский банк развития,bond,international,KZT,https://kase.kz/api/instruments/securities/?sec_type=bond,https://kase.kz/ru/investors/bonds/EABRb6,False,UNAVAILABLE,UNAVAILABLE,NO_CHART,INSTRUMENT_DELISTED,0,,,0,0.0,True,
EABRb60,,Евразийский банк развития,Евразийский банк развития,bond,international,USD,https://kase.kz/api/instruments/securities/?sec_type=bond,https://kase.kz/ru/investors/bonds/EABRb60,True,PENDING,PARTIAL,DATA_READY,,14,2026-04-01T19:00:00,2026-08-13T19:00:00,14,5.65,True,
EABRb61,,Евразийский банк развития,Евразийский банк развития,bond,international,KZT,https://kase.kz/api/instruments/securities/?sec_type=bond,https://kase.kz/ru/investors/bonds/EABRb61,False,UNAVAILABLE,UNAVAILABLE,NO_CHART,INSTRUMENT_DELISTED,0,,,0,0.0,True,
EABRb62,,Евразийский банк развития,Евразийский банк развития,bond,international,KZT,https://kase.kz/api/instruments/securities/?sec_type=bond,https://kase.kz/ru/investors/bonds/EABRb62,True,PENDING,UNAVAILABLE,NO_HISTORY,NO_PUBLIC_HISTORY,0,,,0,0.0,True,
EABRb63,,Евразийский банк развития,Евразийский банк развития,bond,international,KZT,https://kase.kz/api/instruments/securities/?sec_type=bond,https://kase.kz/ru/investors/bonds/EABRb63,True,PENDING,UNAVAILABLE,NO_HISTORY,NO_PUBLIC_HISTORY,0,,,0,0.0,True,
EABRb64,,Евразийский банк развития,Евразийский банк развития,bond,international,KZT,https://kase.kz/api/instruments/securities/?sec_type=bond,https://kase.kz/ru/investors/bonds/EABRb64,True,PENDING,UNAVAILABLE,NO_HISTORY,NO_PUBLIC_HISTORY,0,,,0,0.0,True,
EABRb65,,Евразийский банк развития,Евразийский банк развития,bond,international,KZT,https://kase.kz/api/instruments/securities/?sec_type=bond,https://kase.kz/ru/investors/bonds/EABRb65,True,PENDING,UNAVAILABLE,NO_HISTORY,NO_PUBLIC_HISTORY,0,,,0,0.0,True,
EABRb66,,Евразийский банк развития,Евразийский банк развития,bond,international,USD,https://kase.kz/api/instruments/securities/?sec_type=bond,https://kase.kz/ru/investors/bonds/EABRb66,True,PENDING,PARTIAL,DATA_READY,,18,2026-06-15T19:00:00,2026-08-24T19:00:00,18,7.26,True,
EABRb67,,Евразийский банк развития,Евразийский банк развития,bond,international,KZT,https://kase.kz/api/instruments/securities/?sec_type=bond,https://kase.kz/ru/investors/bonds/EABRb67,True,PENDING,UNAVAILABLE,NO_HISTORY,NO_PUBLIC_HISTORY,0,,,0,0.0,True,
EABRb68,,Евразийский банк развития,Евразийский банк развития,bond,international,KZT,https://kase.kz/api/instruments/securities/?sec_type=bond,https://kase.kz/ru/investors/bonds/EABRb68,True,PENDING,UNAVAILABLE,NO_HISTORY,NO_PUBLIC_HISTORY,0,,,0,0.0,True,
EABRb69,,Евразийский банк развития,Евразийский банк развития,bond,international,USD,https://kase.kz/api/instruments/securities/?sec_type=bond,https://kase.kz/ru/investors/bonds/EABRb69,True,PENDING,UNAVAILABLE,NO_HISTORY,NO_PUBLIC_HISTORY,0,,,0,0.0,True,
EABRb7,,Евразийский банк развития,Евразийский банк развития,bond,international,KZT,https://kase.kz/api/instruments/securities/?sec_type=bond,https://kase.kz/ru/investors/bonds/EABRb7,False,UNAVAILABLE,UNAVAILABLE,NO_CHART,INSTRUMENT_DELISTED,0,,,0,0.0,True,
EABRb8,,Евразийский банк развития,Евразийский банк развития,bond,international,KZT,https://kase.kz/api/instruments/securities/?sec_type=bond,https://kase.kz/ru/investors/bonds/EABRb8,False,UNAVAILABLE,UNAVAILABLE,NO_CHART,INSTRUMENT_DELISTED,0,,,0,0.0,True,
EABRb9,,Евразийский банк развития,Евразийский банк развития,bond,international,KZT,https://kase.kz/api/instruments/securities/?sec_type=bond,https://kase.kz/ru/investors/bonds/EABRb9,False,UNAVAILABLE,UNAVAILABLE,NO_CHART,INSTRUMENT_DELISTED,0,,,0,0.0,True,
EABRe1,,Евразийский банк развития,Евразийский банк развития,bond,international,USD,https://kase.kz/api/instruments/securities/?sec_type=bond,https://kase.kz/ru/investors/bonds/EABRe1,False,UNAVAILABLE,UNAVAILABLE,NO_CHART,INSTRUMENT_DELISTED,0,,,0,0.0,True,
EABRe2,,Евразийский банк развития,Евразийский банк развития,bond,international,USD,https://kase.kz/api/instruments/securities/?sec_type=bond,https://kase.kz/ru/investors/bonds/EABRe2,False,UNAVAILABLE,UNAVAILABLE,NO_CHART,INSTRUMENT_DELISTED,0,,,0,0.0,True,
EABRe3,,Евразийский банк развития,Евразийский банк развития,bond,international,USD,https://kase.kz/api/instruments/securities/?sec_type=bond,https://kase.kz/ru/investors/bonds/EABRe3,False,UNAVAILABLE,UNAVAILABLE,NO_CHART,INSTRUMENT_DELISTED,0,,,0,0.0,True,
EABRe4,,Евразийский банк развития,Евразийский банк развития,bond,international,KZT,https://kase.kz/api/instruments/securities/?sec_type=bond,https://kase.kz/ru/investors/bonds/EABRe4,False,UNAVAILABLE,UNAVAILABLE,NO_CHART,INSTRUMENT_DELISTED,0,,,0,0.0,True,
EABRe5,,Евразийский банк развития,Евразийский банк развития,bond,international,USD,https://kase.kz/api/instruments/securities/?sec_type=bond,https://kase.kz/ru/investors/bonds/EABRe5,True,PENDING,UNAVAILABLE,NO_HISTORY,NO_PUBLIC_HISTORY,0,,,0,0.0,True,
EABRe6,,Евразийский банк развития,Евразийский банк развития,bond,international,KZT,https://kase.kz/api/instruments/securities/?sec_type=bond,https://kase.kz/ru/investors/bonds/EABRe6,False,UNAVAILABLE,UNAVAILABLE,NO_CHART,INSTRUMENT_DELISTED,0,,,0,0.0,True,
EABRe7,,Евразийский банк развития,Евразийский банк развития,bond,international,KZT,https://kase.kz/api/instruments/securities/?sec_type=bond,https://kase.kz/ru/investors/bonds/EABRe7,True,PENDING,UNAVAILABLE,NO_HISTORY,NO_PUBLIC_HISTORY,0,,,0,0.0,True,
EABRK050619,,Евразийский банк развития,Евразийский банк развития,bond,international,KZT,https://kase.kz/api/instruments/securities/?sec_type=bond,https://kase.kz/ru/investors/bonds/EABRK050619,False,UNAVAILABLE,UNAVAILABLE,NO_CHART,INSTRUMENT_DELISTED,0,,,0,0.0,True,
EABRK180819,,Евразийский банк развития,Евразийский банк развития,bond,international,KZT,https://kase.kz/api/instruments/securities/?sec_type=bond,https://kase.kz/ru/investors/bonds/EABRK180819,False,UNAVAILABLE,UNAVAILABLE,NO_CHART,INSTRUMENT_DELISTED,0,,,0,0.0,True,
EABRK180919,,Евразийский банк развития,Евразийский банк развития,bond,international,KZT,https://kase.kz/api/instruments/securities/?sec_type=bond,https://kase.kz/ru/investors/bonds/EABRK180919,False,UNAVAILABLE,UNAVAILABLE,NO_CHART,INSTRUMENT_DELISTED,0,,,0,0.0,True,
EABRK240520,,Евразийский банк развития,Евразийский банк развития,bond,international,KZT,https://kase.kz/api/instruments/securities/?sec_type=bond,https://kase.kz/ru/investors/bonds/EABRK240520,False,UNAVAILABLE,UNAVAILABLE,NO_CHART,INSTRUMENT_DELISTED,0,,,0,0.0,True,
EABRK250418,,Евразийский банк развития,Евразийский банк развития,bond,international,KZT,https://kase.kz/api/instruments/securities/?sec_type=bond,https://kase.kz/ru/investors/bonds/EABRK250418,False,UNAVAILABLE,UNAVAILABLE,NO_CHART,INSTRUMENT_DELISTED,0,,,0,0.0,True,
EABRK280414,,Евразийский банк развития,Евразийский банк развития,bond,international,KZT,https://kase.kz/api/instruments/securities/?sec_type=bond,https://kase.kz/ru/investors/bonds/EABRK280414,False,UNAVAILABLE,UNAVAILABLE,NO_CHART,INSTRUMENT_DELISTED,0,,,0,0.0,True,
EABRK281217,,Евразийский банк развития,Евразийский банк развития,bond,international,KZT,https://kase.kz/api/instruments/securities/?sec_type=bond,https://kase.kz/ru/investors/bonds/EABRK281217,False,UNAVAILABLE,UNAVAILABLE,NO_CHART,INSTRUMENT_DELISTED,0,,,0,0.0,True,
EBRDe10,,Европейский банк реконструкции и развития,Европейский банк реконструкции и развития,bond,international,KZT,https://kase.kz/api/instruments/securities/?sec_type=bond,https://kase.kz/ru/investors/bonds/EBRDe10,True,PENDING,UNAVAILABLE,NO_HISTORY,NO_PUBLIC_HISTORY,0,,,0,0.0,True,
EBRDe11,,Европейский банк реконструкции и развития,Европейский банк реконструкции и развития,bond,international,KZT,https://kase.kz/api/instruments/securities/?sec_type=bond,https://kase.kz/ru/investors/bonds/EBRDe11,True,PENDING,UNAVAILABLE,NO_HISTORY,NO_PUBLIC_HISTORY,0,,,0,0.0,True,
EBRDe12,,Европейский банк реконструкции и развития,Европейский банк реконструкции и развития,bond,international,KZT,https://kase.kz/api/instruments/securities/?sec_type=bond,https://kase.kz/ru/investors/bonds/EBRDe12,False,UNAVAILABLE,UNAVAILABLE,NO_CHART,INSTRUMENT_DELISTED,0,,,0,0.0,True,
EBRDe13,,Европейский банк реконструкции и развития,Европейский банк реконструкции и развития,bond,international,KZT,https://kase.kz/api/instruments/securities/?sec_type=bond,https://kase.kz/ru/investors/bonds/EBRDe13,True,PENDING,UNAVAILABLE,NO_HISTORY,NO_PUBLIC_HISTORY,0,,,0,0.0,True,
EBRDe14,,Европейский банк реконструкции и развития,Европейский банк реконструкции и развития,bond,international,KZT,https://kase.kz/api/instruments/securities/?sec_type=bond,https://kase.kz/ru/investors/bonds/EBRDe14,False,UNAVAILABLE,UNAVAILABLE,NO_CHART,INSTRUMENT_DELISTED,0,,,0,0.0,True,
EBRDe15,,Европейский банк реконструкции и развития,Европейский банк реконструкции и развития,bond,corporate,KZT,https://kase.kz/api/instruments/securities/?sec_type=bond,https://kase.kz/ru/investors/bonds/EBRDe15,True,PENDING,UNAVAILABLE,NO_HISTORY,NO_PUBLIC_HISTORY,0,,,0,0.0,True,
EBRDe16,,Европейский банк реконструкции и развития,Европейский банк реконструкции и развития,bond,international,KZT,https://kase.kz/api/instruments/securities/?sec_type=bond,https://kase.kz/ru/investors/bonds/EBRDe16,False,UNAVAILABLE,UNAVAILABLE,NO_CHART,INSTRUMENT_DELISTED,0,,,0,0.0,True,
EBRDe17,,Европейский банк реконструкции и развития,Европейский банк реконструкции и развития,bond,international,KZT,https://kase.kz/api/instruments/securities/?sec_type=bond,https://kase.kz/ru/investors/bonds/EBRDe17,True,PENDING,UNAVAILABLE,NO_HISTORY,NO_PUBLIC_HISTORY,0,,,0,0.0,True,
EBRDe18,,Европейский банк реконструкции и развития,Европейский банк реконструкции и развития,bond,international,KZT,https://kase.kz/api/instruments/securities/?sec_type=bond,https://kase.kz/ru/investors/bonds/EBRDe18,False,UNAVAILABLE,UNAVAILABLE,NO_CHART,INSTRUMENT_DELISTED,0,,,0,0.0,True,
EBRDe19,,Европейский банк реконструкции и развития,Европейский банк реконструкции и развития,bond,international,KZT,https://kase.kz/api/instruments/securities/?sec_type=bond,https://kase.kz/ru/investors/bonds/EBRDe19,False,UNAVAILABLE,UNAVAILABLE,NO_CHART,INSTRUMENT_DELISTED,0,,,0,0.0,True,
EBRDe1_US,,Европейский банк реконструкции и развития,Европейский банк реконструкции и развития,bond,international,USD,https://kase.kz/api/instruments/securities/?sec_type=bond,https://kase.kz/ru/investors/bonds/EBRDe1_US,False,UNAVAILABLE,UNAVAILABLE,NO_CHART,INSTRUMENT_DELISTED,0,,,0,0.0,True,
EBRDe2,,Европейский банк реконструкции и развития,Европейский банк реконструкции и развития,bond,international,KZT,https://kase.kz/api/instruments/securities/?sec_type=bond,https://kase.kz/ru/investors/bonds/EBRDe2,False,UNAVAILABLE,UNAVAILABLE,NO_CHART,INSTRUMENT_DELISTED,0,,,0,0.0,True,
EBRDe20,,Европейский банк реконструкции и развития,Европейский банк реконструкции и развития,bond,international,KZT,https://kase.kz/api/instruments/securities/?sec_type=bond,https://kase.kz/ru/investors/bonds/EBRDe20,True,PENDING,UNAVAILABLE,NO_HISTORY,NO_PUBLIC_HISTORY,0,,,0,0.0,True,
EBRDe21,,Европейский банк реконструкции и развития,Европейский банк реконструкции и развития,bond,international,KZT,https://kase.kz/api/instruments/securities/?sec_type=bond,https://kase.kz/ru/investors/bonds/EBRDe21,False,UNAVAILABLE,UNAVAILABLE,NO_CHART,INSTRUMENT_DELISTED,0,,,0,0.0,True,
EBRDe22,,Европейский банк реконструкции и развития,Европейский банк реконструкции и развития,bond,international,KZT,https://kase.kz/api/instruments/securities/?sec_type=bond,https://kase.kz/ru/investors/bonds/EBRDe22,True,PENDING,UNAVAILABLE,NO_HISTORY,NO_PUBLIC_HISTORY,0,,,0,0.0,True,
EBRDe23,,Европейский банк реконструкции и развития,Европейский банк реконструкции и развития,bond,international,KZT,https://kase.kz/api/instruments/securities/?sec_type=bond,https://kase.kz/ru/investors/bonds/EBRDe23,True,PENDING,UNAVAILABLE,NO_HISTORY,NO_PUBLIC_HISTORY,0,,,0,0.0,True,
EBRDe24,,Европейский банк реконструкции и развития,Европейский банк реконструкции и развития,bond,international,USD,https://kase.kz/api/instruments/securities/?sec_type=bond,https://kase.kz/ru/investors/bonds/EBRDe24,True,PENDING,UNAVAILABLE,NO_HISTORY,NO_PUBLIC_HISTORY,0,,,0,0.0,True,
EBRDe25,,Европейский банк реконструкции и развития,Европейский банк реконструкции и развития,bond,international,KZT,https://kase.kz/api/instruments/securities/?sec_type=bond,https://kase.kz/ru/investors/bonds/EBRDe25,True,PENDING,UNAVAILABLE,NO_HISTORY,NO_PUBLIC_HISTORY,0,,,0,0.0,True,
EBRDe26,,Европейский банк реконструкции и развития,Европейский банк реконструкции и развития,bond,international,USD,https://kase.kz/api/instruments/securities/?sec_type=bond,https://kase.kz/ru/investors/bonds/EBRDe26,True,PENDING,UNAVAILABLE,NO_HISTORY,NO_PUBLIC_HISTORY,0,,,0,0.0,True,
EBRDe27,,Европейский банк реконструкции и развития,Европейский банк реконструкции и развития,bond,international,KZT,https://kase.kz/api/instruments/securities/?sec_type=bond,https://kase.kz/ru/investors/bonds/EBRDe27,True,PENDING,PARTIAL,DATA_READY,,1,2026-07-16T19:00:00,2026-07-16T19:00:00,1,0.4,True,
EBRDe28,,Европейский банк реконструкции и развития,Европейский банк реконструкции и развития,bond,international,KZT,https://kase.kz/api/instruments/securities/?sec_type=bond,https://kase.kz/ru/investors/bonds/EBRDe28,True,PENDING,UNAVAILABLE,NO_HISTORY,NO_PUBLIC_HISTORY,0,,,0,0.0,True,
EBRDe29,,Европейский банк реконструкции и развития,Европейский банк реконструкции и развития,bond,international,KZT,https://kase.kz/api/instruments/securities/?sec_type=bond,https://kase.kz/ru/investors/bonds/EBRDe29,True,PENDING,UNAVAILABLE,NO_HISTORY,NO_PUBLIC_HISTORY,0,,,0,0.0,True,
EBRDe3,,Европейский банк реконструкции и развития,Европейский банк реконструкции и развития,bond,international,KZT,https://kase.kz/api/instruments/securities/?sec_type=bond,https://kase.kz/ru/investors/bonds/EBRDe3,False,UNAVAILABLE,UNAVAILABLE,NO_CHART,INSTRUMENT_DELISTED,0,,,0,0.0,True,
EBRDe4,,Европейский банк реконструкции и развития,Европейский банк реконструкции и развития,bond,international,KZT,https://kase.kz/api/instruments/securities/?sec_type=bond,https://kase.kz/ru/investors/bonds/EBRDe4,False,UNAVAILABLE,UNAVAILABLE,NO_CHART,INSTRUMENT_DELISTED,0,,,0,0.0,True,
EBRDe5,,Европейский банк реконструкции и развития,Европейский банк реконструкции и развития,bond,international,KZT,https://kase.kz/api/instruments/securities/?sec_type=bond,https://kase.kz/ru/investors/bonds/EBRDe5,False,UNAVAILABLE,UNAVAILABLE,NO_CHART,INSTRUMENT_DELISTED,0,,,0,0.0,True,
EBRDe6,,Европейский банк реконструкции и развития,Европейский банк реконструкции и развития,bond,international,KZT,https://kase.kz/api/instruments/securities/?sec_type=bond,https://kase.kz/ru/investors/bonds/EBRDe6,False,UNAVAILABLE,UNAVAILABLE,NO_CHART,INSTRUMENT_DELISTED,0,,,0,0.0,True,
EBRDe7,,Европейский банк реконструкции и развития,Европейский банк реконструкции и развития,bond,international,KZT,https://kase.kz/api/instruments/securities/?sec_type=bond,https://kase.kz/ru/investors/bonds/EBRDe7,False,UNAVAILABLE,UNAVAILABLE,NO_CHART,INSTRUMENT_DELISTED,0,,,0,0.0,True,
EBRDe8,,Европейский банк реконструкции и развития,Европейский банк реконструкции и развития,bond,international,KZT,https://kase.kz/api/instruments/securities/?sec_type=bond,https://kase.kz/ru/investors/bonds/EBRDe8,True,PENDING,UNAVAILABLE,NO_HISTORY,NO_PUBLIC_HISTORY,0,,,0,0.0,True,
EBRDe9,,Европейский банк реконструкции и развития,Европейский банк реконструкции и развития,bond,international,KZT,https://kase.kz/api/instruments/securities/?sec_type=bond,https://kase.kz/ru/investors/bonds/EBRDe9,True,PENDING,UNAVAILABLE,NO_HISTORY,NO_PUBLIC_HISTORY,0,,,0,0.0,True,
EBRDU050520,,Европейский банк реконструкции и развития,Европейский банк реконструкции и развития,bond,international,USD,https://kase.kz/api/instruments/securities/?sec_type=bond,https://kase.kz/ru/investors/bonds/EBRDU050520,False,UNAVAILABLE,UNAVAILABLE,NO_CHART,INSTRUMENT_DELISTED,0,,,0,0.0,True,
ECTRb1,,Исткомтранс,Исткомтранс,bond,corporate,KZT,https://kase.kz/api/instruments/securities/?sec_type=bond,https://kase.kz/ru/investors/bonds/ECTRb1,False,UNAVAILABLE,UNAVAILABLE,NO_CHART,INSTRUMENT_DELISTED,0,,,0,0.0,True,
ECTRe1,,Исткомтранс,Исткомтранс,bond,corporate,USD,https://kase.kz/api/instruments/securities/?sec_type=bond,https://kase.kz/ru/investors/bonds/ECTRe1,False,UNAVAILABLE,UNAVAILABLE,NO_CHART,INSTRUMENT_DELISTED,0,,,0,0.0,True,
ECTRe1_US,,Исткомтранс,Исткомтранс,bond,corporate,USD,https://kase.kz/api/instruments/securities/?sec_type=bond,https://kase.kz/ru/investors/bonds/ECTRe1_US,False,UNAVAILABLE,UNAVAILABLE,NO_CHART,INSTRUMENT_DELISTED,0,,,0,0.0,True,
ECTRe1_USD,,Исткомтранс,Исткомтранс,bond,corporate,USD,https://kase.kz/api/instruments/securities/?sec_type=bond,https://kase.kz/ru/investors/bonds/ECTRe1_USD,False,UNAVAILABLE,UNAVAILABLE,NO_CHART,INSTRUMENT_DELISTED,0,,,0,0.0,True,
EIB_e1,,Европейский инвестиционный банк,Европейский инвестиционный банк,bond,international,USD,https://kase.kz/api/instruments/securities/?sec_type=bond,https://kase.kz/ru/investors/bonds/EIB_e1,True,PENDING,UNAVAILABLE,NO_HISTORY,NO_PUBLIC_HISTORY,0,,,0,0.0,True,
EIB_e2,,Европейский инвестиционный банк,Европейский инвестиционный банк,bond,international,USD,https://kase.kz/api/instruments/securities/?sec_type=bond,https://kase.kz/ru/investors/bonds/EIB_e2,False,UNAVAILABLE,UNAVAILABLE,NO_CHART,INSTRUMENT_DELISTED,0,,,0,0.0,True,
EIB_e3,,Европейский инвестиционный банк,Европейский инвестиционный банк,bond,international,USD,https://kase.kz/api/instruments/securities/?sec_type=bond,https://kase.kz/ru/investors/bonds/EIB_e3,True,PENDING,UNAVAILABLE,NO_HISTORY,NO_PUBLIC_HISTORY,0,,,0,0.0,True,
EIB_U150520,,Европейский инвестиционный банк,Европейский инвестиционный банк,bond,international,USD,https://kase.kz/api/instruments/securities/?sec_type=bond,https://kase.kz/ru/investors/bonds/EIB_U150520,False,UNAVAILABLE,UNAVAILABLE,NO_CHART,INSTRUMENT_DELISTED,0,,,0,0.0,True,
EKAIb1,,СФК EKA-Invest,СФК EKA-Invest,bond,corporate,KZT,https://kase.kz/api/instruments/securities/?sec_type=bond,https://kase.kz/ru/investors/bonds/EKAIb1,True,PENDING,UNAVAILABLE,NO_HISTORY,NO_PUBLIC_HISTORY,0,,,0,0.0,True,
EKGSb1,,EKGSb1,EKGSb1,bond,corporate,KZT,https://kase.kz/api/instruments/securities/?sec_type=bond,https://kase.kz/ru/investors/bonds/EKGSb1,False,UNAVAILABLE,UNAVAILABLE,NO_CHART,INSTRUMENT_DELISTED,0,,,0,0.0,True,
EKGSb2,,EKGSb2,EKGSb2,bond,corporate,KZT,https://kase.kz/api/instruments/securities/?sec_type=bond,https://kase.kz/ru/investors/bonds/EKGSb2,False,UNAVAILABLE,UNAVAILABLE,NO_CHART,INSTRUMENT_DELISTED,0,,,0,0.0,True,
EKTNb1,,ЭКОТОН+,ЭКОТОН+,bond,corporate,KZT,https://kase.kz/api/instruments/securities/?sec_type=bond,https://kase.kz/ru/investors/bonds/EKTNb1,False,UNAVAILABLE,UNAVAILABLE,NO_CHART,INSTRUMENT_DELISTED,0,,,0,0.0,True,
ELDSb1,,ELDSb1,ELDSb1,bond,corporate,KZT,https://kase.kz/api/instruments/securities/?sec_type=bond,https://kase.kz/ru/investors/bonds/ELDSb1,False,UNAVAILABLE,UNAVAILABLE,NO_CHART,INSTRUMENT_DELISTED,0,,,0,0.0,True,
ELEIpp1,,Элей,Элей,bond,corporate,KZT,https://kase.kz/api/instruments/securities/?sec_type=bond,https://kase.kz/ru/investors/bonds/ELEIpp1,True,PENDING,UNAVAILABLE,NO_HISTORY,NO_PUBLIC_HISTORY,0,,,0,0.0,True,
ELFApp1,,Факторинговая компания e-Lab Factor,Факторинговая компания e-Lab Factor,bond,corporate,KZT,https://kase.kz/api/instruments/securities/?sec_type=bond,https://kase.kz/ru/investors/bonds/ELFApp1,True,PENDING,UNAVAILABLE,NO_HISTORY,NO_PUBLIC_HISTORY,0,,,0,0.0,True,
EMQApp1,,Эмир Құрылыс Астана,Эмир Құрылыс Астана,bond,corporate,KZT,https://kase.kz/api/instruments/securities/?sec_type=bond,https://kase.kz/ru/investors/bonds/EMQApp1,True,PENDING,UNAVAILABLE,NO_HISTORY,NO_PUBLIC_HISTORY,0,,,0,0.0,True,
EOARb1,,Ел Орда Арнау,Ел Орда Арнау,bond,corporate,KZT,https://kase.kz/api/instruments/securities/?sec_type=bond,https://kase.kz/ru/investors/bonds/EOARb1,True,PENDING,UNAVAILABLE,NO_HISTORY,NO_PUBLIC_HISTORY,0,,,0,0.0,True,
ERBBb1,,Eurasia Building-British,Eurasia Building-British,bond,corporate,KZT,https://kase.kz/api/instruments/securities/?sec_type=bond,https://kase.kz/ru/investors/bonds/ERBBb1,True,PENDING,PARTIAL,DATA_READY,,2,2026-05-25T19:00:00,2026-05-27T19:00:00,2,0.81,True,
ERBBb2,,Eurasia Building-British,Eurasia Building-British,bond,corporate,KZT,https://kase.kz/api/instruments/securities/?sec_type=bond,https://kase.kz/ru/investors/bonds/ERBBb2,True,PENDING,PARTIAL,DATA_READY,,4,2026-07-23T19:00:00,2026-08-24T19:00:00,4,1.61,True,
ERBBpp1,,Eurasia Building-British,Eurasia Building-British,bond,corporate,USD,https://kase.kz/api/instruments/securities/?sec_type=bond,https://kase.kz/ru/investors/bonds/ERBBpp1,True,PENDING,UNAVAILABLE,NO_HISTORY,NO_PUBLIC_HISTORY,0,,,0,0.0,True,
ERKAb1,,ERKAb1,ERKAb1,bond,corporate,KZT,https://kase.kz/api/instruments/securities/?sec_type=bond,https://kase.kz/ru/investors/bonds/ERKAb1,False,UNAVAILABLE,UNAVAILABLE,NO_CHART,INSTRUMENT_DELISTED,0,,,0,0.0,True,
EUBNb1,,Евразийский банк,Евразийский банк,bond,corporate,KZT,https://kase.kz/api/instruments/securities/?sec_type=bond,https://kase.kz/ru/investors/bonds/EUBNb1,False,UNAVAILABLE,UNAVAILABLE,NO_CHART,INSTRUMENT_DELISTED,0,,,0,0.0,True,
EUBNb10,,Евразийский банк,Евразийский банк,bond,corporate,KZT,https://kase.kz/api/instruments/securities/?sec_type=bond,https://kase.kz/ru/investors/bonds/EUBNb10,False,UNAVAILABLE,UNAVAILABLE,NO_CHART,INSTRUMENT_DELISTED,0,,,0,0.0,True,
EUBNb11,,Евразийский банк,Евразийский банк,bond,corporate,KZT,https://kase.kz/api/instruments/securities/?sec_type=bond,https://kase.kz/ru/investors/bonds/EUBNb11,False,UNAVAILABLE,UNAVAILABLE,NO_CHART,INSTRUMENT_DELISTED,0,,,0,0.0,True,
EUBNb12,,Евразийский банк,Евразийский банк,bond,corporate,KZT,https://kase.kz/api/instruments/securities/?sec_type=bond,https://kase.kz/ru/investors/bonds/EUBNb12,False,UNAVAILABLE,UNAVAILABLE,NO_CHART,INSTRUMENT_DELISTED,0,,,0,0.0,True,
EUBNb13,,Евразийский банк,Евразийский банк,bond,corporate,KZT,https://kase.kz/api/instruments/securities/?sec_type=bond,https://kase.kz/ru/investors/bonds/EUBNb13,False,UNAVAILABLE,UNAVAILABLE,NO_CHART,INSTRUMENT_DELISTED,0,,,0,0.0,True,
EUBNb14,,Евразийский банк,Евразийский банк,bond,corporate,KZT,https://kase.kz/api/instruments/securities/?sec_type=bond,https://kase.kz/ru/investors/bonds/EUBNb14,False,UNAVAILABLE,UNAVAILABLE,NO_CHART,INSTRUMENT_DELISTED,0,,,0,0.0,True,
EUBNb15,,Евразийский банк,Евразийский банк,bond,corporate,KZT,https://kase.kz/api/instruments/securities/?sec_type=bond,https://kase.kz/ru/investors/bonds/EUBNb15,False,UNAVAILABLE,UNAVAILABLE,NO_CHART,INSTRUMENT_DELISTED,0,,,0,0.0,True,
EUBNb16,,Евразийский банк,Евразийский банк,bond,corporate,KZT,https://kase.kz/api/instruments/securities/?sec_type=bond,https://kase.kz/ru/investors/bonds/EUBNb16,False,UNAVAILABLE,UNAVAILABLE,NO_CHART,INSTRUMENT_DELISTED,0,,,0,0.0,True,
EUBNb17,,Евразийский банк,Евразийский банк,bond,corporate,KZT,https://kase.kz/api/instruments/securities/?sec_type=bond,https://kase.kz/ru/investors/bonds/EUBNb17,True,PENDING,UNAVAILABLE,NO_HISTORY,NO_PUBLIC_HISTORY,0,,,0,0.0,True,
EUBNb18,,Евразийский банк,Евразийский банк,bond,corporate,KZT,https://kase.kz/api/instruments/securities/?sec_type=bond,https://kase.kz/ru/investors/bonds/EUBNb18,False,UNAVAILABLE,UNAVAILABLE,NO_CHART,INSTRUMENT_DELISTED,0,,,0,0.0,True,
EUBNb19,,Евразийский банк,Евразийский банк,bond,corporate,KZT,https://kase.kz/api/instruments/securities/?sec_type=bond,https://kase.kz/ru/investors/bonds/EUBNb19,True,PENDING,UNAVAILABLE,NO_HISTORY,NO_PUBLIC_HISTORY,0,,,0,0.0,True,
EUBNb2,,Евразийский банк,Евразийский банк,bond,corporate,KZT,https://kase.kz/api/instruments/securities/?sec_type=bond,https://kase.kz/ru/investors/bonds/EUBNb2,False,UNAVAILABLE,UNAVAILABLE,NO_CHART,INSTRUMENT_DELISTED,0,,,0,0.0,True,
EUBNb3,,Евразийский банк,Евразийский банк,bond,corporate,KZT,https://kase.kz/api/instruments/securities/?sec_type=bond,https://kase.kz/ru/investors/bonds/EUBNb3,False,UNAVAILABLE,UNAVAILABLE,NO_CHART,INSTRUMENT_DELISTED,0,,,0,0.0,True,
EUBNb4,,Евразийский банк,Евразийский банк,bond,corporate,KZT,https://kase.kz/api/instruments/securities/?sec_type=bond,https://kase.kz/ru/investors/bonds/EUBNb4,False,UNAVAILABLE,UNAVAILABLE,NO_CHART,INSTRUMENT_DELISTED,0,,,0,0.0,True,
EUBNb5,,Евразийский банк,Евразийский банк,bond,corporate,KZT,https://kase.kz/api/instruments/securities/?sec_type=bond,https://kase.kz/ru/investors/bonds/EUBNb5,False,UNAVAILABLE,UNAVAILABLE,NO_CHART,INSTRUMENT_DELISTED,0,,,0,0.0,True,
EUBNb6,,Евразийский банк,Евразийский банк,bond,corporate,KZT,https://kase.kz/api/instruments/securities/?sec_type=bond,https://kase.kz/ru/investors/bonds/EUBNb6,False,UNAVAILABLE,UNAVAILABLE,NO_CHART,INSTRUMENT_DELISTED,0,,,0,0.0,True,
EUBNb7,,Евразийский банк,Евразийский банк,bond,corporate,KZT,https://kase.kz/api/instruments/securities/?sec_type=bond,https://kase.kz/ru/investors/bonds/EUBNb7,False,UNAVAILABLE,UNAVAILABLE,NO_CHART,INSTRUMENT_DELISTED,0,,,0,0.0,True,
EUBNb8,,Евразийский банк,Евразийский банк,bond,corporate,KZT,https://kase.kz/api/instruments/securities/?sec_type=bond,https://kase.kz/ru/investors/bonds/EUBNb8,False,UNAVAILABLE,UNAVAILABLE,NO_CHART,INSTRUMENT_DELISTED,0,,,0,0.0,True,
EUBNb9,,Евразийский банк,Евразийский банк,bond,corporate,KZT,https://kase.kz/api/instruments/securities/?sec_type=bond,https://kase.kz/ru/investors/bonds/EUBNb9,False,UNAVAILABLE,UNAVAILABLE,NO_CHART,INSTRUMENT_DELISTED,0,,,0,0.0,True,
EUBNe1,,Евразийский банк,Евразийский банк,bond,corporate,USD,https://kase.kz/api/instruments/securities/?sec_type=bond,https://kase.kz/ru/investors/bonds/EUBNe1,False,UNAVAILABLE,UNAVAILABLE,NO_CHART,INSTRUMENT_DELISTED,0,,,0,0.0,True,
EUCPb1,,Евразийский Капитал,Евразийский Капитал,bond,corporate,KZT,https://kase.kz/api/instruments/securities/?sec_type=bond,https://kase.kz/ru/investors/bonds/EUCPb1,True,PENDING,UNAVAILABLE,NO_HISTORY,NO_PUBLIC_HISTORY,0,,,0,0.0,True,
EXBNb1,,Эксимбанк,Эксимбанк,bond,corporate,KZT,https://kase.kz/api/instruments/securities/?sec_type=bond,https://kase.kz/ru/investors/bonds/EXBNb1,False,UNAVAILABLE,UNAVAILABLE,NO_CHART,INSTRUMENT_DELISTED,0,,,0,0.0,True,
EXBNb2,,Эксимбанк,Эксимбанк,bond,corporate,KZT,https://kase.kz/api/instruments/securities/?sec_type=bond,https://kase.kz/ru/investors/bonds/EXBNb2,False,UNAVAILABLE,UNAVAILABLE,NO_CHART,INSTRUMENT_DELISTED,0,,,0,0.0,True,
EXBNb3,,Эксимбанк,Эксимбанк,bond,corporate,KZT,https://kase.kz/api/instruments/securities/?sec_type=bond,https://kase.kz/ru/investors/bonds/EXBNb3,False,UNAVAILABLE,UNAVAILABLE,NO_CHART,INSTRUMENT_DELISTED,0,,,0,0.0,True,
EXBNb4,,Эксимбанк,Эксимбанк,bond,corporate,KZT,https://kase.kz/api/instruments/securities/?sec_type=bond,https://kase.kz/ru/investors/bonds/EXBNb4,False,UNAVAILABLE,UNAVAILABLE,NO_CHART,INSTRUMENT_DELISTED,0,,,0,0.0,True,
EXBNb5,,Эксимбанк,Эксимбанк,bond,corporate,KZT,https://kase.kz/api/instruments/securities/?sec_type=bond,https://kase.kz/ru/investors/bonds/EXBNb5,False,UNAVAILABLE,UNAVAILABLE,NO_CHART,INSTRUMENT_DELISTED,0,,,0,0.0,True,
EXLSb1,,Эксперт Лизинг,Эксперт Лизинг,bond,corporate,KZT,https://kase.kz/api/instruments/securities/?sec_type=bond,https://kase.kz/ru/investors/bonds/EXLSb1,True,PENDING,PARTIAL,DATA_READY,,6,2026-04-02T19:00:00,2026-07-12T19:00:00,6,2.42,True,
FAGRb1,,Аграрная кредитная корпорация,Аграрная кредитная корпорация,bond,corporate,KZT,https://kase.kz/api/instruments/securities/?sec_type=bond,https://kase.kz/ru/investors/bonds/FAGRb1,False,UNAVAILABLE,UNAVAILABLE,NO_CHART,INSTRUMENT_DELISTED,0,,,0,0.0,True,
FAGRb2,,Аграрная кредитная корпорация,Аграрная кредитная корпорация,bond,corporate,KZT,https://kase.kz/api/instruments/securities/?sec_type=bond,https://kase.kz/ru/investors/bonds/FAGRb2,False,UNAVAILABLE,UNAVAILABLE,NO_CHART,INSTRUMENT_DELISTED,0,,,0,0.0,True,
FATNb1,,Компания Фаэтон,Компания Фаэтон,bond,corporate,KZT,https://kase.kz/api/instruments/securities/?sec_type=bond,https://kase.kz/ru/investors/bonds/FATNb1,True,PENDING,UNAVAILABLE,NO_HISTORY,NO_PUBLIC_HISTORY,0,,,0,0.0,True,
FATNb2,,Компания Фаэтон,Компания Фаэтон,bond,corporate,KZT,https://kase.kz/api/instruments/securities/?sec_type=bond,https://kase.kz/ru/investors/bonds/FATNb2,True,PENDING,UNAVAILABLE,NO_HISTORY,NO_PUBLIC_HISTORY,0,,,0,0.0,True,
FATNb3,,Компания Фаэтон,Компания Фаэтон,bond,corporate,KZT,https://kase.kz/api/instruments/securities/?sec_type=bond,https://kase.kz/ru/investors/bonds/FATNb3,True,PENDING,UNAVAILABLE,NO_HISTORY,NO_PUBLIC_HISTORY,0,,,0,0.0,True,
FDCOpp1,,"Коллекторское агентство ""FD Collection""","Коллекторское агентство ""FD Collection""",bond,corporate,KZT,https://kase.kz/api/instruments/securities/?sec_type=bond,https://kase.kz/ru/investors/bonds/FDCOpp1,True,PENDING,UNAVAILABLE,NO_HISTORY,NO_PUBLIC_HISTORY,0,,,0,0.0,True,
FFBNb2,,Фридом Банк Казахстан,Фридом Банк Казахстан,bond,corporate,KZT,https://kase.kz/api/instruments/securities/?sec_type=bond,https://kase.kz/ru/investors/bonds/FFBNb2,True,PENDING,UNAVAILABLE,NO_HISTORY,NO_PUBLIC_HISTORY,0,,,0,0.0,True,
FFBNb3,,Фридом Банк Казахстан,Фридом Банк Казахстан,bond,corporate,KZT,https://kase.kz/api/instruments/securities/?sec_type=bond,https://kase.kz/ru/investors/bonds/FFBNb3,True,PENDING,UNAVAILABLE,NO_HISTORY,NO_PUBLIC_HISTORY,0,,,0,0.0,True,
FFBNb4,,Фридом Банк Казахстан,Фридом Банк Казахстан,bond,corporate,KZT,https://kase.kz/api/instruments/securities/?sec_type=bond,https://kase.kz/ru/investors/bonds/FFBNb4,True,PENDING,UNAVAILABLE,NO_HISTORY,NO_PUBLIC_HISTORY,0,,,0,0.0,True,
FFBNb5,,Фридом Банк Казахстан,Фридом Банк Казахстан,bond,corporate,KZT,https://kase.kz/api/instruments/securities/?sec_type=bond,https://kase.kz/ru/investors/bonds/FFBNb5,True,PENDING,UNAVAILABLE,NO_HISTORY,NO_PUBLIC_HISTORY,0,,,0,0.0,True,
FFBNb6,,Фридом Банк Казахстан,Фридом Банк Казахстан,bond,corporate,KZT,https://kase.kz/api/instruments/securities/?sec_type=bond,https://kase.kz/ru/investors/bonds/FFBNb6,True,PENDING,UNAVAILABLE,NO_HISTORY,NO_PUBLIC_HISTORY,0,,,0,0.0,True,
FFINb1,,Фридом Финанс,Фридом Финанс,bond,corporate,KZT,https://kase.kz/api/instruments/securities/?sec_type=bond,https://kase.kz/ru/investors/bonds/FFINb1,False,UNAVAILABLE,UNAVAILABLE,NO_CHART,INSTRUMENT_DELISTED,0,,,0,0.0,True,
FFINb2,,Фридом Финанс,Фридом Финанс,bond,corporate,KZT,https://kase.kz/api/instruments/securities/?sec_type=bond,https://kase.kz/ru/investors/bonds/FFINb2,False,UNAVAILABLE,UNAVAILABLE,NO_CHART,INSTRUMENT_DELISTED,0,,,0,0.0,True,
FFINb3,,Фридом Финанс,Фридом Финанс,bond,corporate,KZT,https://kase.kz/api/instruments/securities/?sec_type=bond,https://kase.kz/ru/investors/bonds/FFINb3,False,UNAVAILABLE,UNAVAILABLE,NO_CHART,INSTRUMENT_DELISTED,0,,,0,0.0,True,
FINQpp1,,FinQ,FinQ,bond,corporate,KZT,https://kase.kz/api/instruments/securities/?sec_type=bond,https://kase.kz/ru/investors/bonds/FINQpp1,True,PENDING,UNAVAILABLE,NO_HISTORY,NO_PUBLIC_HISTORY,0,,,0,0.0,True,
FINQpp2,,FinQ,FinQ,bond,corporate,KZT,https://kase.kz/api/instruments/securities/?sec_type=bond,https://kase.kz/ru/investors/bonds/FINQpp2,True,PENDING,UNAVAILABLE,NO_HISTORY,NO_PUBLIC_HISTORY,0,,,0,0.0,True,
FINQpp3,,FinQ,FinQ,bond,corporate,KZT,https://kase.kz/api/instruments/securities/?sec_type=bond,https://kase.kz/ru/investors/bonds/FINQpp3,True,PENDING,UNAVAILABLE,NO_HISTORY,NO_PUBLIC_HISTORY,0,,,0,0.0,True,
FIVEb1,,FIVE BROKERS' CAPITAL,FIVE BROKERS' CAPITAL,bond,corporate,KZT,https://kase.kz/api/instruments/securities/?sec_type=bond,https://kase.kz/ru/investors/bonds/FIVEb1,False,UNAVAILABLE,UNAVAILABLE,NO_CHART,INSTRUMENT_DELISTED,0,,,0,0.0,True,
FIVEb2,,FIVE BROKERS' CAPITAL,FIVE BROKERS' CAPITAL,bond,corporate,KZT,https://kase.kz/api/instruments/securities/?sec_type=bond,https://kase.kz/ru/investors/bonds/FIVEb2,False,UNAVAILABLE,UNAVAILABLE,NO_CHART,INSTRUMENT_DELISTED,0,,,0,0.0,True,
FIVEb3,,FIVE BROKERS' CAPITAL,FIVE BROKERS' CAPITAL,bond,corporate,KZT,https://kase.kz/api/instruments/securities/?sec_type=bond,https://kase.kz/ru/investors/bonds/FIVEb3,False,UNAVAILABLE,UNAVAILABLE,NO_CHART,INSTRUMENT_DELISTED,0,,,0,0.0,True,
FIVEb4,,FIVE BROKERS' CAPITAL,FIVE BROKERS' CAPITAL,bond,corporate,KZT,https://kase.kz/api/instruments/securities/?sec_type=bond,https://kase.kz/ru/investors/bonds/FIVEb4,False,UNAVAILABLE,UNAVAILABLE,NO_CHART,INSTRUMENT_DELISTED,0,,,0,0.0,True,
FIVEb5,,FIVE BROKERS' CAPITAL,FIVE BROKERS' CAPITAL,bond,corporate,KZT,https://kase.kz/api/instruments/securities/?sec_type=bond,https://kase.kz/ru/investors/bonds/FIVEb5,False,UNAVAILABLE,UNAVAILABLE,NO_CHART,INSTRUMENT_DELISTED,0,,,0,0.0,True,
FIVEb6,,FIVE BROKERS' CAPITAL,FIVE BROKERS' CAPITAL,bond,corporate,KZT,https://kase.kz/api/instruments/securities/?sec_type=bond,https://kase.kz/ru/investors/bonds/FIVEb6,False,UNAVAILABLE,UNAVAILABLE,NO_CHART,INSTRUMENT_DELISTED,0,,,0,0.0,True,
FIVEb7,,FIVE BROKERS' CAPITAL,FIVE BROKERS' CAPITAL,bond,corporate,KZT,https://kase.kz/api/instruments/securities/?sec_type=bond,https://kase.kz/ru/investors/bonds/FIVEb7,True,PENDING,PARTIAL,DATA_READY,,90,2026-03-11T19:00:00,2026-08-27T19:00:00,90,36.29,True,
FNACpp1,,"Частная компания ""Finaccord Limited""","Частная компания ""Finaccord Limited""",bond,corporate,KZT,https://kase.kz/api/instruments/securities/?sec_type=bond,https://kase.kz/ru/investors/bonds/FNACpp1,True,PENDING,UNAVAILABLE,NO_HISTORY,NO_PUBLIC_HISTORY,0,,,0,0.0,True,
FNACpp2,,"Частная компания ""Finaccord Limited""","Частная компания ""Finaccord Limited""",bond,corporate,KZT,https://kase.kz/api/instruments/securities/?sec_type=bond,https://kase.kz/ru/investors/bonds/FNACpp2,True,PENDING,UNAVAILABLE,NO_HISTORY,NO_PUBLIC_HISTORY,0,,,0,0.0,True,
FNACpp3,,"Частная компания ""Finaccord Limited""","Частная компания ""Finaccord Limited""",bond,corporate,KZT,https://kase.kz/api/instruments/securities/?sec_type=bond,https://kase.kz/ru/investors/bonds/FNACpp3,True,PENDING,UNAVAILABLE,NO_HISTORY,NO_PUBLIC_HISTORY,0,,,0,0.0,True,
FPKRb1,,Фонд проблемных кредитов,Фонд проблемных кредитов,bond,corporate,KZT,https://kase.kz/api/instruments/securities/?sec_type=bond,https://kase.kz/ru/investors/bonds/FPKRb1,True,PENDING,UNAVAILABLE,NO_HISTORY,NO_PUBLIC_HISTORY,0,,,0,0.0,True,
FPKRb2,,Фонд проблемных кредитов,Фонд проблемных кредитов,bond,corporate,KZT,https://kase.kz/api/instruments/securities/?sec_type=bond,https://kase.kz/ru/investors/bonds/FPKRb2,True,PENDING,UNAVAILABLE,NO_HISTORY,NO_PUBLIC_HISTORY,0,,,0,0.0,True,
FPKRb3,,Фонд проблемных кредитов,Фонд проблемных кредитов,bond,corporate,KZT,https://kase.kz/api/instruments/securities/?sec_type=bond,https://kase.kz/ru/investors/bonds/FPKRb3,True,PENDING,UNAVAILABLE,NO_HISTORY,NO_PUBLIC_HISTORY,0,,,0,0.0,True,
FPSTb1,,BASS Gold,BASS Gold,bond,corporate,USD,https://kase.kz/api/instruments/securities/?sec_type=bond,https://kase.kz/ru/investors/bonds/FPSTb1,False,UNAVAILABLE,UNAVAILABLE,NO_CHART,INSTRUMENT_DELISTED,0,,,0,0.0,True,
FPSTb10,,BASS Gold,BASS Gold,bond,corporate,USD,https://kase.kz/api/instruments/securities/?sec_type=bond,https://kase.kz/ru/investors/bonds/FPSTb10,True,PENDING,PARTIAL,DATA_READY,,22,2026-05-14T19:00:00,2026-07-21T19:00:00,22,8.87,True,
FPSTb11,,BASS Gold,BASS Gold,bond,corporate,USD,https://kase.kz/api/instruments/securities/?sec_type=bond,https://kase.kz/ru/investors/bonds/FPSTb11,True,PENDING,PARTIAL,DATA_READY,,35,2026-06-09T19:00:00,2026-08-27T19:00:00,35,14.11,True,
FPSTb12,,BASS Gold,BASS Gold,bond,corporate,USD,https://kase.kz/api/instruments/securities/?sec_type=bond,https://kase.kz/ru/investors/bonds/FPSTb12,True,PENDING,PARTIAL,DATA_READY,,15,2026-07-28T19:00:00,2026-08-26T19:00:00,15,6.05,True,
FPSTb13,,BASS Gold,BASS Gold,bond,corporate,USD,https://kase.kz/api/instruments/securities/?sec_type=bond,https://kase.kz/ru/investors/bonds/FPSTb13,True,PENDING,PARTIAL,DATA_READY,,5,2026-08-19T19:00:00,2026-08-27T19:00:00,5,2.02,True,
FPSTb2,,BASS Gold,BASS Gold,bond,corporate,USD,https://kase.kz/api/instruments/securities/?sec_type=bond,https://kase.kz/ru/investors/bonds/FPSTb2,False,UNAVAILABLE,UNAVAILABLE,NO_CHART,INSTRUMENT_DELISTED,0,,,0,0.0,True,
FPSTb3,,BASS Gold,BASS Gold,bond,corporate,USD,https://kase.kz/api/instruments/securities/?sec_type=bond,https://kase.kz/ru/investors/bonds/FPSTb3,True,PENDING,UNAVAILABLE,NO_HISTORY,NO_PUBLIC_HISTORY,0,,,0,0.0,True,
FPSTb4,,BASS Gold,BASS Gold,bond,corporate,USD,https://kase.kz/api/instruments/securities/?sec_type=bond,https://kase.kz/ru/investors/bonds/FPSTb4,False,UNAVAILABLE,UNAVAILABLE,NO_CHART,INSTRUMENT_DELISTED,0,,,0,0.0,True,
FPSTb5,,BASS Gold,BASS Gold,bond,corporate,USD,https://kase.kz/api/instruments/securities/?sec_type=bond,https://kase.kz/ru/investors/bonds/FPSTb5,True,PENDING,PARTIAL,DATA_READY,,188,2025-08-27T19:00:00,2026-08-27T19:00:00,188,75.81,True,
FPSTb6,,BASS Gold,BASS Gold,bond,corporate,USD,https://kase.kz/api/instruments/securities/?sec_type=bond,https://kase.kz/ru/investors/bonds/FPSTb6,False,UNAVAILABLE,UNAVAILABLE,NO_CHART,INSTRUMENT_DELISTED,0,,,0,0.0,True,
FPSTb7,,BASS Gold,BASS Gold,bond,corporate,USD,https://kase.kz/api/instruments/securities/?sec_type=bond,https://kase.kz/ru/investors/bonds/FPSTb7,True,PENDING,PARTIAL,DATA_READY,,14,2026-02-10T19:00:00,2026-03-10T19:00:00,14,5.65,True,
FPSTb8,,BASS Gold,BASS Gold,bond,corporate,USD,https://kase.kz/api/instruments/securities/?sec_type=bond,https://kase.kz/ru/investors/bonds/FPSTb8,True,PENDING,PARTIAL,DATA_READY,,41,2026-02-22T19:00:00,2026-08-26T19:00:00,41,16.53,True,
FPSTb9,,BASS Gold,BASS Gold,bond,corporate,USD,https://kase.kz/api/instruments/securities/?sec_type=bond,https://kase.kz/ru/investors/bonds/FPSTb9,True,PENDING,PARTIAL,DATA_READY,,18,2026-04-09T19:00:00,2026-06-29T19:00:00,18,7.26,True,
FRMPb1,,"Фонд ""Даму""","Фонд ""Даму""",bond,corporate,KZT,https://kase.kz/api/instruments/securities/?sec_type=bond,https://kase.kz/ru/investors/bonds/FRMPb1,False,UNAVAILABLE,UNAVAILABLE,NO_CHART,INSTRUMENT_DELISTED,0,,,0,0.0,True,
FRMPb2,,"Фонд ""Даму""","Фонд ""Даму""",bond,corporate,KZT,https://kase.kz/api/instruments/securities/?sec_type=bond,https://kase.kz/ru/investors/bonds/FRMPb2,False,UNAVAILABLE,UNAVAILABLE,NO_CHART,INSTRUMENT_DELISTED,0,,,0,0.0,True,
FRMPb3,,"Фонд ""Даму""","Фонд ""Даму""",bond,corporate,KZT,https://kase.kz/api/instruments/securities/?sec_type=bond,https://kase.kz/ru/investors/bonds/FRMPb3,True,PENDING,UNAVAILABLE,NO_HISTORY,NO_PUBLIC_HISTORY,0,,,0,0.0,True,
FRMPpp1,,"Фонд ""Даму""","Фонд ""Даму""",bond,corporate,KZT,https://kase.kz/api/instruments/securities/?sec_type=bond,https://kase.kz/ru/investors/bonds/FRMPpp1,True,PENDING,UNAVAILABLE,NO_HISTORY,NO_PUBLIC_HISTORY,0,,,0,0.0,True,
FSSLpp1,,Finsoft solution,Finsoft solution,bond,corporate,KZT,https://kase.kz/api/instruments/securities/?sec_type=bond,https://kase.kz/ru/investors/bonds/FSSLpp1,True,PENDING,UNAVAILABLE,NO_HISTORY,NO_PUBLIC_HISTORY,0,,,0,0.0,True,
GB_ALTNe1,,AltynGold plc,AltynGold plc,bond,corporate,USD,https://kase.kz/api/instruments/securities/?sec_type=bond,https://kase.kz/ru/investors/bonds/GB_ALTNe1,False,UNAVAILABLE,UNAVAILABLE,NO_CHART,INSTRUMENT_DELISTED,0,,,0,0.0,True,
GB_GAZFe1,,GB_GAZFe1,GB_GAZFe1,bond,corporate,USD,https://kase.kz/api/instruments/securities/?sec_type=bond,https://kase.kz/ru/investors/bonds/GB_GAZFe1,True,PENDING,UNAVAILABLE,NO_HISTORY,NO_PUBLIC_HISTORY,0,,,0,0.0,True,
GB_LOYDe1,,LLOYDS BANK PLC,LLOYDS BANK PLC,bond,corporate,USD,https://kase.kz/api/instruments/securities/?sec_type=bond,https://kase.kz/ru/investors/bonds/GB_LOYDe1,False,UNAVAILABLE,UNAVAILABLE,NO_CHART,INSTRUMENT_DELISTED,0,,,0,0.0,True,
GLDCb1,,GLDCb1,GLDCb1,bond,corporate,KZT,https://kase.kz/api/instruments/securities/?sec_type=bond,https://kase.kz/ru/investors/bonds/GLDCb1,False,UNAVAILABLE,UNAVAILABLE,NO_CHART,INSTRUMENT_DELISTED,0,,,0,0.0,True,
GLLKb1,,Garanti Leasing,Garanti Leasing,bond,corporate,KZT,https://kase.kz/api/instruments/securities/?sec_type=bond,https://kase.kz/ru/investors/bonds/GLLKb1,True,PENDING,PARTIAL,DATA_READY,,10,2026-03-11T19:00:00,2026-08-27T19:00:00,10,4.03,True,
GLLKb2,,Garanti Leasing,Garanti Leasing,bond,corporate,KZT,https://kase.kz/api/instruments/securities/?sec_type=bond,https://kase.kz/ru/investors/bonds/GLLKb2,True,PENDING,PARTIAL,DATA_READY,,57,2026-05-13T19:00:00,2026-08-27T19:00:00,57,22.98,True,
GLLKpp1,,Garanti Leasing,Garanti Leasing,bond,corporate,KZT,https://kase.kz/api/instruments/securities/?sec_type=bond,https://kase.kz/ru/investors/bonds/GLLKpp1,True,PENDING,UNAVAILABLE,NO_HISTORY,NO_PUBLIC_HISTORY,0,,,0,0.0,True,
GLOTb1,,GLOTb1,GLOTb1,bond,corporate,KZT,https://kase.kz/api/instruments/securities/?sec_type=bond,https://kase.kz/ru/investors/bonds/GLOTb1,False,UNAVAILABLE,UNAVAILABLE,NO_CHART,INSTRUMENT_DELISTED,0,,,0,0.0,True,
GLOTb2,,GLOTb2,GLOTb2,bond,corporate,KZT,https://kase.kz/api/instruments/securities/?sec_type=bond,https://kase.kz/ru/investors/bonds/GLOTb2,False,UNAVAILABLE,UNAVAILABLE,NO_CHART,INSTRUMENT_DELISTED,0,,,0,0.0,True,
GRVApp1,,GRV,GRV,bond,corporate,KZT,https://kase.kz/api/instruments/securities/?sec_type=bond,https://kase.kz/ru/investors/bonds/GRVApp1,True,PENDING,UNAVAILABLE,NO_HISTORY,NO_PUBLIC_HISTORY,0,,,0,0.0,True,
GTSNpp1,,ГринТехСнаб,ГринТехСнаб,bond,corporate,KZT,https://kase.kz/api/instruments/securities/?sec_type=bond,https://kase.kz/ru/investors/bonds/GTSNpp1,True,PENDING,UNAVAILABLE,NO_HISTORY,NO_PUBLIC_HISTORY,0,,,0,0.0,True,
HCBNb1,,Home Credit Bank,Home Credit Bank,bond,corporate,KZT,https://kase.kz/api/instruments/securities/?sec_type=bond,https://kase.kz/ru/investors/bonds/HCBNb1,False,UNAVAILABLE,UNAVAILABLE,NO_CHART,INSTRUMENT_DELISTED,0,,,0,0.0,True,
HCBNb10,,Home Credit Bank,Home Credit Bank,bond,corporate,KZT,https://kase.kz/api/instruments/securities/?sec_type=bond,https://kase.kz/ru/investors/bonds/HCBNb10,False,UNAVAILABLE,UNAVAILABLE,NO_CHART,INSTRUMENT_DELISTED,0,,,0,0.0,True,
HCBNb11,,Home Credit Bank,Home Credit Bank,bond,corporate,KZT,https://kase.kz/api/instruments/securities/?sec_type=bond,https://kase.kz/ru/investors/bonds/HCBNb11,True,PENDING,PARTIAL,DATA_READY,,18,2025-12-28T19:00:00,2026-08-25T19:00:00,18,7.26,True,
HCBNb12,,Home Credit Bank,Home Credit Bank,bond,corporate,KZT,https://kase.kz/api/instruments/securities/?sec_type=bond,https://kase.kz/ru/investors/bonds/HCBNb12,False,UNAVAILABLE,UNAVAILABLE,NO_CHART,INSTRUMENT_DELISTED,0,,,0,0.0,True,
HCBNb13,,Home Credit Bank,Home Credit Bank,bond,corporate,KZT,https://kase.kz/api/instruments/securities/?sec_type=bond,https://kase.kz/ru/investors/bonds/HCBNb13,True,PENDING,PARTIAL,DATA_READY,,235,2025-08-27T19:00:00,2026-08-27T19:00:00,235,94.76,True,
HCBNb14,,Home Credit Bank,Home Credit Bank,bond,corporate,KZT,https://kase.kz/api/instruments/securities/?sec_type=bond,https://kase.kz/ru/investors/bonds/HCBNb14,True,PENDING,PARTIAL,DATA_READY,,178,2025-08-27T19:00:00,2026-08-27T19:00:00,178,71.77,True,
HCBNb15,,Home Credit Bank,Home Credit Bank,bond,corporate,KZT,https://kase.kz/api/instruments/securities/?sec_type=bond,https://kase.kz/ru/investors/bonds/HCBNb15,True,PENDING,PARTIAL,DATA_READY,,125,2025-08-27T19:00:00,2026-08-26T19:00:00,125,50.4,True,
HCBNb16,,Home Credit Bank,Home Credit Bank,bond,corporate,KZT,https://kase.kz/api/instruments/securities/?sec_type=bond,https://kase.kz/ru/investors/bonds/HCBNb16,True,PENDING,PARTIAL,DATA_READY,,1,2026-03-17T19:00:00,2026-03-17T19:00:00,1,0.4,True,
HCBNb17,,Home Credit Bank,Home Credit Bank,bond,corporate,KZT,https://kase.kz/api/instruments/securities/?sec_type=bond,https://kase.kz/ru/investors/bonds/HCBNb17,True,PENDING,PARTIAL,DATA_READY,,123,2025-08-27T19:00:00,2026-08-26T19:00:00,123,49.6,True,
HCBNb18,,Home Credit Bank,Home Credit Bank,bond,corporate,KZT,https://kase.kz/api/instruments/securities/?sec_type=bond,https://kase.kz/ru/investors/bonds/HCBNb18,True,PENDING,PARTIAL,DATA_READY,,18,2025-12-02T19:00:00,2026-08-25T19:00:00,18,7.26,True,
HCBNb19,,Home Credit Bank,Home Credit Bank,bond,corporate,KZT,https://kase.kz/api/instruments/securities/?sec_type=bond,https://kase.kz/ru/investors/bonds/HCBNb19,True,PENDING,PARTIAL,DATA_READY,,64,2025-11-20T19:00:00,2026-08-26T19:00:00,64,25.81,True,
HCBNb2,,Home Credit Bank,Home Credit Bank,bond,corporate,KZT,https://kase.kz/api/instruments/securities/?sec_type=bond,https://kase.kz/ru/investors/bonds/HCBNb2,False,UNAVAILABLE,UNAVAILABLE,NO_CHART,INSTRUMENT_DELISTED,0,,,0,0.0,True,
HCBNb20,,Home Credit Bank,Home Credit Bank,bond,corporate,KZT,https://kase.kz/api/instruments/securities/?sec_type=bond,https://kase.kz/ru/investors/bonds/HCBNb20,True,PENDING,UNAVAILABLE,NO_HISTORY,NO_PUBLIC_HISTORY,0,,,0,0.0,True,
HCBNb21,,Home Credit Bank,Home Credit Bank,bond,corporate,KZT,https://kase.kz/api/instruments/securities/?sec_type=bond,https://kase.kz/ru/investors/bonds/HCBNb21,True,PENDING,UNAVAILABLE,NO_HISTORY,NO_PUBLIC_HISTORY,0,,,0,0.0,True,
HCBNb22,,Home Credit Bank,Home Credit Bank,bond,corporate,KZT,https://kase.kz/api/instruments/securities/?sec_type=bond,https://kase.kz/ru/investors/bonds/HCBNb22,True,PENDING,UNAVAILABLE,NO_HISTORY,NO_PUBLIC_HISTORY,0,,,0,0.0,True,
HCBNb23,,Home Credit Bank,Home Credit Bank,bond,corporate,KZT,https://kase.kz/api/instruments/securities/?sec_type=bond,https://kase.kz/ru/investors/bonds/HCBNb23,True,PENDING,PARTIAL,DATA_READY,,3,2026-08-11T19:00:00,2026-08-24T19:00:00,3,1.21,True,
HCBNb24,,Home Credit Bank,Home Credit Bank,bond,corporate,KZT,https://kase.kz/api/instruments/securities/?sec_type=bond,https://kase.kz/ru/investors/bonds/HCBNb24,True,PENDING,PARTIAL,DATA_READY,,12,2026-03-11T19:00:00,2026-08-23T19:00:00,12,4.84,True,
HCBNb25,,Home Credit Bank,Home Credit Bank,bond,corporate,KZT,https://kase.kz/api/instruments/securities/?sec_type=bond,https://kase.kz/ru/investors/bonds/HCBNb25,True,PENDING,PARTIAL,DATA_READY,,2,2026-04-08T19:00:00,2026-08-11T19:00:00,2,0.81,True,
HCBNb26,,Home Credit Bank,Home Credit Bank,bond,corporate,KZT,https://kase.kz/api/instruments/securities/?sec_type=bond,https://kase.kz/ru/investors/bonds/HCBNb26,True,PENDING,PARTIAL,DATA_READY,,2,2026-04-08T19:00:00,2026-05-19T19:00:00,2,0.81,True,
HCBNb27,,Home Credit Bank,Home Credit Bank,bond,corporate,KZT,https://kase.kz/api/instruments/securities/?sec_type=bond,https://kase.kz/ru/investors/bonds/HCBNb27,True,PENDING,PARTIAL,DATA_READY,,2,2026-04-08T19:00:00,2026-05-19T19:00:00,2,0.81,True,
HCBNb28,,Home Credit Bank,Home Credit Bank,bond,corporate,KZT,https://kase.kz/api/instruments/securities/?sec_type=bond,https://kase.kz/ru/investors/bonds/HCBNb28,True,PENDING,PARTIAL,DATA_READY,,4,2026-08-11T19:00:00,2026-08-26T19:00:00,4,1.61,True,
HCBNb29,,Home Credit Bank,Home Credit Bank,bond,corporate,KZT,https://kase.kz/api/instruments/securities/?sec_type=bond,https://kase.kz/ru/investors/bonds/HCBNb29,True,PENDING,UNAVAILABLE,NO_HISTORY,NO_PUBLIC_HISTORY,0,,,0,0.0,True,
HCBNb3,,Home Credit Bank,Home Credit Bank,bond,corporate,KZT,https://kase.kz/api/instruments/securities/?sec_type=bond,https://kase.kz/ru/investors/bonds/HCBNb3,False,UNAVAILABLE,UNAVAILABLE,NO_CHART,INSTRUMENT_DELISTED,0,,,0,0.0,True,
HCBNb30,,Home Credit Bank,Home Credit Bank,bond,corporate,KZT,https://kase.kz/api/instruments/securities/?sec_type=bond,https://kase.kz/ru/investors/bonds/HCBNb30,True,PENDING,PARTIAL,DATA_READY,,7,2026-07-02T19:00:00,2026-08-05T19:00:00,7,2.82,True,
HCBNb31,,Home Credit Bank,Home Credit Bank,bond,corporate,KZT,https://kase.kz/api/instruments/securities/?sec_type=bond,https://kase.kz/ru/investors/bonds/HCBNb31,True,PENDING,PARTIAL,DATA_READY,,2,2026-05-20T19:00:00,2026-08-27T19:00:00,2,0.81,True,
HCBNb32,,Home Credit Bank,Home Credit Bank,bond,corporate,KZT,https://kase.kz/api/instruments/securities/?sec_type=bond,https://kase.kz/ru/investors/bonds/HCBNb32,True,PENDING,PARTIAL,DATA_READY,,3,2026-05-20T19:00:00,2026-08-27T19:00:00,3,1.21,True,
HCBNb33,,Home Credit Bank,Home Credit Bank,bond,corporate,KZT,https://kase.kz/api/instruments/securities/?sec_type=bond,https://kase.kz/ru/investors/bonds/HCBNb33,True,PENDING,UNAVAILABLE,NO_HISTORY,NO_PUBLIC_HISTORY,0,,,0,0.0,True,
HCBNb4,,Home Credit Bank,Home Credit Bank,bond,corporate,KZT,https://kase.kz/api/instruments/securities/?sec_type=bond,https://kase.kz/ru/investors/bonds/HCBNb4,False,UNAVAILABLE,UNAVAILABLE,NO_CHART,INSTRUMENT_DELISTED,0,,,0,0.0,True,
HCBNb5,,Home Credit Bank,Home Credit Bank,bond,corporate,KZT,https://kase.kz/api/instruments/securities/?sec_type=bond,https://kase.kz/ru/investors/bonds/HCBNb5,False,UNAVAILABLE,UNAVAILABLE,NO_CHART,INSTRUMENT_DELISTED,0,,,0,0.0,True,
HCBNb6,,Home Credit Bank,Home Credit Bank,bond,corporate,KZT,https://kase.kz/api/instruments/securities/?sec_type=bond,https://kase.kz/ru/investors/bonds/HCBNb6,False,UNAVAILABLE,UNAVAILABLE,NO_CHART,INSTRUMENT_DELISTED,0,,,0,0.0,True,
HCBNb7,,Home Credit Bank,Home Credit Bank,bond,corporate,KZT,https://kase.kz/api/instruments/securities/?sec_type=bond,https://kase.kz/ru/investors/bonds/HCBNb7,False,UNAVAILABLE,UNAVAILABLE,NO_CHART,INSTRUMENT_DELISTED,0,,,0,0.0,True,
HCBNb8,,Home Credit Bank,Home Credit Bank,bond,corporate,KZT,https://kase.kz/api/instruments/securities/?sec_type=bond,https://kase.kz/ru/investors/bonds/HCBNb8,False,UNAVAILABLE,UNAVAILABLE,NO_CHART,INSTRUMENT_DELISTED,0,,,0,0.0,True,
HCBNb9,,Home Credit Bank,Home Credit Bank,bond,corporate,KZT,https://kase.kz/api/instruments/securities/?sec_type=bond,https://kase.kz/ru/investors/bonds/HCBNb9,False,UNAVAILABLE,UNAVAILABLE,NO_CHART,INSTRUMENT_DELISTED,0,,,0,0.0,True,
HCBNpp1,,Home Credit Bank,Home Credit Bank,bond,corporate,KZT,https://kase.kz/api/instruments/securities/?sec_type=bond,https://kase.kz/ru/investors/bonds/HCBNpp1,False,UNAVAILABLE,UNAVAILABLE,NO_CHART,INSTRUMENT_DELISTED,0,,,0,0.0,True,
HFINb1,,Halyk Finance,Halyk Finance,bond,corporate,KZT,https://kase.kz/api/instruments/securities/?sec_type=bond,https://kase.kz/ru/investors/bonds/HFINb1,True,PENDING,UNAVAILABLE,NO_HISTORY,NO_PUBLIC_HISTORY,0,,,0,0.0,True,
HILLb1,,HILL Corporation,HILL Corporation,bond,corporate,USD,https://kase.kz/api/instruments/securities/?sec_type=bond,https://kase.kz/ru/investors/bonds/HILLb1,True,PENDING,UNAVAILABLE,NO_HISTORY,NO_PUBLIC_HISTORY,0,,,0,0.0,True,
HSBKb,,Народный Банк Казахстана,Народный Банк Казахстана,bond,corporate,USD,https://kase.kz/api/instruments/securities/?sec_type=bond,https://kase.kz/ru/investors/bonds/HSBKb,False,UNAVAILABLE,UNAVAILABLE,NO_CHART,INSTRUMENT_DELISTED,0,,,0,0.0,True,
HSBKb10,,Народный Банк Казахстана,Народный Банк Казахстана,bond,corporate,KZT,https://kase.kz/api/instruments/securities/?sec_type=bond,https://kase.kz/ru/investors/bonds/HSBKb10,False,UNAVAILABLE,UNAVAILABLE,NO_CHART,INSTRUMENT_DELISTED,0,,,0,0.0,True,
HSBKb11,,Народный Банк Казахстана,Народный Банк Казахстана,bond,corporate,KZT,https://kase.kz/api/instruments/securities/?sec_type=bond,https://kase.kz/ru/investors/bonds/HSBKb11,False,UNAVAILABLE,UNAVAILABLE,NO_CHART,INSTRUMENT_DELISTED,0,,,0,0.0,True,
HSBKb12,,Народный Банк Казахстана,Народный Банк Казахстана,bond,corporate,KZT,https://kase.kz/api/instruments/securities/?sec_type=bond,https://kase.kz/ru/investors/bonds/HSBKb12,False,UNAVAILABLE,UNAVAILABLE,NO_CHART,INSTRUMENT_DELISTED,0,,,0,0.0,True,
HSBKb13,,Народный Банк Казахстана,Народный Банк Казахстана,bond,corporate,KZT,https://kase.kz/api/instruments/securities/?sec_type=bond,https://kase.kz/ru/investors/bonds/HSBKb13,False,UNAVAILABLE,UNAVAILABLE,NO_CHART,INSTRUMENT_DELISTED,0,,,0,0.0,True,
HSBKb14,,Народный Банк Казахстана,Народный Банк Казахстана,bond,corporate,KZT,https://kase.kz/api/instruments/securities/?sec_type=bond,https://kase.kz/ru/investors/bonds/HSBKb14,False,UNAVAILABLE,UNAVAILABLE,NO_CHART,INSTRUMENT_DELISTED,0,,,0,0.0,True,
HSBKb15,,Народный Банк Казахстана,Народный Банк Казахстана,bond,corporate,EUR,https://kase.kz/api/instruments/securities/?sec_type=bond,https://kase.kz/ru/investors/bonds/HSBKb15,False,UNAVAILABLE,UNAVAILABLE,NO_CHART,INSTRUMENT_DELISTED,0,,,0,0.0,True,
HSBKb16,,Народный Банк Казахстана,Народный Банк Казахстана,bond,corporate,USD,https://kase.kz/api/instruments/securities/?sec_type=bond,https://kase.kz/ru/investors/bonds/HSBKb16,False,UNAVAILABLE,UNAVAILABLE,NO_CHART,INSTRUMENT_DELISTED,0,,,0,0.0,True,
HSBKb17,,Народный Банк Казахстана,Народный Банк Казахстана,bond,corporate,KZT,https://kase.kz/api/instruments/securities/?sec_type=bond,https://kase.kz/ru/investors/bonds/HSBKb17,False,UNAVAILABLE,UNAVAILABLE,NO_CHART,INSTRUMENT_DELISTED,0,,,0,0.0,True,
HSBKb18,,Народный Банк Казахстана,Народный Банк Казахстана,bond,corporate,KZT,https://kase.kz/api/instruments/securities/?sec_type=bond,https://kase.kz/ru/investors/bonds/HSBKb18,False,UNAVAILABLE,UNAVAILABLE,NO_CHART,INSTRUMENT_DELISTED,0,,,0,0.0,True,
HSBKb19,,Народный Банк Казахстана,Народный Банк Казахстана,bond,corporate,KZT,https://kase.kz/api/instruments/securities/?sec_type=bond,https://kase.kz/ru/investors/bonds/HSBKb19,False,UNAVAILABLE,UNAVAILABLE,NO_CHART,INSTRUMENT_DELISTED,0,,,0,0.0,True,
HSBKb2,,Народный Банк Казахстана,Народный Банк Казахстана,bond,corporate,USD,https://kase.kz/api/instruments/securities/?sec_type=bond,https://kase.kz/ru/investors/bonds/HSBKb2,False,UNAVAILABLE,UNAVAILABLE,NO_CHART,INSTRUMENT_DELISTED,0,,,0,0.0,True,
HSBKb21,,Народный Банк Казахстана,Народный Банк Казахстана,bond,corporate,KZT,https://kase.kz/api/instruments/securities/?sec_type=bond,https://kase.kz/ru/investors/bonds/HSBKb21,True,PENDING,UNAVAILABLE,NO_HISTORY,NO_PUBLIC_HISTORY,0,,,0,0.0,True,
HSBKb22,,Народный Банк Казахстана,Народный Банк Казахстана,bond,corporate,KZT,https://kase.kz/api/instruments/securities/?sec_type=bond,https://kase.kz/ru/investors/bonds/HSBKb22,True,PENDING,PARTIAL,DATA_READY,,149,2025-08-27T19:00:00,2026-08-27T19:00:00,149,60.08,True,
HSBKb23,,Народный Банк Казахстана,Народный Банк Казахстана,bond,corporate,KZT,https://kase.kz/api/instruments/securities/?sec_type=bond,https://kase.kz/ru/investors/bonds/HSBKb23,True,PENDING,PARTIAL,DATA_READY,,1,2026-07-07T19:00:00,2026-07-07T19:00:00,1,0.4,True,
HSBKb3,,Народный Банк Казахстана,Народный Банк Казахстана,bond,corporate,KZT,https://kase.kz/api/instruments/securities/?sec_type=bond,https://kase.kz/ru/investors/bonds/HSBKb3,False,UNAVAILABLE,UNAVAILABLE,NO_CHART,INSTRUMENT_DELISTED,0,,,0,0.0,True,
HSBKb4,,Народный Банк Казахстана,Народный Банк Казахстана,bond,corporate,KZT,https://kase.kz/api/instruments/securities/?sec_type=bond,https://kase.kz/ru/investors/bonds/HSBKb4,False,UNAVAILABLE,UNAVAILABLE,NO_CHART,INSTRUMENT_DELISTED,0,,,0,0.0,True,
HSBKb5,,Народный Банк Казахстана,Народный Банк Казахстана,bond,corporate,KZT,https://kase.kz/api/instruments/securities/?sec_type=bond,https://kase.kz/ru/investors/bonds/HSBKb5,False,UNAVAILABLE,UNAVAILABLE,NO_CHART,INSTRUMENT_DELISTED,0,,,0,0.0,True,
HSBKb6,,Народный Банк Казахстана,Народный Банк Казахстана,bond,corporate,KZT,https://kase.kz/api/instruments/securities/?sec_type=bond,https://kase.kz/ru/investors/bonds/HSBKb6,False,UNAVAILABLE,UNAVAILABLE,NO_CHART,INSTRUMENT_DELISTED,0,,,0,0.0,True,
HSBKb7,,Народный Банк Казахстана,Народный Банк Казахстана,bond,corporate,KZT,https://kase.kz/api/instruments/securities/?sec_type=bond,https://kase.kz/ru/investors/bonds/HSBKb7,False,UNAVAILABLE,UNAVAILABLE,NO_CHART,INSTRUMENT_DELISTED,0,,,0,0.0,True,
HSBKb8,,Народный Банк Казахстана,Народный Банк Казахстана,bond,corporate,KZT,https://kase.kz/api/instruments/securities/?sec_type=bond,https://kase.kz/ru/investors/bonds/HSBKb8,False,UNAVAILABLE,UNAVAILABLE,NO_CHART,INSTRUMENT_DELISTED,0,,,0,0.0,True,
HSBKb9,,Народный Банк Казахстана,Народный Банк Казахстана,bond,corporate,KZT,https://kase.kz/api/instruments/securities/?sec_type=bond,https://kase.kz/ru/investors/bonds/HSBKb9,False,UNAVAILABLE,UNAVAILABLE,NO_CHART,INSTRUMENT_DELISTED,0,,,0,0.0,True,
HSBKe1,,Народный Банк Казахстана,Народный Банк Казахстана,bond,corporate,USD,https://kase.kz/api/instruments/securities/?sec_type=bond,https://kase.kz/ru/investors/bonds/HSBKe1,False,UNAVAILABLE,UNAVAILABLE,NO_CHART,INSTRUMENT_DELISTED,0,,,0,0.0,True,
HSBKe2,,Народный Банк Казахстана,Народный Банк Казахстана,bond,corporate,USD,https://kase.kz/api/instruments/securities/?sec_type=bond,https://kase.kz/ru/investors/bonds/HSBKe2,False,UNAVAILABLE,UNAVAILABLE,NO_CHART,INSTRUMENT_DELISTED,0,,,0,0.0,True,
HSBKe3,,Народный Банк Казахстана,Народный Банк Казахстана,bond,corporate,USD,https://kase.kz/api/instruments/securities/?sec_type=bond,https://kase.kz/ru/investors/bonds/HSBKe3,False,UNAVAILABLE,UNAVAILABLE,NO_CHART,INSTRUMENT_DELISTED,0,,,0,0.0,True,
HSBKe4,,Народный Банк Казахстана,Народный Банк Казахстана,bond,corporate,USD,https://kase.kz/api/instruments/securities/?sec_type=bond,https://kase.kz/ru/investors/bonds/HSBKe4,False,UNAVAILABLE,UNAVAILABLE,NO_CHART,INSTRUMENT_DELISTED,0,,,0,0.0,True,
HSBKe5,,Народный Банк Казахстана,Народный Банк Казахстана,bond,corporate,USD,https://kase.kz/api/instruments/securities/?sec_type=bond,https://kase.kz/ru/investors/bonds/HSBKe5,False,UNAVAILABLE,UNAVAILABLE,NO_CHART,INSTRUMENT_DELISTED,0,,,0,0.0,True,
HSBKe5_US,,Народный Банк Казахстана,Народный Банк Казахстана,bond,corporate,USD,https://kase.kz/api/instruments/securities/?sec_type=bond,https://kase.kz/ru/investors/bonds/HSBKe5_US,False,UNAVAILABLE,UNAVAILABLE,NO_CHART,INSTRUMENT_DELISTED,0,,,0,0.0,True,
HSBKe5_USD,,Народный Банк Казахстана,Народный Банк Казахстана,bond,corporate,USD,https://kase.kz/api/instruments/securities/?sec_type=bond,https://kase.kz/ru/investors/bonds/HSBKe5_USD,False,UNAVAILABLE,UNAVAILABLE,NO_CHART,INSTRUMENT_DELISTED,0,,,0,0.0,True,
IBRDD120405,,Международный банк реконструкции и развития,Международный банк реконструкции и развития,bond,international,KZT,https://kase.kz/api/instruments/securities/?sec_type=bond,https://kase.kz/ru/investors/bonds/IBRDD120405,False,UNAVAILABLE,UNAVAILABLE,NO_CHART,INSTRUMENT_DELISTED,0,,,0,0.0,True,
IBRDe1,,Международный банк реконструкции и развития,Международный банк реконструкции и развития,bond,international,USD,https://kase.kz/api/instruments/securities/?sec_type=bond,https://kase.kz/ru/investors/bonds/IBRDe1,False,UNAVAILABLE,UNAVAILABLE,NO_CHART,INSTRUMENT_DELISTED,0,,,0,0.0,True,
IBRDe2,,Международный банк реконструкции и развития,Международный банк реконструкции и развития,bond,international,USD,https://kase.kz/api/instruments/securities/?sec_type=bond,https://kase.kz/ru/investors/bonds/IBRDe2,True,PENDING,UNAVAILABLE,NO_HISTORY,NO_PUBLIC_HISTORY,0,,,0,0.0,True,
IBRDe3,,Международный банк реконструкции и развития,Международный банк реконструкции и развития,bond,international,USD,https://kase.kz/api/instruments/securities/?sec_type=bond,https://kase.kz/ru/investors/bonds/IBRDe3,True,PENDING,UNAVAILABLE,NO_HISTORY,NO_PUBLIC_HISTORY,0,,,0,0.0,True,
IBRDe4,,Международный банк реконструкции и развития,Международный банк реконструкции и развития,bond,international,USD,https://kase.kz/api/instruments/securities/?sec_type=bond,https://kase.kz/ru/investors/bonds/IBRDe4,False,UNAVAILABLE,UNAVAILABLE,NO_CHART,INSTRUMENT_DELISTED,0,,,0,0.0,True,
IBRDe5,,Международный банк реконструкции и развития,Международный банк реконструкции и развития,bond,international,USD,https://kase.kz/api/instruments/securities/?sec_type=bond,https://kase.kz/ru/investors/bonds/IBRDe5,True,PENDING,UNAVAILABLE,NO_HISTORY,NO_PUBLIC_HISTORY,0,,,0,0.0,True,
IBRDe6,,Международный банк реконструкции и развития,Международный банк реконструкции и развития,bond,international,USD,https://kase.kz/api/instruments/securities/?sec_type=bond,https://kase.kz/ru/investors/bonds/IBRDe6,True,PENDING,UNAVAILABLE,NO_HISTORY,NO_PUBLIC_HISTORY,0,,,0,0.0,True,
IBRDU060302,,Международный банк реконструкции и развития,Международный банк реконструкции и развития,bond,international,KZT,https://kase.kz/api/instruments/securities/?sec_type=bond,https://kase.kz/ru/investors/bonds/IBRDU060302,False,UNAVAILABLE,UNAVAILABLE,NO_CHART,INSTRUMENT_DELISTED,0,,,0,0.0,True,
IBRDU170303,,Международный банк реконструкции и развития,Международный банк реконструкции и развития,bond,international,USD,https://kase.kz/api/instruments/securities/?sec_type=bond,https://kase.kz/ru/investors/bonds/IBRDU170303,False,UNAVAILABLE,UNAVAILABLE,NO_CHART,INSTRUMENT_DELISTED,0,,,0,0.0,True,
IBRDU251113,,Международный банк реконструкции и развития,Международный банк реконструкции и развития,bond,international,KZT,https://kase.kz/api/instruments/securities/?sec_type=bond,https://kase.kz/ru/investors/bonds/IBRDU251113,False,UNAVAILABLE,UNAVAILABLE,NO_CHART,INSTRUMENT_DELISTED,0,,,0,0.0,True,
ICD_e1,,Исламская корпорация по развитию частного сектора,Исламская корпорация по развитию частного сектора,bond,international,KZT,https://kase.kz/api/instruments/securities/?sec_type=bond,https://kase.kz/ru/investors/bonds/ICD_e1,True,PENDING,UNAVAILABLE,NO_HISTORY,NO_PUBLIC_HISTORY,0,,,0,0.0,True,
IDA_KZe1,,International Development Association,International Development Association,bond,corporate,USD,https://kase.kz/api/instruments/securities/?sec_type=bond,https://kase.kz/ru/investors/bonds/IDA_KZe1,True,PENDING,UNAVAILABLE,NO_HISTORY,NO_PUBLIC_HISTORY,0,,,0,0.0,True,
IDCOpp1,,"КА ""ID Collect (АйДи Коллект)""","КА ""ID Collect (АйДи Коллект)""",bond,corporate,KZT,https://kase.kz/api/instruments/securities/?sec_type=bond,https://kase.kz/ru/investors/bonds/IDCOpp1,False,UNAVAILABLE,UNAVAILABLE,NO_CHART,INSTRUMENT_DELISTED,0,,,0,0.0,True,
IDCOpp2,,"КА ""ID Collect (АйДи Коллект)""","КА ""ID Collect (АйДи Коллект)""",bond,corporate,USD,https://kase.kz/api/instruments/securities/?sec_type=bond,https://kase.kz/ru/investors/bonds/IDCOpp2,False,UNAVAILABLE,UNAVAILABLE,NO_CHART,INSTRUMENT_DELISTED,0,,,0,0.0,True,
IDCOpp3,,"КА ""ID Collect (АйДи Коллект)""","КА ""ID Collect (АйДи Коллект)""",bond,corporate,KZT,https://kase.kz/api/instruments/securities/?sec_type=bond,https://kase.kz/ru/investors/bonds/IDCOpp3,True,PENDING,UNAVAILABLE,NO_HISTORY,NO_PUBLIC_HISTORY,0,,,0,0.0,True,
IDFRb10,,Фонд развития промышленности,Фонд развития промышленности,bond,corporate,KZT,https://kase.kz/api/instruments/securities/?sec_type=bond,https://kase.kz/ru/investors/bonds/IDFRb10,True,PENDING,PARTIAL,DATA_READY,,1,2026-08-11T19:00:00,2026-08-11T19:00:00,1,0.4,True,
IDFRb2,,Фонд развития промышленности,Фонд развития промышленности,bond,corporate,KZT,https://kase.kz/api/instruments/securities/?sec_type=bond,https://kase.kz/ru/investors/bonds/IDFRb2,True,PENDING,UNAVAILABLE,NO_HISTORY,NO_PUBLIC_HISTORY,0,,,0,0.0,True,
IDFRb3,,Фонд развития промышленности,Фонд развития промышленности,bond,corporate,KZT,https://kase.kz/api/instruments/securities/?sec_type=bond,https://kase.kz/ru/investors/bonds/IDFRb3,True,PENDING,UNAVAILABLE,NO_HISTORY,NO_PUBLIC_HISTORY,0,,,0,0.0,True,
IDFRb4,,Фонд развития промышленности,Фонд развития промышленности,bond,corporate,KZT,https://kase.kz/api/instruments/securities/?sec_type=bond,https://kase.kz/ru/investors/bonds/IDFRb4,True,PENDING,PARTIAL,DATA_READY,,5,2026-04-02T19:00:00,2026-05-13T19:00:00,5,2.02,True,
IDFRb5,,Фонд развития промышленности,Фонд развития промышленности,bond,corporate,KZT,https://kase.kz/api/instruments/securities/?sec_type=bond,https://kase.kz/ru/investors/bonds/IDFRb5,True,PENDING,UNAVAILABLE,NO_HISTORY,NO_PUBLIC_HISTORY,0,,,0,0.0,True,
IDFRb6,,Фонд развития промышленности,Фонд развития промышленности,bond,corporate,KZT,https://kase.kz/api/instruments/securities/?sec_type=bond,https://kase.kz/ru/investors/bonds/IDFRb6,True,PENDING,UNAVAILABLE,NO_HISTORY,NO_PUBLIC_HISTORY,0,,,0,0.0,True,
IDFRb7,,Фонд развития промышленности,Фонд развития промышленности,bond,corporate,KZT,https://kase.kz/api/instruments/securities/?sec_type=bond,https://kase.kz/ru/investors/bonds/IDFRb7,True,PENDING,UNAVAILABLE,NO_HISTORY,NO_PUBLIC_HISTORY,0,,,0,0.0,True,
IDFRb8,,Фонд развития промышленности,Фонд развития промышленности,bond,corporate,KZT,https://kase.kz/api/instruments/securities/?sec_type=bond,https://kase.kz/ru/investors/bonds/IDFRb8,True,PENDING,PARTIAL,DATA_READY,,30,2026-02-25T19:00:00,2026-08-26T19:00:00,30,12.1,True,
IDFRb9,,Фонд развития промышленности,Фонд развития промышленности,bond,corporate,KZT,https://kase.kz/api/instruments/securities/?sec_type=bond,https://kase.kz/ru/investors/bonds/IDFRb9,True,PENDING,UNAVAILABLE,NO_HISTORY,NO_PUBLIC_HISTORY,0,,,0,0.0,True,
IDFRpp1,,Фонд развития промышленности,Фонд развития промышленности,bond,corporate,KZT,https://kase.kz/api/instruments/securities/?sec_type=bond,https://kase.kz/ru/investors/bonds/IDFRpp1,True,PENDING,UNAVAILABLE,NO_HISTORY,NO_PUBLIC_HISTORY,0,,,0,0.0,True,
IDFRpp2,,Фонд развития промышленности,Фонд развития промышленности,bond,corporate,CNY,https://kase.kz/api/instruments/securities/?sec_type=bond,https://kase.kz/ru/investors/bonds/IDFRpp2,True,PENDING,UNAVAILABLE,NO_HISTORY,NO_PUBLIC_HISTORY,0,,,0,0.0,True,
IDFRpp3,,Фонд развития промышленности,Фонд развития промышленности,bond,corporate,CNY,https://kase.kz/api/instruments/securities/?sec_type=bond,https://kase.kz/ru/investors/bonds/IDFRpp3,True,PENDING,UNAVAILABLE,NO_HISTORY,NO_PUBLIC_HISTORY,0,,,0,0.0,True,
IDFRpp4,,Фонд развития промышленности,Фонд развития промышленности,bond,corporate,KZT,https://kase.kz/api/instruments/securities/?sec_type=bond,https://kase.kz/ru/investors/bonds/IDFRpp4,True,PENDING,UNAVAILABLE,NO_HISTORY,NO_PUBLIC_HISTORY,0,,,0,0.0,True,
IDFRpp5,,Фонд развития промышленности,Фонд развития промышленности,bond,corporate,CNY,https://kase.kz/api/instruments/securities/?sec_type=bond,https://kase.kz/ru/investors/bonds/IDFRpp5,True,PENDING,UNAVAILABLE,NO_HISTORY,NO_PUBLIC_HISTORY,0,,,0,0.0,True,
IDFRpp6,,Фонд развития промышленности,Фонд развития промышленности,bond,corporate,KZT,https://kase.kz/api/instruments/securities/?sec_type=bond,https://kase.kz/ru/investors/bonds/IDFRpp6,True,PENDING,UNAVAILABLE,NO_HISTORY,NO_PUBLIC_HISTORY,0,,,0,0.0,True,
IDFRpp7,,Фонд развития промышленности,Фонд развития промышленности,bond,corporate,KZT,https://kase.kz/api/instruments/securities/?sec_type=bond,https://kase.kz/ru/investors/bonds/IDFRpp7,True,PENDING,UNAVAILABLE,NO_HISTORY,NO_PUBLIC_HISTORY,0,,,0,0.0,True,
IFC_e1,,Международная финансовая корпорация,Международная финансовая корпорация,bond,international,KZT,https://kase.kz/api/instruments/securities/?sec_type=bond,https://kase.kz/ru/investors/bonds/IFC_e1,False,UNAVAILABLE,UNAVAILABLE,NO_CHART,INSTRUMENT_DELISTED,0,,,0,0.0,True,
IFC_e2,,Международная финансовая корпорация,Международная финансовая корпорация,bond,international,KZT,https://kase.kz/api/instruments/securities/?sec_type=bond,https://kase.kz/ru/investors/bonds/IFC_e2,False,UNAVAILABLE,UNAVAILABLE,NO_CHART,INSTRUMENT_DELISTED,0,,,0,0.0,True,
IFC_e3,,Международная финансовая корпорация,Международная финансовая корпорация,bond,international,KZT,https://kase.kz/api/instruments/securities/?sec_type=bond,https://kase.kz/ru/investors/bonds/IFC_e3,False,UNAVAILABLE,UNAVAILABLE,NO_CHART,INSTRUMENT_DELISTED,0,,,0,0.0,True,
IFC_e4,,Международная финансовая корпорация,Международная финансовая корпорация,bond,international,KZT,https://kase.kz/api/instruments/securities/?sec_type=bond,https://kase.kz/ru/investors/bonds/IFC_e4,False,UNAVAILABLE,UNAVAILABLE,NO_CHART,INSTRUMENT_DELISTED,0,,,0,0.0,True,
IFC_e5,,Международная финансовая корпорация,Международная финансовая корпорация,bond,international,KZT,https://kase.kz/api/instruments/securities/?sec_type=bond,https://kase.kz/ru/investors/bonds/IFC_e5,False,UNAVAILABLE,UNAVAILABLE,NO_CHART,INSTRUMENT_DELISTED,0,,,0,0.0,True,
IFC_e6,,Международная финансовая корпорация,Международная финансовая корпорация,bond,international,KZT,https://kase.kz/api/instruments/securities/?sec_type=bond,https://kase.kz/ru/investors/bonds/IFC_e6,False,UNAVAILABLE,UNAVAILABLE,NO_CHART,INSTRUMENT_DELISTED,0,,,0,0.0,True,
IFC_e7,,Международная финансовая корпорация,Международная финансовая корпорация,bond,international,KZT,https://kase.kz/api/instruments/securities/?sec_type=bond,https://kase.kz/ru/investors/bonds/IFC_e7,False,UNAVAILABLE,UNAVAILABLE,NO_CHART,INSTRUMENT_DELISTED,0,,,0,0.0,True,
IFC_e8,,Международная финансовая корпорация,Международная финансовая корпорация,bond,international,KZT,https://kase.kz/api/instruments/securities/?sec_type=bond,https://kase.kz/ru/investors/bonds/IFC_e8,True,PENDING,UNAVAILABLE,NO_HISTORY,NO_PUBLIC_HISTORY,0,,,0,0.0,True,
IFC_e9,,Международная финансовая корпорация,Международная финансовая корпорация,bond,international,USD,https://kase.kz/api/instruments/securities/?sec_type=bond,https://kase.kz/ru/investors/bonds/IFC_e9,True,PENDING,UNAVAILABLE,NO_HISTORY,NO_PUBLIC_HISTORY,0,,,0,0.0,True,
IFC_U060405,,Международная финансовая корпорация,Международная финансовая корпорация,bond,international,KZT,https://kase.kz/api/instruments/securities/?sec_type=bond,https://kase.kz/ru/investors/bonds/IFC_U060405,False,UNAVAILABLE,UNAVAILABLE,NO_CHART,INSTRUMENT_DELISTED,0,,,0,0.0,True,
IKBKb1,,IKBKb1,IKBKb1,bond,corporate,KZT,https://kase.kz/api/instruments/securities/?sec_type=bond,https://kase.kz/ru/investors/bonds/IKBKb1,False,UNAVAILABLE,UNAVAILABLE,NO_CHART,INSTRUMENT_DELISTED,0,,,0,0.0,True,
IKTTb1,,Институт космической техники и технологий,Институт космической техники и технологий,bond,corporate,KZT,https://kase.kz/api/instruments/securities/?sec_type=bond,https://kase.kz/ru/investors/bonds/IKTTb1,True,PENDING,UNAVAILABLE,NO_HISTORY,NO_PUBLIC_HISTORY,0,,,0,0.0,True,
IMSKb1,,IMSKb1,IMSKb1,bond,corporate,KZT,https://kase.kz/api/instruments/securities/?sec_type=bond,https://kase.kz/ru/investors/bonds/IMSKb1,False,UNAVAILABLE,UNAVAILABLE,NO_CHART,INSTRUMENT_DELISTED,0,,,0,0.0,True,
IMSKb2,,IMSKb2,IMSKb2,bond,corporate,KZT,https://kase.kz/api/instruments/securities/?sec_type=bond,https://kase.kz/ru/investors/bonds/IMSKb2,False,UNAVAILABLE,UNAVAILABLE,NO_CHART,INSTRUMENT_DELISTED,0,,,0,0.0,True,
IMSKb3,,IMSKb3,IMSKb3,bond,corporate,KZT,https://kase.kz/api/instruments/securities/?sec_type=bond,https://kase.kz/ru/investors/bonds/IMSKb3,False,UNAVAILABLE,UNAVAILABLE,NO_CHART,INSTRUMENT_DELISTED,0,,,0,0.0,True,
INBNb1,,Bank RBK,Bank RBK,bond,corporate,KZT,https://kase.kz/api/instruments/securities/?sec_type=bond,https://kase.kz/ru/investors/bonds/INBNb1,False,UNAVAILABLE,UNAVAILABLE,NO_CHART,INSTRUMENT_DELISTED,0,,,0,0.0,True,
INBNb10,,Bank RBK,Bank RBK,bond,corporate,KZT,https://kase.kz/api/instruments/securities/?sec_type=bond,https://kase.kz/ru/investors/bonds/INBNb10,False,UNAVAILABLE,UNAVAILABLE,NO_CHART,INSTRUMENT_DELISTED,0,,,0,0.0,True,
INBNb11,,Bank RBK,Bank RBK,bond,corporate,KZT,https://kase.kz/api/instruments/securities/?sec_type=bond,https://kase.kz/ru/investors/bonds/INBNb11,True,PENDING,UNAVAILABLE,NO_HISTORY,NO_PUBLIC_HISTORY,0,,,0,0.0,True,
INBNb12,,Bank RBK,Bank RBK,bond,corporate,KZT,https://kase.kz/api/instruments/securities/?sec_type=bond,https://kase.kz/ru/investors/bonds/INBNb12,True,PENDING,UNAVAILABLE,NO_HISTORY,NO_PUBLIC_HISTORY,0,,,0,0.0,True,
INBNb13,,Bank RBK,Bank RBK,bond,corporate,KZT,https://kase.kz/api/instruments/securities/?sec_type=bond,https://kase.kz/ru/investors/bonds/INBNb13,True,PENDING,UNAVAILABLE,NO_HISTORY,NO_PUBLIC_HISTORY,0,,,0,0.0,True,
INBNb14,,Bank RBK,Bank RBK,bond,corporate,KZT,https://kase.kz/api/instruments/securities/?sec_type=bond,https://kase.kz/ru/investors/bonds/INBNb14,True,PENDING,UNAVAILABLE,NO_HISTORY,NO_PUBLIC_HISTORY,0,,,0,0.0,True,
INBNb15,,Bank RBK,Bank RBK,bond,corporate,KZT,https://kase.kz/api/instruments/securities/?sec_type=bond,https://kase.kz/ru/investors/bonds/INBNb15,False,UNAVAILABLE,UNAVAILABLE,NO_CHART,INSTRUMENT_DELISTED,0,,,0,0.0,True,
INBNb16,,Bank RBK,Bank RBK,bond,corporate,KZT,https://kase.kz/api/instruments/securities/?sec_type=bond,https://kase.kz/ru/investors/bonds/INBNb16,True,PENDING,UNAVAILABLE,NO_HISTORY,NO_PUBLIC_HISTORY,0,,,0,0.0,True,
INBNb17,,Bank RBK,Bank RBK,bond,corporate,KZT,https://kase.kz/api/instruments/securities/?sec_type=bond,https://kase.kz/ru/investors/bonds/INBNb17,True,PENDING,UNAVAILABLE,NO_HISTORY,NO_PUBLIC_HISTORY,0,,,0,0.0,True,
INBNb2,,Bank RBK,Bank RBK,bond,corporate,KZT,https://kase.kz/api/instruments/securities/?sec_type=bond,https://kase.kz/ru/investors/bonds/INBNb2,False,UNAVAILABLE,UNAVAILABLE,NO_CHART,INSTRUMENT_DELISTED,0,,,0,0.0,True,
INBNb3,,Bank RBK,Bank RBK,bond,corporate,KZT,https://kase.kz/api/instruments/securities/?sec_type=bond,https://kase.kz/ru/investors/bonds/INBNb3,False,UNAVAILABLE,UNAVAILABLE,NO_CHART,INSTRUMENT_DELISTED,0,,,0,0.0,True,
INBNb4,,Bank RBK,Bank RBK,bond,corporate,KZT,https://kase.kz/api/instruments/securities/?sec_type=bond,https://kase.kz/ru/investors/bonds/INBNb4,False,UNAVAILABLE,UNAVAILABLE,NO_CHART,INSTRUMENT_DELISTED,0,,,0,0.0,True,
INBNb5,,Bank RBK,Bank RBK,bond,corporate,KZT,https://kase.kz/api/instruments/securities/?sec_type=bond,https://kase.kz/ru/investors/bonds/INBNb5,False,UNAVAILABLE,UNAVAILABLE,NO_CHART,INSTRUMENT_DELISTED,0,,,0,0.0,True,
INBNb6,,Bank RBK,Bank RBK,bond,corporate,KZT,https://kase.kz/api/instruments/securities/?sec_type=bond,https://kase.kz/ru/investors/bonds/INBNb6,False,UNAVAILABLE,UNAVAILABLE,NO_CHART,INSTRUMENT_DELISTED,0,,,0,0.0,True,
INBNb7,,Bank RBK,Bank RBK,bond,corporate,KZT,https://kase.kz/api/instruments/securities/?sec_type=bond,https://kase.kz/ru/investors/bonds/INBNb7,True,PENDING,UNAVAILABLE,NO_HISTORY,NO_PUBLIC_HISTORY,0,,,0,0.0,True,
INBNb8,,Bank RBK,Bank RBK,bond,corporate,KZT,https://kase.kz/api/instruments/securities/?sec_type=bond,https://kase.kz/ru/investors/bonds/INBNb8,True,PENDING,UNAVAILABLE,NO_HISTORY,NO_PUBLIC_HISTORY,0,,,0,0.0,True,
INBNb9,,Bank RBK,Bank RBK,bond,corporate,KZT,https://kase.kz/api/instruments/securities/?sec_type=bond,https://kase.kz/ru/investors/bonds/INBNb9,True,PENDING,UNAVAILABLE,NO_HISTORY,NO_PUBLIC_HISTORY,0,,,0,0.0,True,
INCAb1,,Интергаз Центральная Азия,Интергаз Центральная Азия,bond,corporate,KZT,https://kase.kz/api/instruments/securities/?sec_type=bond,https://kase.kz/ru/investors/bonds/INCAb1,False,UNAVAILABLE,UNAVAILABLE,NO_CHART,INSTRUMENT_DELISTED,0,,,0,0.0,True,
INCAe2,,Интергаз Центральная Азия,Интергаз Центральная Азия,bond,corporate,KZT,https://kase.kz/api/instruments/securities/?sec_type=bond,https://kase.kz/ru/investors/bonds/INCAe2,False,UNAVAILABLE,UNAVAILABLE,NO_CHART,INSTRUMENT_DELISTED,0,,,0,0.0,True,
INCApp1,,Интергаз Центральная Азия,Интергаз Центральная Азия,bond,corporate,KZT,https://kase.kz/api/instruments/securities/?sec_type=bond,https://kase.kz/ru/investors/bonds/INCApp1,True,PENDING,UNAVAILABLE,NO_HISTORY,NO_PUBLIC_HISTORY,0,,,0,0.0,True,
INCApp10,,Интергаз Центральная Азия,Интергаз Центральная Азия,bond,corporate,KZT,https://kase.kz/api/instruments/securities/?sec_type=bond,https://kase.kz/ru/investors/bonds/INCApp10,True,PENDING,UNAVAILABLE,NO_HISTORY,NO_PUBLIC_HISTORY,0,,,0,0.0,True,
INCApp11,,Интергаз Центральная Азия,Интергаз Центральная Азия,bond,corporate,KZT,https://kase.kz/api/instruments/securities/?sec_type=bond,https://kase.kz/ru/investors/bonds/INCApp11,True,PENDING,UNAVAILABLE,NO_HISTORY,NO_PUBLIC_HISTORY,0,,,0,0.0,True,
INCApp12,,Интергаз Центральная Азия,Интергаз Центральная Азия,bond,corporate,KZT,https://kase.kz/api/instruments/securities/?sec_type=bond,https://kase.kz/ru/investors/bonds/INCApp12,True,PENDING,UNAVAILABLE,NO_HISTORY,NO_PUBLIC_HISTORY,0,,,0,0.0,True,
INCApp13,,Интергаз Центральная Азия,Интергаз Центральная Азия,bond,corporate,KZT,https://kase.kz/api/instruments/securities/?sec_type=bond,https://kase.kz/ru/investors/bonds/INCApp13,True,PENDING,UNAVAILABLE,NO_HISTORY,NO_PUBLIC_HISTORY,0,,,0,0.0,True,
INCApp14,,Интергаз Центральная Азия,Интергаз Центральная Азия,bond,corporate,KZT,https://kase.kz/api/instruments/securities/?sec_type=bond,https://kase.kz/ru/investors/bonds/INCApp14,True,PENDING,UNAVAILABLE,NO_HISTORY,NO_PUBLIC_HISTORY,0,,,0,0.0,True,
INCApp15,,Интергаз Центральная Азия,Интергаз Центральная Азия,bond,corporate,KZT,https://kase.kz/api/instruments/securities/?sec_type=bond,https://kase.kz/ru/investors/bonds/INCApp15,True,PENDING,UNAVAILABLE,NO_HISTORY,NO_PUBLIC_HISTORY,0,,,0,0.0,True,
INCApp16,,Интергаз Центральная Азия,Интергаз Центральная Азия,bond,corporate,KZT,https://kase.kz/api/instruments/securities/?sec_type=bond,https://kase.kz/ru/investors/bonds/INCApp16,True,PENDING,UNAVAILABLE,NO_HISTORY,NO_PUBLIC_HISTORY,0,,,0,0.0,True,
INCApp17,,Интергаз Центральная Азия,Интергаз Центральная Азия,bond,corporate,KZT,https://kase.kz/api/instruments/securities/?sec_type=bond,https://kase.kz/ru/investors/bonds/INCApp17,True,PENDING,UNAVAILABLE,NO_HISTORY,NO_PUBLIC_HISTORY,0,,,0,0.0,True,
INCApp18,,Интергаз Центральная Азия,Интергаз Центральная Азия,bond,corporate,KZT,https://kase.kz/api/instruments/securities/?sec_type=bond,https://kase.kz/ru/investors/bonds/INCApp18,True,PENDING,UNAVAILABLE,NO_HISTORY,NO_PUBLIC_HISTORY,0,,,0,0.0,True,
INCApp19,,Интергаз Центральная Азия,Интергаз Центральная Азия,bond,corporate,KZT,https://kase.kz/api/instruments/securities/?sec_type=bond,https://kase.kz/ru/investors/bonds/INCApp19,True,PENDING,UNAVAILABLE,NO_HISTORY,NO_PUBLIC_HISTORY,0,,,0,0.0,True,
INCApp2,,Интергаз Центральная Азия,Интергаз Центральная Азия,bond,corporate,KZT,https://kase.kz/api/instruments/securities/?sec_type=bond,https://kase.kz/ru/investors/bonds/INCApp2,True,PENDING,UNAVAILABLE,NO_HISTORY,NO_PUBLIC_HISTORY,0,,,0,0.0,True,
INCApp20,,Интергаз Центральная Азия,Интергаз Центральная Азия,bond,corporate,KZT,https://kase.kz/api/instruments/securities/?sec_type=bond,https://kase.kz/ru/investors/bonds/INCApp20,True,PENDING,UNAVAILABLE,NO_HISTORY,NO_PUBLIC_HISTORY,0,,,0,0.0,True,
INCApp21,,Интергаз Центральная Азия,Интергаз Центральная Азия,bond,corporate,KZT,https://kase.kz/api/instruments/securities/?sec_type=bond,https://kase.kz/ru/investors/bonds/INCApp21,True,PENDING,UNAVAILABLE,NO_HISTORY,NO_PUBLIC_HISTORY,0,,,0,0.0,True,
INCApp22,,Интергаз Центральная Азия,Интергаз Центральная Азия,bond,corporate,KZT,https://kase.kz/api/instruments/securities/?sec_type=bond,https://kase.kz/ru/investors/bonds/INCApp22,True,PENDING,UNAVAILABLE,NO_HISTORY,NO_PUBLIC_HISTORY,0,,,0,0.0,True,
INCApp23,,Интергаз Центральная Азия,Интергаз Центральная Азия,bond,corporate,KZT,https://kase.kz/api/instruments/securities/?sec_type=bond,https://kase.kz/ru/investors/bonds/INCApp23,True,PENDING,UNAVAILABLE,NO_HISTORY,NO_PUBLIC_HISTORY,0,,,0,0.0,True,
INCApp24,,Интергаз Центральная Азия,Интергаз Центральная Азия,bond,corporate,KZT,https://kase.kz/api/instruments/securities/?sec_type=bond,https://kase.kz/ru/investors/bonds/INCApp24,True,PENDING,UNAVAILABLE,NO_HISTORY,NO_PUBLIC_HISTORY,0,,,0,0.0,True,
INCApp25,,Интергаз Центральная Азия,Интергаз Центральная Азия,bond,corporate,KZT,https://kase.kz/api/instruments/securities/?sec_type=bond,https://kase.kz/ru/investors/bonds/INCApp25,True,PENDING,UNAVAILABLE,NO_HISTORY,NO_PUBLIC_HISTORY,0,,,0,0.0,True,
INCApp3,,Интергаз Центральная Азия,Интергаз Центральная Азия,bond,corporate,KZT,https://kase.kz/api/instruments/securities/?sec_type=bond,https://kase.kz/ru/investors/bonds/INCApp3,True,PENDING,UNAVAILABLE,NO_HISTORY,NO_PUBLIC_HISTORY,0,,,0,0.0,True,
INCApp4,,Интергаз Центральная Азия,Интергаз Центральная Азия,bond,corporate,KZT,https://kase.kz/api/instruments/securities/?sec_type=bond,https://kase.kz/ru/investors/bonds/INCApp4,True,PENDING,UNAVAILABLE,NO_HISTORY,NO_PUBLIC_HISTORY,0,,,0,0.0,True,
INCApp5,,Интергаз Центральная Азия,Интергаз Центральная Азия,bond,corporate,KZT,https://kase.kz/api/instruments/securities/?sec_type=bond,https://kase.kz/ru/investors/bonds/INCApp5,True,PENDING,UNAVAILABLE,NO_HISTORY,NO_PUBLIC_HISTORY,0,,,0,0.0,True,
INCApp6,,Интергаз Центральная Азия,Интергаз Центральная Азия,bond,corporate,KZT,https://kase.kz/api/instruments/securities/?sec_type=bond,https://kase.kz/ru/investors/bonds/INCApp6,True,PENDING,UNAVAILABLE,NO_HISTORY,NO_PUBLIC_HISTORY,0,,,0,0.0,True,
INCApp7,,Интергаз Центральная Азия,Интергаз Центральная Азия,bond,corporate,KZT,https://kase.kz/api/instruments/securities/?sec_type=bond,https://kase.kz/ru/investors/bonds/INCApp7,True,PENDING,UNAVAILABLE,NO_HISTORY,NO_PUBLIC_HISTORY,0,,,0,0.0,True,
INCApp8,,Интергаз Центральная Азия,Интергаз Центральная Азия,bond,corporate,KZT,https://kase.kz/api/instruments/securities/?sec_type=bond,https://kase.kz/ru/investors/bonds/INCApp8,True,PENDING,UNAVAILABLE,NO_HISTORY,NO_PUBLIC_HISTORY,0,,,0,0.0,True,
INCApp9,,Интергаз Центральная Азия,Интергаз Центральная Азия,bond,corporate,KZT,https://kase.kz/api/instruments/securities/?sec_type=bond,https://kase.kz/ru/investors/bonds/INCApp9,True,PENDING,UNAVAILABLE,NO_HISTORY,NO_PUBLIC_HISTORY,0,,,0,0.0,True,
INNOpp1,,ПК Innoforce PLC,ПК Innoforce PLC,bond,corporate,KZT,https://kase.kz/api/instruments/securities/?sec_type=bond,https://kase.kz/ru/investors/bonds/INNOpp1,True,PENDING,UNAVAILABLE,NO_HISTORY,NO_PUBLIC_HISTORY,0,,,0,0.0,True,
INSHpp1,,ИНИШ,ИНИШ,bond,corporate,KZT,https://kase.kz/api/instruments/securities/?sec_type=bond,https://kase.kz/ru/investors/bonds/INSHpp1,True,PENDING,UNAVAILABLE,NO_HISTORY,NO_PUBLIC_HISTORY,0,,,0,0.0,True,
INVAb1,,INNOVA INVESTMENT,INNOVA INVESTMENT,bond,corporate,KZT,https://kase.kz/api/instruments/securities/?sec_type=bond,https://kase.kz/ru/investors/bonds/INVAb1,False,UNAVAILABLE,UNAVAILABLE,NO_CHART,INSTRUMENT_DELISTED,0,,,0,0.0,True,
ISKEb1,,ISKEb1,ISKEb1,bond,corporate,KZT,https://kase.kz/api/instruments/securities/?sec_type=bond,https://kase.kz/ru/investors/bonds/ISKEb1,False,UNAVAILABLE,UNAVAILABLE,NO_CHART,INSTRUMENT_DELISTED,0,,,0,0.0,True,
JETGe1,,Частная компания JET Group Ltd.,Частная компания JET Group Ltd.,bond,corporate,KZT,https://kase.kz/api/instruments/securities/?sec_type=bond,https://kase.kz/ru/investors/bonds/JETGe1,True,PENDING,PARTIAL,DATA_READY,,229,2025-08-27T19:00:00,2026-08-27T19:00:00,229,92.34,True,
JETGpp1,,Частная компания JET Group Ltd.,Частная компания JET Group Ltd.,bond,corporate,USD,https://kase.kz/api/instruments/securities/?sec_type=bond,https://kase.kz/ru/investors/bonds/JETGpp1,True,PENDING,UNAVAILABLE,NO_HISTORY,NO_PUBLIC_HISTORY,0,,,0,0.0,True,
JGOKb1,,Жайремский ГОК,Жайремский ГОК,bond,corporate,USD,https://kase.kz/api/instruments/securities/?sec_type=bond,https://kase.kz/ru/investors/bonds/JGOKb1,False,UNAVAILABLE,UNAVAILABLE,NO_CHART,INSTRUMENT_DELISTED,0,,,0,0.0,True,
JGOKb2,,Жайремский ГОК,Жайремский ГОК,bond,corporate,KZT,https://kase.kz/api/instruments/securities/?sec_type=bond,https://kase.kz/ru/investors/bonds/JGOKb2,False,UNAVAILABLE,UNAVAILABLE,NO_CHART,INSTRUMENT_DELISTED,0,,,0,0.0,True,
JSBNb1,,Отбасы банк,Отбасы банк,bond,corporate,KZT,https://kase.kz/api/instruments/securities/?sec_type=bond,https://kase.kz/ru/investors/bonds/JSBNb1,False,UNAVAILABLE,UNAVAILABLE,NO_CHART,INSTRUMENT_DELISTED,0,,,0,0.0,True,
JSBNb10,,Отбасы банк,Отбасы банк,bond,corporate,KZT,https://kase.kz/api/instruments/securities/?sec_type=bond,https://kase.kz/ru/investors/bonds/JSBNb10,True,PENDING,PARTIAL,DATA_READY,,76,2026-04-02T19:00:00,2026-08-26T19:00:00,76,30.65,True,
JSBNb11,,Отбасы банк,Отбасы банк,bond,corporate,KZT,https://kase.kz/api/instruments/securities/?sec_type=bond,https://kase.kz/ru/investors/bonds/JSBNb11,True,PENDING,PARTIAL,DATA_READY,,19,2026-06-16T19:00:00,2026-08-27T19:00:00,19,7.66,True,
JSBNb12,,Отбасы банк,Отбасы банк,bond,corporate,KZT,https://kase.kz/api/instruments/securities/?sec_type=bond,https://kase.kz/ru/investors/bonds/JSBNb12,True,PENDING,PARTIAL,DATA_READY,,36,2026-06-21T19:00:00,2026-08-27T19:00:00,36,14.52,True,
JSBNb13,,Отбасы банк,Отбасы банк,bond,corporate,KZT,https://kase.kz/api/instruments/securities/?sec_type=bond,https://kase.kz/ru/investors/bonds/JSBNb13,True,PENDING,UNAVAILABLE,NO_HISTORY,NO_PUBLIC_HISTORY,0,,,0,0.0,True,
JSBNb2,,Отбасы банк,Отбасы банк,bond,corporate,KZT,https://kase.kz/api/instruments/securities/?sec_type=bond,https://kase.kz/ru/investors/bonds/JSBNb2,True,PENDING,PARTIAL,DATA_READY,,16,2026-04-12T19:00:00,2026-08-26T19:00:00,16,6.45,True,
JSBNb3,,Отбасы банк,Отбасы банк,bond,corporate,KZT,https://kase.kz/api/instruments/securities/?sec_type=bond,https://kase.kz/ru/investors/bonds/JSBNb3,True,PENDING,PARTIAL,DATA_READY,,106,2025-09-15T19:00:00,2026-08-25T19:00:00,106,42.74,True,
JSBNb4,,Отбасы банк,Отбасы банк,bond,corporate,KZT,https://kase.kz/api/instruments/securities/?sec_type=bond,https://kase.kz/ru/investors/bonds/JSBNb4,True,UNAVAILABLE,PARTIAL,NO_CHART,NO_CHART,75,2025-09-25T19:00:00,2026-08-27T19:00:00,75,30.24,True,
JSBNb5,,Отбасы банк,Отбасы банк,bond,corporate,KZT,https://kase.kz/api/instruments/securities/?sec_type=bond,https://kase.kz/ru/investors/bonds/JSBNb5,True,PENDING,PARTIAL,DATA_READY,,57,2025-09-11T19:00:00,2026-08-27T19:00:00,57,22.98,True,
JSBNb6,,Отбасы банк,Отбасы банк,bond,corporate,KZT,https://kase.kz/api/instruments/securities/?sec_type=bond,https://kase.kz/ru/investors/bonds/JSBNb6,True,PENDING,PARTIAL,DATA_READY,,28,2026-04-29T19:00:00,2026-08-27T19:00:00,28,11.29,True,
JSBNb7,,Отбасы банк,Отбасы банк,bond,corporate,KZT,https://kase.kz/api/instruments/securities/?sec_type=bond,https://kase.kz/ru/investors/bonds/JSBNb7,True,PENDING,PARTIAL,DATA_READY,,54,2025-12-10T19:00:00,2026-08-26T19:00:00,54,21.77,True,
JSBNb8,,Отбасы банк,Отбасы банк,bond,corporate,KZT,https://kase.kz/api/instruments/securities/?sec_type=bond,https://kase.kz/ru/investors/bonds/JSBNb8,True,PENDING,PARTIAL,DATA_READY,,113,2026-01-18T19:00:00,2026-08-27T19:00:00,113,45.56,True,
JSBNb9,,Отбасы банк,Отбасы банк,bond,corporate,KZT,https://kase.kz/api/instruments/securities/?sec_type=bond,https://kase.kz/ru/investors/bonds/JSBNb9,True,PENDING,PARTIAL,DATA_READY,,3,2026-05-27T19:00:00,2026-06-10T19:00:00,3,1.21,True,
KACMb1,,Qazaqstan Investment Corporation,Qazaqstan Investment Corporation,bond,corporate,KZT,https://kase.kz/api/instruments/securities/?sec_type=bond,https://kase.kz/ru/investors/bonds/KACMb1,True,PENDING,UNAVAILABLE,NO_HISTORY,NO_PUBLIC_HISTORY,0,,,0,0.0,True,
KACMb2,,Qazaqstan Investment Corporation,Qazaqstan Investment Corporation,bond,corporate,KZT,https://kase.kz/api/instruments/securities/?sec_type=bond,https://kase.kz/ru/investors/bonds/KACMb2,True,PENDING,UNAVAILABLE,NO_HISTORY,NO_PUBLIC_HISTORY,0,,,0,0.0,True,
KACMpp1,,Qazaqstan Investment Corporation,Qazaqstan Investment Corporation,bond,corporate,USD,https://kase.kz/api/instruments/securities/?sec_type=bond,https://kase.kz/ru/investors/bonds/KACMpp1,True,PENDING,UNAVAILABLE,NO_HISTORY,NO_PUBLIC_HISTORY,0,,,0,0.0,True,
KACMpp2,,Qazaqstan Investment Corporation,Qazaqstan Investment Corporation,bond,corporate,KZT,https://kase.kz/api/instruments/securities/?sec_type=bond,https://kase.kz/ru/investors/bonds/KACMpp2,True,PENDING,UNAVAILABLE,NO_HISTORY,NO_PUBLIC_HISTORY,0,,,0,0.0,True,
KACMpp3,,Qazaqstan Investment Corporation,Qazaqstan Investment Corporation,bond,corporate,KZT,https://kase.kz/api/instruments/securities/?sec_type=bond,https://kase.kz/ru/investors/bonds/KACMpp3,True,PENDING,UNAVAILABLE,NO_HISTORY,NO_PUBLIC_HISTORY,0,,,0,0.0,True,
KACMpp4,,Qazaqstan Investment Corporation,Qazaqstan Investment Corporation,bond,corporate,USD,https://kase.kz/api/instruments/securities/?sec_type=bond,https://kase.kz/ru/investors/bonds/KACMpp4,True,PENDING,UNAVAILABLE,NO_HISTORY,NO_PUBLIC_HISTORY,0,,,0,0.0,True,
KACMpp5,,Qazaqstan Investment Corporation,Qazaqstan Investment Corporation,bond,corporate,CNY,https://kase.kz/api/instruments/securities/?sec_type=bond,https://kase.kz/ru/investors/bonds/KACMpp5,True,PENDING,UNAVAILABLE,NO_HISTORY,NO_PUBLIC_HISTORY,0,,,0,0.0,True,
KACMpp6,,Qazaqstan Investment Corporation,Qazaqstan Investment Corporation,bond,corporate,USD,https://kase.kz/api/instruments/securities/?sec_type=bond,https://kase.kz/ru/investors/bonds/KACMpp6,True,PENDING,UNAVAILABLE,NO_HISTORY,NO_PUBLIC_HISTORY,0,,,0,0.0,True,
KACMpp7,,Qazaqstan Investment Corporation,Qazaqstan Investment Corporation,bond,corporate,USD,https://kase.kz/api/instruments/securities/?sec_type=bond,https://kase.kz/ru/investors/bonds/KACMpp7,True,PENDING,UNAVAILABLE,NO_HISTORY,NO_PUBLIC_HISTORY,0,,,0,0.0,True,
KACMpp8,,Qazaqstan Investment Corporation,Qazaqstan Investment Corporation,bond,corporate,CNY,https://kase.kz/api/instruments/securities/?sec_type=bond,https://kase.kz/ru/investors/bonds/KACMpp8,True,PENDING,UNAVAILABLE,NO_HISTORY,NO_PUBLIC_HISTORY,0,,,0,0.0,True,
KACMpp9,,Qazaqstan Investment Corporation,Qazaqstan Investment Corporation,bond,corporate,KZT,https://kase.kz/api/instruments/securities/?sec_type=bond,https://kase.kz/ru/investors/bonds/KACMpp9,True,PENDING,UNAVAILABLE,NO_HISTORY,NO_PUBLIC_HISTORY,0,,,0,0.0,True,
KAFIb1,,КазАгроФинанс,КазАгроФинанс,bond,corporate,KZT,https://kase.kz/api/instruments/securities/?sec_type=bond,https://kase.kz/ru/investors/bonds/KAFIb1,False,UNAVAILABLE,UNAVAILABLE,NO_CHART,INSTRUMENT_DELISTED,0,,,0,0.0,True,
KAFIb10,,КазАгроФинанс,КазАгроФинанс,bond,corporate,KZT,https://kase.kz/api/instruments/securities/?sec_type=bond,https://kase.kz/ru/investors/bonds/KAFIb10,False,UNAVAILABLE,UNAVAILABLE,NO_CHART,INSTRUMENT_DELISTED,0,,,0,0.0,True,
KAFIb11,,КазАгроФинанс,КазАгроФинанс,bond,corporate,KZT,https://kase.kz/api/instruments/securities/?sec_type=bond,https://kase.kz/ru/investors/bonds/KAFIb11,True,PENDING,PARTIAL,DATA_READY,,52,2025-10-05T19:00:00,2026-08-26T19:00:00,52,20.97,True,
KAFIb12,,КазАгроФинанс,КазАгроФинанс,bond,corporate,KZT,https://kase.kz/api/instruments/securities/?sec_type=bond,https://kase.kz/ru/investors/bonds/KAFIb12,True,PENDING,PARTIAL,DATA_READY,,219,2025-08-27T19:00:00,2026-08-26T19:00:00,219,88.31,True,
KAFIb13,,КазАгроФинанс,КазАгроФинанс,bond,corporate,KZT,https://kase.kz/api/instruments/securities/?sec_type=bond,https://kase.kz/ru/investors/bonds/KAFIb13,True,PENDING,PARTIAL,DATA_READY,,203,2025-08-27T19:00:00,2026-08-27T19:00:00,203,81.85,True,
KAFIb14,,КазАгроФинанс,КазАгроФинанс,bond,corporate,KZT,https://kase.kz/api/instruments/securities/?sec_type=bond,https://kase.kz/ru/investors/bonds/KAFIb14,True,PENDING,UNAVAILABLE,NO_HISTORY,NO_PUBLIC_HISTORY,0,,,0,0.0,True,
KAFIb15,,КазАгроФинанс,КазАгроФинанс,bond,corporate,KZT,https://kase.kz/api/instruments/securities/?sec_type=bond,https://kase.kz/ru/investors/bonds/KAFIb15,True,PENDING,UNAVAILABLE,NO_HISTORY,NO_PUBLIC_HISTORY,0,,,0,0.0,True,
KAFIb16,,КазАгроФинанс,КазАгроФинанс,bond,corporate,KZT,https://kase.kz/api/instruments/securities/?sec_type=bond,https://kase.kz/ru/investors/bonds/KAFIb16,True,PENDING,PARTIAL,DATA_READY,,29,2025-12-04T19:00:00,2026-08-24T19:00:00,29,11.69,True,
KAFIb17,,КазАгроФинанс,КазАгроФинанс,bond,corporate,KZT,https://kase.kz/api/instruments/securities/?sec_type=bond,https://kase.kz/ru/investors/bonds/KAFIb17,True,PENDING,PARTIAL,DATA_READY,,53,2025-10-23T19:00:00,2026-08-25T19:00:00,53,21.37,True,
KAFIb18,,КазАгроФинанс,КазАгроФинанс,bond,corporate,KZT,https://kase.kz/api/instruments/securities/?sec_type=bond,https://kase.kz/ru/investors/bonds/KAFIb18,True,PENDING,PARTIAL,DATA_READY,,1,2026-07-26T19:00:00,2026-07-26T19:00:00,1,0.4,True,
KAFIb19,,КазАгроФинанс,КазАгроФинанс,bond,corporate,KZT,https://kase.kz/api/instruments/securities/?sec_type=bond,https://kase.kz/ru/investors/bonds/KAFIb19,True,PENDING,PARTIAL,DATA_READY,,33,2026-05-05T19:00:00,2026-08-26T19:00:00,33,13.31,True,
KAFIb2,,КазАгроФинанс,КазАгроФинанс,bond,corporate,KZT,https://kase.kz/api/instruments/securities/?sec_type=bond,https://kase.kz/ru/investors/bonds/KAFIb2,False,UNAVAILABLE,UNAVAILABLE,NO_CHART,INSTRUMENT_DELISTED,0,,,0,0.0,True,
KAFIb20,,КазАгроФинанс,КазАгроФинанс,bond,corporate,KZT,https://kase.kz/api/instruments/securities/?sec_type=bond,https://kase.kz/ru/investors/bonds/KAFIb20,True,PENDING,UNAVAILABLE,NO_HISTORY,NO_PUBLIC_HISTORY,0,,,0,0.0,True,
KAFIb21,,КазАгроФинанс,КазАгроФинанс,bond,corporate,KZT,https://kase.kz/api/instruments/securities/?sec_type=bond,https://kase.kz/ru/investors/bonds/KAFIb21,True,PENDING,UNAVAILABLE,NO_HISTORY,NO_PUBLIC_HISTORY,0,,,0,0.0,True,
KAFIb22,,КазАгроФинанс,КазАгроФинанс,bond,corporate,KZT,https://kase.kz/api/instruments/securities/?sec_type=bond,https://kase.kz/ru/investors/bonds/KAFIb22,True,PENDING,UNAVAILABLE,NO_HISTORY,NO_PUBLIC_HISTORY,0,,,0,0.0,True,
KAFIb23,,КазАгроФинанс,КазАгроФинанс,bond,corporate,KZT,https://kase.kz/api/instruments/securities/?sec_type=bond,https://kase.kz/ru/investors/bonds/KAFIb23,True,PENDING,UNAVAILABLE,NO_HISTORY,NO_PUBLIC_HISTORY,0,,,0,0.0,True,
KAFIb24,,КазАгроФинанс,КазАгроФинанс,bond,corporate,KZT,https://kase.kz/api/instruments/securities/?sec_type=bond,https://kase.kz/ru/investors/bonds/KAFIb24,True,PENDING,UNAVAILABLE,NO_HISTORY,NO_PUBLIC_HISTORY,0,,,0,0.0,True,
KAFIb3,,КазАгроФинанс,КазАгроФинанс,bond,corporate,KZT,https://kase.kz/api/instruments/securities/?sec_type=bond,https://kase.kz/ru/investors/bonds/KAFIb3,False,UNAVAILABLE,UNAVAILABLE,NO_CHART,INSTRUMENT_DELISTED,0,,,0,0.0,True,
KAFIb4,,КазАгроФинанс,КазАгроФинанс,bond,corporate,KZT,https://kase.kz/api/instruments/securities/?sec_type=bond,https://kase.kz/ru/investors/bonds/KAFIb4,False,UNAVAILABLE,UNAVAILABLE,NO_CHART,INSTRUMENT_DELISTED,0,,,0,0.0,True,
KAFIb5,,КазАгроФинанс,КазАгроФинанс,bond,corporate,KZT,https://kase.kz/api/instruments/securities/?sec_type=bond,https://kase.kz/ru/investors/bonds/KAFIb5,False,UNAVAILABLE,UNAVAILABLE,NO_CHART,INSTRUMENT_DELISTED,0,,,0,0.0,True,
KAFIb6,,КазАгроФинанс,КазАгроФинанс,bond,corporate,KZT,https://kase.kz/api/instruments/securities/?sec_type=bond,https://kase.kz/ru/investors/bonds/KAFIb6,False,UNAVAILABLE,UNAVAILABLE,NO_CHART,INSTRUMENT_DELISTED,0,,,0,0.0,True,
KAFIb7,,КазАгроФинанс,КазАгроФинанс,bond,corporate,KZT,https://kase.kz/api/instruments/securities/?sec_type=bond,https://kase.kz/ru/investors/bonds/KAFIb7,False,UNAVAILABLE,UNAVAILABLE,NO_CHART,INSTRUMENT_DELISTED,0,,,0,0.0,True,
KAFIb8,,КазАгроФинанс,КазАгроФинанс,bond,corporate,KZT,https://kase.kz/api/instruments/securities/?sec_type=bond,https://kase.kz/ru/investors/bonds/KAFIb8,False,UNAVAILABLE,UNAVAILABLE,NO_CHART,INSTRUMENT_DELISTED,0,,,0,0.0,True,
KAFIb9,,КазАгроФинанс,КазАгроФинанс,bond,corporate,KZT,https://kase.kz/api/instruments/securities/?sec_type=bond,https://kase.kz/ru/investors/bonds/KAFIb9,False,UNAVAILABLE,UNAVAILABLE,NO_CHART,INSTRUMENT_DELISTED,0,,,0,0.0,True,
KAFIpp1,,КазАгроФинанс,КазАгроФинанс,bond,corporate,KZT,https://kase.kz/api/instruments/securities/?sec_type=bond,https://kase.kz/ru/investors/bonds/KAFIpp1,True,PENDING,UNAVAILABLE,NO_HISTORY,NO_PUBLIC_HISTORY,0,,,0,0.0,True,
KAFIpp10,,КазАгроФинанс,КазАгроФинанс,bond,corporate,KZT,https://kase.kz/api/instruments/securities/?sec_type=bond,https://kase.kz/ru/investors/bonds/KAFIpp10,True,PENDING,UNAVAILABLE,NO_HISTORY,NO_PUBLIC_HISTORY,0,,,0,0.0,True,
KAFIpp11,,КазАгроФинанс,КазАгроФинанс,bond,corporate,KZT,https://kase.kz/api/instruments/securities/?sec_type=bond,https://kase.kz/ru/investors/bonds/KAFIpp11,True,PENDING,UNAVAILABLE,NO_HISTORY,NO_PUBLIC_HISTORY,0,,,0,0.0,True,
KAFIpp12,,КазАгроФинанс,КазАгроФинанс,bond,corporate,KZT,https://kase.kz/api/instruments/securities/?sec_type=bond,https://kase.kz/ru/investors/bonds/KAFIpp12,True,PENDING,UNAVAILABLE,NO_HISTORY,NO_PUBLIC_HISTORY,0,,,0,0.0,True,
KAFIpp13,,КазАгроФинанс,КазАгроФинанс,bond,corporate,KZT,https://kase.kz/api/instruments/securities/?sec_type=bond,https://kase.kz/ru/investors/bonds/KAFIpp13,True,PENDING,UNAVAILABLE,NO_HISTORY,NO_PUBLIC_HISTORY,0,,,0,0.0,True,
KAFIpp2,,КазАгроФинанс,КазАгроФинанс,bond,corporate,KZT,https://kase.kz/api/instruments/securities/?sec_type=bond,https://kase.kz/ru/investors/bonds/KAFIpp2,False,UNAVAILABLE,UNAVAILABLE,NO_CHART,INSTRUMENT_DELISTED,0,,,0,0.0,True,
KAFIpp3,,КазАгроФинанс,КазАгроФинанс,bond,corporate,KZT,https://kase.kz/api/instruments/securities/?sec_type=bond,https://kase.kz/ru/investors/bonds/KAFIpp3,False,UNAVAILABLE,UNAVAILABLE,NO_CHART,INSTRUMENT_DELISTED,0,,,0,0.0,True,
KAFIpp4,,КазАгроФинанс,КазАгроФинанс,bond,corporate,KZT,https://kase.kz/api/instruments/securities/?sec_type=bond,https://kase.kz/ru/investors/bonds/KAFIpp4,True,PENDING,UNAVAILABLE,NO_HISTORY,NO_PUBLIC_HISTORY,0,,,0,0.0,True,
KAFIpp5,,КазАгроФинанс,КазАгроФинанс,bond,corporate,KZT,https://kase.kz/api/instruments/securities/?sec_type=bond,https://kase.kz/ru/investors/bonds/KAFIpp5,True,PENDING,UNAVAILABLE,NO_HISTORY,NO_PUBLIC_HISTORY,0,,,0,0.0,True,
KAFIpp6,,КазАгроФинанс,КазАгроФинанс,bond,corporate,KZT,https://kase.kz/api/instruments/securities/?sec_type=bond,https://kase.kz/ru/investors/bonds/KAFIpp6,True,PENDING,UNAVAILABLE,NO_HISTORY,NO_PUBLIC_HISTORY,0,,,0,0.0,True,
KAFIpp7,,КазАгроФинанс,КазАгроФинанс,bond,corporate,KZT,https://kase.kz/api/instruments/securities/?sec_type=bond,https://kase.kz/ru/investors/bonds/KAFIpp7,True,PENDING,UNAVAILABLE,NO_HISTORY,NO_PUBLIC_HISTORY,0,,,0,0.0,True,
KAFIpp8,,КазАгроФинанс,КазАгроФинанс,bond,corporate,KZT,https://kase.kz/api/instruments/securities/?sec_type=bond,https://kase.kz/ru/investors/bonds/KAFIpp8,True,PENDING,UNAVAILABLE,NO_HISTORY,NO_PUBLIC_HISTORY,0,,,0,0.0,True,
KAFIpp9,,КазАгроФинанс,КазАгроФинанс,bond,corporate,KZT,https://kase.kz/api/instruments/securities/?sec_type=bond,https://kase.kz/ru/investors/bonds/KAFIpp9,True,PENDING,UNAVAILABLE,NO_HISTORY,NO_PUBLIC_HISTORY,0,,,0,0.0,True,
KAKBpp1,,Кайнар-АКБ,Кайнар-АКБ,bond,corporate,KZT,https://kase.kz/api/instruments/securities/?sec_type=bond,https://kase.kz/ru/investors/bonds/KAKBpp1,True,PENDING,UNAVAILABLE,NO_HISTORY,NO_PUBLIC_HISTORY,0,,,0,0.0,True,
KARMb1,,KARMb1,KARMb1,bond,corporate,USD,https://kase.kz/api/instruments/securities/?sec_type=bond,https://kase.kz/ru/investors/bonds/KARMb1,False,UNAVAILABLE,UNAVAILABLE,NO_CHART,INSTRUMENT_DELISTED,0,,,0,0.0,True,
KARMb2,,KARMb2,KARMb2,bond,corporate,KZT,https://kase.kz/api/instruments/securities/?sec_type=bond,https://kase.kz/ru/investors/bonds/KARMb2,False,UNAVAILABLE,UNAVAILABLE,NO_CHART,INSTRUMENT_DELISTED,0,,,0,0.0,True,
KASAb1,,Казахстанский электролизный завод,Казахстанский электролизный завод,bond,corporate,USD,https://kase.kz/api/instruments/securities/?sec_type=bond,https://kase.kz/ru/investors/bonds/KASAb1,True,PENDING,PARTIAL,DATA_READY,,71,2025-08-28T19:00:00,2026-08-27T19:00:00,71,28.63,True,
KASPb1,,KASPb1,KASPb1,bond,corporate,KZT,https://kase.kz/api/instruments/securities/?sec_type=bond,https://kase.kz/ru/investors/bonds/KASPb1,False,UNAVAILABLE,UNAVAILABLE,NO_CHART,INSTRUMENT_DELISTED,0,,,0,0.0,True,
KASSb1,,KASSb1,KASSb1,bond,corporate,KZT,https://kase.kz/api/instruments/securities/?sec_type=bond,https://kase.kz/ru/investors/bonds/KASSb1,False,UNAVAILABLE,UNAVAILABLE,NO_CHART,INSTRUMENT_DELISTED,0,,,0,0.0,True,
KASSb2,,KASSb2,KASSb2,bond,corporate,KZT,https://kase.kz/api/instruments/securities/?sec_type=bond,https://kase.kz/ru/investors/bonds/KASSb2,False,UNAVAILABLE,UNAVAILABLE,NO_CHART,INSTRUMENT_DELISTED,0,,,0,0.0,True,
KASTb1,,КазЭкспортАстык,КазЭкспортАстык,bond,corporate,KZT,https://kase.kz/api/instruments/securities/?sec_type=bond,https://kase.kz/ru/investors/bonds/KASTb1,False,UNAVAILABLE,UNAVAILABLE,NO_CHART,INSTRUMENT_DELISTED,0,,,0,0.0,True,
KASTb2,,КазЭкспортАстык,КазЭкспортАстык,bond,corporate,KZT,https://kase.kz/api/instruments/securities/?sec_type=bond,https://kase.kz/ru/investors/bonds/KASTb2,False,UNAVAILABLE,UNAVAILABLE,NO_CHART,INSTRUMENT_DELISTED,0,,,0,0.0,True,
KASTb3,,КазЭкспортАстык,КазЭкспортАстык,bond,corporate,KZT,https://kase.kz/api/instruments/securities/?sec_type=bond,https://kase.kz/ru/investors/bonds/KASTb3,True,PENDING,UNAVAILABLE,NO_HISTORY,NO_PUBLIC_HISTORY,0,,,0,0.0,True,
KATRb1,,Атамекен-Агро,Атамекен-Агро,bond,corporate,KZT,https://kase.kz/api/instruments/securities/?sec_type=bond,https://kase.kz/ru/investors/bonds/KATRb1,False,UNAVAILABLE,UNAVAILABLE,NO_CHART,INSTRUMENT_DELISTED,0,,,0,0.0,True,
KATRb2,,Атамекен-Агро,Атамекен-Агро,bond,corporate,KZT,https://kase.kz/api/instruments/securities/?sec_type=bond,https://kase.kz/ru/investors/bonds/KATRb2,False,UNAVAILABLE,UNAVAILABLE,NO_CHART,INSTRUMENT_DELISTED,0,,,0,0.0,True,
KAZIb1,,KAZIb1,KAZIb1,bond,corporate,KZT,https://kase.kz/api/instruments/securities/?sec_type=bond,https://kase.kz/ru/investors/bonds/KAZIb1,False,UNAVAILABLE,UNAVAILABLE,NO_CHART,INSTRUMENT_DELISTED,0,,,0,0.0,True,
KAZIb2,,KAZIb2,KAZIb2,bond,corporate,KZT,https://kase.kz/api/instruments/securities/?sec_type=bond,https://kase.kz/ru/investors/bonds/KAZIb2,False,UNAVAILABLE,UNAVAILABLE,NO_CHART,INSTRUMENT_DELISTED,0,,,0,0.0,True,
KAZIb3,,KAZIb3,KAZIb3,bond,corporate,KZT,https://kase.kz/api/instruments/securities/?sec_type=bond,https://kase.kz/ru/investors/bonds/KAZIb3,False,UNAVAILABLE,UNAVAILABLE,NO_CHART,INSTRUMENT_DELISTED,0,,,0,0.0,True,
KCELb1,,Kcell,Kcell,bond,corporate,KZT,https://kase.kz/api/instruments/securities/?sec_type=bond,https://kase.kz/ru/investors/bonds/KCELb1,False,UNAVAILABLE,UNAVAILABLE,NO_CHART,INSTRUMENT_DELISTED,0,,,0,0.0,True,
KDTSb1,,KDTSb1,KDTSb1,bond,corporate,KZT,https://kase.kz/api/instruments/securities/?sec_type=bond,https://kase.kz/ru/investors/bonds/KDTSb1,False,UNAVAILABLE,UNAVAILABLE,NO_CHART,INSTRUMENT_DELISTED,0,,,0,0.0,True,
KEGCb1,,KEGOC,KEGOC,bond,corporate,KZT,https://kase.kz/api/instruments/securities/?sec_type=bond,https://kase.kz/ru/investors/bonds/KEGCb1,True,PENDING,UNAVAILABLE,NO_HISTORY,NO_PUBLIC_HISTORY,0,,,0,0.0,True,
KEGCb2,,KEGOC,KEGOC,bond,corporate,KZT,https://kase.kz/api/instruments/securities/?sec_type=bond,https://kase.kz/ru/investors/bonds/KEGCb2,True,PENDING,UNAVAILABLE,NO_HISTORY,NO_PUBLIC_HISTORY,0,,,0,0.0,True,
KEGCb3,,KEGOC,KEGOC,bond,corporate,KZT,https://kase.kz/api/instruments/securities/?sec_type=bond,https://kase.kz/ru/investors/bonds/KEGCb3,True,PENDING,PARTIAL,DATA_READY,,105,2025-09-02T19:00:00,2026-08-27T19:00:00,105,42.34,True,
KEGCb4,,KEGOC,KEGOC,bond,corporate,KZT,https://kase.kz/api/instruments/securities/?sec_type=bond,https://kase.kz/ru/investors/bonds/KEGCb4,True,PENDING,UNAVAILABLE,NO_HISTORY,NO_PUBLIC_HISTORY,0,,,0,0.0,True,
KFUSb1,,Казахстанский фонд устойчивости,Казахстанский фонд устойчивости,bond,corporate,KZT,https://kase.kz/api/instruments/securities/?sec_type=bond,https://kase.kz/ru/investors/bonds/KFUSb1,True,PENDING,PARTIAL,DATA_READY,,184,2025-08-27T19:00:00,2026-08-25T19:00:00,184,74.19,True,
KFUSb10,,Казахстанский фонд устойчивости,Казахстанский фонд устойчивости,bond,corporate,KZT,https://kase.kz/api/instruments/securities/?sec_type=bond,https://kase.kz/ru/investors/bonds/KFUSb10,True,PENDING,PARTIAL,DATA_READY,,205,2025-08-27T19:00:00,2026-08-26T19:00:00,205,82.66,True,
KFUSb100,,Казахстанский фонд устойчивости,Казахстанский фонд устойчивости,bond,corporate,KZT,https://kase.kz/api/instruments/securities/?sec_type=bond,https://kase.kz/ru/investors/bonds/KFUSb100,True,PENDING,UNAVAILABLE,NO_HISTORY,NO_PUBLIC_HISTORY,0,,,0,0.0,True,
KFUSb101,,Казахстанский фонд устойчивости,Казахстанский фонд устойчивости,bond,corporate,KZT,https://kase.kz/api/instruments/securities/?sec_type=bond,https://kase.kz/ru/investors/bonds/KFUSb101,True,PENDING,UNAVAILABLE,NO_HISTORY,NO_PUBLIC_HISTORY,0,,,0,0.0,True,
KFUSb102,,Казахстанский фонд устойчивости,Казахстанский фонд устойчивости,bond,corporate,KZT,https://kase.kz/api/instruments/securities/?sec_type=bond,https://kase.kz/ru/investors/bonds/KFUSb102,True,PENDING,UNAVAILABLE,NO_HISTORY,NO_PUBLIC_HISTORY,0,,,0,0.0,True,
KFUSb103,,Казахстанский фонд устойчивости,Казахстанский фонд устойчивости,bond,corporate,KZT,https://kase.kz/api/instruments/securities/?sec_type=bond,https://kase.kz/ru/investors/bonds/KFUSb103,True,PENDING,UNAVAILABLE,NO_HISTORY,NO_PUBLIC_HISTORY,0,,,0,0.0,True,
KFUSb104,,Казахстанский фонд устойчивости,Казахстанский фонд устойчивости,bond,corporate,KZT,https://kase.kz/api/instruments/securities/?sec_type=bond,https://kase.kz/ru/investors/bonds/KFUSb104,True,PENDING,UNAVAILABLE,NO_HISTORY,NO_PUBLIC_HISTORY,0,,,0,0.0,True,
KFUSb105,,Казахстанский фонд устойчивости,Казахстанский фонд устойчивости,bond,corporate,KZT,https://kase.kz/api/instruments/securities/?sec_type=bond,https://kase.kz/ru/investors/bonds/KFUSb105,True,PENDING,UNAVAILABLE,NO_HISTORY,NO_PUBLIC_HISTORY,0,,,0,0.0,True,
KFUSb106,,Казахстанский фонд устойчивости,Казахстанский фонд устойчивости,bond,corporate,KZT,https://kase.kz/api/instruments/securities/?sec_type=bond,https://kase.kz/ru/investors/bonds/KFUSb106,True,PENDING,PARTIAL,DATA_READY,,6,2026-03-15T19:00:00,2026-08-24T19:00:00,6,2.42,True,
KFUSb107,,Казахстанский фонд устойчивости,Казахстанский фонд устойчивости,bond,corporate,KZT,https://kase.kz/api/instruments/securities/?sec_type=bond,https://kase.kz/ru/investors/bonds/KFUSb107,True,PENDING,UNAVAILABLE,NO_HISTORY,NO_PUBLIC_HISTORY,0,,,0,0.0,True,
KFUSb108,,Казахстанский фонд устойчивости,Казахстанский фонд устойчивости,bond,corporate,KZT,https://kase.kz/api/instruments/securities/?sec_type=bond,https://kase.kz/ru/investors/bonds/KFUSb108,True,PENDING,UNAVAILABLE,NO_HISTORY,NO_PUBLIC_HISTORY,0,,,0,0.0,True,
KFUSb109,,Казахстанский фонд устойчивости,Казахстанский фонд устойчивости,bond,corporate,KZT,https://kase.kz/api/instruments/securities/?sec_type=bond,https://kase.kz/ru/investors/bonds/KFUSb109,True,PENDING,UNAVAILABLE,NO_HISTORY,NO_PUBLIC_HISTORY,0,,,0,0.0,True,
KFUSb11,,Казахстанский фонд устойчивости,Казахстанский фонд устойчивости,bond,corporate,KZT,https://kase.kz/api/instruments/securities/?sec_type=bond,https://kase.kz/ru/investors/bonds/KFUSb11,True,PENDING,PARTIAL,DATA_READY,,25,2025-08-27T19:00:00,2026-08-24T19:00:00,25,10.08,True,
KFUSb110,,Казахстанский фонд устойчивости,Казахстанский фонд устойчивости,bond,corporate,KZT,https://kase.kz/api/instruments/securities/?sec_type=bond,https://kase.kz/ru/investors/bonds/KFUSb110,True,PENDING,UNAVAILABLE,NO_HISTORY,NO_PUBLIC_HISTORY,0,,,0,0.0,True,
KFUSb111,,Казахстанский фонд устойчивости,Казахстанский фонд устойчивости,bond,corporate,KZT,https://kase.kz/api/instruments/securities/?sec_type=bond,https://kase.kz/ru/investors/bonds/KFUSb111,True,PENDING,UNAVAILABLE,NO_HISTORY,NO_PUBLIC_HISTORY,0,,,0,0.0,True,
KFUSb112,,Казахстанский фонд устойчивости,Казахстанский фонд устойчивости,bond,corporate,KZT,https://kase.kz/api/instruments/securities/?sec_type=bond,https://kase.kz/ru/investors/bonds/KFUSb112,True,PENDING,UNAVAILABLE,NO_HISTORY,NO_PUBLIC_HISTORY,0,,,0,0.0,True,
KFUSb113,,Казахстанский фонд устойчивости,Казахстанский фонд устойчивости,bond,corporate,KZT,https://kase.kz/api/instruments/securities/?sec_type=bond,https://kase.kz/ru/investors/bonds/KFUSb113,True,PENDING,UNAVAILABLE,NO_HISTORY,NO_PUBLIC_HISTORY,0,,,0,0.0,True,
KFUSb114,,Казахстанский фонд устойчивости,Казахстанский фонд устойчивости,bond,corporate,KZT,https://kase.kz/api/instruments/securities/?sec_type=bond,https://kase.kz/ru/investors/bonds/KFUSb114,True,PENDING,UNAVAILABLE,NO_HISTORY,NO_PUBLIC_HISTORY,0,,,0,0.0,True,
KFUSb115,,Казахстанский фонд устойчивости,Казахстанский фонд устойчивости,bond,corporate,KZT,https://kase.kz/api/instruments/securities/?sec_type=bond,https://kase.kz/ru/investors/bonds/KFUSb115,True,PENDING,UNAVAILABLE,NO_HISTORY,NO_PUBLIC_HISTORY,0,,,0,0.0,True,
KFUSb116,,Казахстанский фонд устойчивости,Казахстанский фонд устойчивости,bond,corporate,KZT,https://kase.kz/api/instruments/securities/?sec_type=bond,https://kase.kz/ru/investors/bonds/KFUSb116,True,PENDING,UNAVAILABLE,NO_HISTORY,NO_PUBLIC_HISTORY,0,,,0,0.0,True,
KFUSb117,,Казахстанский фонд устойчивости,Казахстанский фонд устойчивости,bond,corporate,KZT,https://kase.kz/api/instruments/securities/?sec_type=bond,https://kase.kz/ru/investors/bonds/KFUSb117,True,PENDING,UNAVAILABLE,NO_HISTORY,NO_PUBLIC_HISTORY,0,,,0,0.0,True,
KFUSb118,,Казахстанский фонд устойчивости,Казахстанский фонд устойчивости,bond,corporate,KZT,https://kase.kz/api/instruments/securities/?sec_type=bond,https://kase.kz/ru/investors/bonds/KFUSb118,True,PENDING,UNAVAILABLE,NO_HISTORY,NO_PUBLIC_HISTORY,0,,,0,0.0,True,
KFUSb12,,Казахстанский фонд устойчивости,Казахстанский фонд устойчивости,bond,corporate,KZT,https://kase.kz/api/instruments/securities/?sec_type=bond,https://kase.kz/ru/investors/bonds/KFUSb12,False,UNAVAILABLE,UNAVAILABLE,NO_CHART,INSTRUMENT_DELISTED,0,,,0,0.0,True,
KFUSb13,,Казахстанский фонд устойчивости,Казахстанский фонд устойчивости,bond,corporate,KZT,https://kase.kz/api/instruments/securities/?sec_type=bond,https://kase.kz/ru/investors/bonds/KFUSb13,False,UNAVAILABLE,UNAVAILABLE,NO_CHART,INSTRUMENT_DELISTED,0,,,0,0.0,True,
KFUSb14,,Казахстанский фонд устойчивости,Казахстанский фонд устойчивости,bond,corporate,KZT,https://kase.kz/api/instruments/securities/?sec_type=bond,https://kase.kz/ru/investors/bonds/KFUSb14,False,UNAVAILABLE,UNAVAILABLE,NO_CHART,INSTRUMENT_DELISTED,0,,,0,0.0,True,
KFUSb15,,Казахстанский фонд устойчивости,Казахстанский фонд устойчивости,bond,corporate,KZT,https://kase.kz/api/instruments/securities/?sec_type=bond,https://kase.kz/ru/investors/bonds/KFUSb15,False,UNAVAILABLE,UNAVAILABLE,NO_CHART,INSTRUMENT_DELISTED,0,,,0,0.0,True,
KFUSb16,,Казахстанский фонд устойчивости,Казахстанский фонд устойчивости,bond,corporate,KZT,https://kase.kz/api/instruments/securities/?sec_type=bond,https://kase.kz/ru/investors/bonds/KFUSb16,False,UNAVAILABLE,UNAVAILABLE,NO_CHART,INSTRUMENT_DELISTED,0,,,0,0.0,True,
KFUSb17,,Казахстанский фонд устойчивости,Казахстанский фонд устойчивости,bond,corporate,KZT,https://kase.kz/api/instruments/securities/?sec_type=bond,https://kase.kz/ru/investors/bonds/KFUSb17,False,UNAVAILABLE,UNAVAILABLE,NO_CHART,INSTRUMENT_DELISTED,0,,,0,0.0,True,
KFUSb18,,Казахстанский фонд устойчивости,Казахстанский фонд устойчивости,bond,corporate,KZT,https://kase.kz/api/instruments/securities/?sec_type=bond,https://kase.kz/ru/investors/bonds/KFUSb18,False,UNAVAILABLE,UNAVAILABLE,NO_CHART,INSTRUMENT_DELISTED,0,,,0,0.0,True,
KFUSb19,,Казахстанский фонд устойчивости,Казахстанский фонд устойчивости,bond,corporate,KZT,https://kase.kz/api/instruments/securities/?sec_type=bond,https://kase.kz/ru/investors/bonds/KFUSb19,False,UNAVAILABLE,UNAVAILABLE,NO_CHART,INSTRUMENT_DELISTED,0,,,0,0.0,True,
KFUSb2,,Казахстанский фонд устойчивости,Казахстанский фонд устойчивости,bond,corporate,KZT,https://kase.kz/api/instruments/securities/?sec_type=bond,https://kase.kz/ru/investors/bonds/KFUSb2,False,UNAVAILABLE,UNAVAILABLE,NO_CHART,INSTRUMENT_DELISTED,0,,,0,0.0,True,
KFUSb20,,Казахстанский фонд устойчивости,Казахстанский фонд устойчивости,bond,corporate,KZT,https://kase.kz/api/instruments/securities/?sec_type=bond,https://kase.kz/ru/investors/bonds/KFUSb20,False,UNAVAILABLE,UNAVAILABLE,NO_CHART,INSTRUMENT_DELISTED,0,,,0,0.0,True,
KFUSb21,,Казахстанский фонд устойчивости,Казахстанский фонд устойчивости,bond,corporate,KZT,https://kase.kz/api/instruments/securities/?sec_type=bond,https://kase.kz/ru/investors/bonds/KFUSb21,False,UNAVAILABLE,UNAVAILABLE,NO_CHART,INSTRUMENT_DELISTED,0,,,0,0.0,True,
KFUSb22,,Казахстанский фонд устойчивости,Казахстанский фонд устойчивости,bond,corporate,KZT,https://kase.kz/api/instruments/securities/?sec_type=bond,https://kase.kz/ru/investors/bonds/KFUSb22,False,UNAVAILABLE,UNAVAILABLE,NO_CHART,INSTRUMENT_DELISTED,0,,,0,0.0,True,
KFUSb23,,Казахстанский фонд устойчивости,Казахстанский фонд устойчивости,bond,corporate,KZT,https://kase.kz/api/instruments/securities/?sec_type=bond,https://kase.kz/ru/investors/bonds/KFUSb23,False,UNAVAILABLE,UNAVAILABLE,NO_CHART,INSTRUMENT_DELISTED,0,,,0,0.0,True,
KFUSb24,,Казахстанский фонд устойчивости,Казахстанский фонд устойчивости,bond,corporate,KZT,https://kase.kz/api/instruments/securities/?sec_type=bond,https://kase.kz/ru/investors/bonds/KFUSb24,False,UNAVAILABLE,UNAVAILABLE,NO_CHART,INSTRUMENT_DELISTED,0,,,0,0.0,True,
KFUSb25,,Казахстанский фонд устойчивости,Казахстанский фонд устойчивости,bond,corporate,KZT,https://kase.kz/api/instruments/securities/?sec_type=bond,https://kase.kz/ru/investors/bonds/KFUSb25,False,UNAVAILABLE,UNAVAILABLE,NO_CHART,INSTRUMENT_DELISTED,0,,,0,0.0,True,
KFUSb26,,Казахстанский фонд устойчивости,Казахстанский фонд устойчивости,bond,corporate,KZT,https://kase.kz/api/instruments/securities/?sec_type=bond,https://kase.kz/ru/investors/bonds/KFUSb26,True,PENDING,UNAVAILABLE,NO_HISTORY,NO_PUBLIC_HISTORY,0,,,0,0.0,True,
KFUSb27,,Казахстанский фонд устойчивости,Казахстанский фонд устойчивости,bond,corporate,KZT,https://kase.kz/api/instruments/securities/?sec_type=bond,https://kase.kz/ru/investors/bonds/KFUSb27,True,PENDING,UNAVAILABLE,NO_HISTORY,NO_PUBLIC_HISTORY,0,,,0,0.0,True,
KFUSb28,,Казахстанский фонд устойчивости,Казахстанский фонд устойчивости,bond,corporate,KZT,https://kase.kz/api/instruments/securities/?sec_type=bond,https://kase.kz/ru/investors/bonds/KFUSb28,True,PENDING,UNAVAILABLE,NO_HISTORY,NO_PUBLIC_HISTORY,0,,,0,0.0,True,
KFUSb29,,Казахстанский фонд устойчивости,Казахстанский фонд устойчивости,bond,corporate,KZT,https://kase.kz/api/instruments/securities/?sec_type=bond,https://kase.kz/ru/investors/bonds/KFUSb29,True,PENDING,UNAVAILABLE,NO_HISTORY,NO_PUBLIC_HISTORY,0,,,0,0.0,True,
KFUSb3,,Казахстанский фонд устойчивости,Казахстанский фонд устойчивости,bond,corporate,KZT,https://kase.kz/api/instruments/securities/?sec_type=bond,https://kase.kz/ru/investors/bonds/KFUSb3,False,UNAVAILABLE,UNAVAILABLE,NO_CHART,INSTRUMENT_DELISTED,0,,,0,0.0,True,
KFUSb30,,Казахстанский фонд устойчивости,Казахстанский фонд устойчивости,bond,corporate,KZT,https://kase.kz/api/instruments/securities/?sec_type=bond,https://kase.kz/ru/investors/bonds/KFUSb30,False,UNAVAILABLE,UNAVAILABLE,NO_CHART,INSTRUMENT_DELISTED,0,,,0,0.0,True,
KFUSb31,,Казахстанский фонд устойчивости,Казахстанский фонд устойчивости,bond,corporate,KZT,https://kase.kz/api/instruments/securities/?sec_type=bond,https://kase.kz/ru/investors/bonds/KFUSb31,False,UNAVAILABLE,UNAVAILABLE,NO_CHART,INSTRUMENT_DELISTED,0,,,0,0.0,True,
KFUSb32,,Казахстанский фонд устойчивости,Казахстанский фонд устойчивости,bond,corporate,KZT,https://kase.kz/api/instruments/securities/?sec_type=bond,https://kase.kz/ru/investors/bonds/KFUSb32,False,UNAVAILABLE,UNAVAILABLE,NO_CHART,INSTRUMENT_DELISTED,0,,,0,0.0,True,
KFUSb33,,Казахстанский фонд устойчивости,Казахстанский фонд устойчивости,bond,corporate,KZT,https://kase.kz/api/instruments/securities/?sec_type=bond,https://kase.kz/ru/investors/bonds/KFUSb33,False,UNAVAILABLE,UNAVAILABLE,NO_CHART,INSTRUMENT_DELISTED,0,,,0,0.0,True,
KFUSb34,,Казахстанский фонд устойчивости,Казахстанский фонд устойчивости,bond,corporate,KZT,https://kase.kz/api/instruments/securities/?sec_type=bond,https://kase.kz/ru/investors/bonds/KFUSb34,False,UNAVAILABLE,UNAVAILABLE,NO_CHART,INSTRUMENT_DELISTED,0,,,0,0.0,True,
KFUSb35,,Казахстанский фонд устойчивости,Казахстанский фонд устойчивости,bond,corporate,KZT,https://kase.kz/api/instruments/securities/?sec_type=bond,https://kase.kz/ru/investors/bonds/KFUSb35,False,UNAVAILABLE,UNAVAILABLE,NO_CHART,INSTRUMENT_DELISTED,0,,,0,0.0,True,
KFUSb36,,Казахстанский фонд устойчивости,Казахстанский фонд устойчивости,bond,corporate,KZT,https://kase.kz/api/instruments/securities/?sec_type=bond,https://kase.kz/ru/investors/bonds/KFUSb36,False,UNAVAILABLE,UNAVAILABLE,NO_CHART,INSTRUMENT_DELISTED,0,,,0,0.0,True,
KFUSb37,,Казахстанский фонд устойчивости,Казахстанский фонд устойчивости,bond,corporate,KZT,https://kase.kz/api/instruments/securities/?sec_type=bond,https://kase.kz/ru/investors/bonds/KFUSb37,False,UNAVAILABLE,UNAVAILABLE,NO_CHART,INSTRUMENT_DELISTED,0,,,0,0.0,True,
KFUSb38,,Казахстанский фонд устойчивости,Казахстанский фонд устойчивости,bond,corporate,KZT,https://kase.kz/api/instruments/securities/?sec_type=bond,https://kase.kz/ru/investors/bonds/KFUSb38,False,UNAVAILABLE,UNAVAILABLE,NO_CHART,INSTRUMENT_DELISTED,0,,,0,0.0,True,
KFUSb39,,Казахстанский фонд устойчивости,Казахстанский фонд устойчивости,bond,corporate,KZT,https://kase.kz/api/instruments/securities/?sec_type=bond,https://kase.kz/ru/investors/bonds/KFUSb39,False,UNAVAILABLE,UNAVAILABLE,NO_CHART,INSTRUMENT_DELISTED,0,,,0,0.0,True,
KFUSb4,,Казахстанский фонд устойчивости,Казахстанский фонд устойчивости,bond,corporate,KZT,https://kase.kz/api/instruments/securities/?sec_type=bond,https://kase.kz/ru/investors/bonds/KFUSb4,False,UNAVAILABLE,UNAVAILABLE,NO_CHART,INSTRUMENT_DELISTED,0,,,0,0.0,True,
KFUSb40,,Казахстанский фонд устойчивости,Казахстанский фонд устойчивости,bond,corporate,KZT,https://kase.kz/api/instruments/securities/?sec_type=bond,https://kase.kz/ru/investors/bonds/KFUSb40,False,UNAVAILABLE,UNAVAILABLE,NO_CHART,INSTRUMENT_DELISTED,0,,,0,0.0,True,
KFUSb41,,Казахстанский фонд устойчивости,Казахстанский фонд устойчивости,bond,corporate,KZT,https://kase.kz/api/instruments/securities/?sec_type=bond,https://kase.kz/ru/investors/bonds/KFUSb41,False,UNAVAILABLE,UNAVAILABLE,NO_CHART,INSTRUMENT_DELISTED,0,,,0,0.0,True,
KFUSb42,,Казахстанский фонд устойчивости,Казахстанский фонд устойчивости,bond,corporate,KZT,https://kase.kz/api/instruments/securities/?sec_type=bond,https://kase.kz/ru/investors/bonds/KFUSb42,False,UNAVAILABLE,UNAVAILABLE,NO_CHART,INSTRUMENT_DELISTED,0,,,0,0.0,True,
KFUSb43,,Казахстанский фонд устойчивости,Казахстанский фонд устойчивости,bond,corporate,KZT,https://kase.kz/api/instruments/securities/?sec_type=bond,https://kase.kz/ru/investors/bonds/KFUSb43,False,UNAVAILABLE,UNAVAILABLE,NO_CHART,INSTRUMENT_DELISTED,0,,,0,0.0,True,
KFUSb44,,Казахстанский фонд устойчивости,Казахстанский фонд устойчивости,bond,corporate,KZT,https://kase.kz/api/instruments/securities/?sec_type=bond,https://kase.kz/ru/investors/bonds/KFUSb44,False,UNAVAILABLE,UNAVAILABLE,NO_CHART,INSTRUMENT_DELISTED,0,,,0,0.0,True,
KFUSb45,,Казахстанский фонд устойчивости,Казахстанский фонд устойчивости,bond,corporate,KZT,https://kase.kz/api/instruments/securities/?sec_type=bond,https://kase.kz/ru/investors/bonds/KFUSb45,False,UNAVAILABLE,UNAVAILABLE,NO_CHART,INSTRUMENT_DELISTED,0,,,0,0.0,True,
KFUSb46,,Казахстанский фонд устойчивости,Казахстанский фонд устойчивости,bond,corporate,KZT,https://kase.kz/api/instruments/securities/?sec_type=bond,https://kase.kz/ru/investors/bonds/KFUSb46,True,PENDING,PARTIAL,DATA_READY,,45,2025-09-23T19:00:00,2026-08-27T19:00:00,45,18.15,True,
KFUSb47,,Казахстанский фонд устойчивости,Казахстанский фонд устойчивости,bond,corporate,KZT,https://kase.kz/api/instruments/securities/?sec_type=bond,https://kase.kz/ru/investors/bonds/KFUSb47,True,PENDING,PARTIAL,DATA_READY,,52,2025-09-08T19:00:00,2026-08-26T19:00:00,52,20.97,True,
KFUSb48,,Казахстанский фонд устойчивости,Казахстанский фонд устойчивости,bond,corporate,KZT,https://kase.kz/api/instruments/securities/?sec_type=bond,https://kase.kz/ru/investors/bonds/KFUSb48,True,PENDING,PARTIAL,DATA_READY,,60,2025-09-17T19:00:00,2026-08-26T19:00:00,60,24.19,True,
KFUSb49,,Казахстанский фонд устойчивости,Казахстанский фонд устойчивости,bond,corporate,KZT,https://kase.kz/api/instruments/securities/?sec_type=bond,https://kase.kz/ru/investors/bonds/KFUSb49,True,PENDING,PARTIAL,DATA_READY,,71,2025-08-28T19:00:00,2026-08-24T19:00:00,71,28.63,True,
KFUSb5,,Казахстанский фонд устойчивости,Казахстанский фонд устойчивости,bond,corporate,KZT,https://kase.kz/api/instruments/securities/?sec_type=bond,https://kase.kz/ru/investors/bonds/KFUSb5,False,UNAVAILABLE,UNAVAILABLE,NO_CHART,INSTRUMENT_DELISTED,0,,,0,0.0,True,
KFUSb50,,Казахстанский фонд устойчивости,Казахстанский фонд устойчивости,bond,corporate,KZT,https://kase.kz/api/instruments/securities/?sec_type=bond,https://kase.kz/ru/investors/bonds/KFUSb50,False,UNAVAILABLE,UNAVAILABLE,NO_CHART,INSTRUMENT_DELISTED,0,,,0,0.0,True,
KFUSb51,,Казахстанский фонд устойчивости,Казахстанский фонд устойчивости,bond,corporate,KZT,https://kase.kz/api/instruments/securities/?sec_type=bond,https://kase.kz/ru/investors/bonds/KFUSb51,False,UNAVAILABLE,UNAVAILABLE,NO_CHART,INSTRUMENT_DELISTED,0,,,0,0.0,True,
KFUSb52,,Казахстанский фонд устойчивости,Казахстанский фонд устойчивости,bond,corporate,KZT,https://kase.kz/api/instruments/securities/?sec_type=bond,https://kase.kz/ru/investors/bonds/KFUSb52,False,UNAVAILABLE,UNAVAILABLE,NO_CHART,INSTRUMENT_DELISTED,0,,,0,0.0,True,
KFUSb53,,Казахстанский фонд устойчивости,Казахстанский фонд устойчивости,bond,corporate,KZT,https://kase.kz/api/instruments/securities/?sec_type=bond,https://kase.kz/ru/investors/bonds/KFUSb53,False,UNAVAILABLE,UNAVAILABLE,NO_CHART,INSTRUMENT_DELISTED,0,,,0,0.0,True,
KFUSb54,,Казахстанский фонд устойчивости,Казахстанский фонд устойчивости,bond,corporate,KZT,https://kase.kz/api/instruments/securities/?sec_type=bond,https://kase.kz/ru/investors/bonds/KFUSb54,False,UNAVAILABLE,UNAVAILABLE,NO_CHART,INSTRUMENT_DELISTED,0,,,0,0.0,True,
KFUSb55,,Казахстанский фонд устойчивости,Казахстанский фонд устойчивости,bond,corporate,KZT,https://kase.kz/api/instruments/securities/?sec_type=bond,https://kase.kz/ru/investors/bonds/KFUSb55,False,UNAVAILABLE,UNAVAILABLE,NO_CHART,INSTRUMENT_DELISTED,0,,,0,0.0,True,
KFUSb56,,Казахстанский фонд устойчивости,Казахстанский фонд устойчивости,bond,corporate,KZT,https://kase.kz/api/instruments/securities/?sec_type=bond,https://kase.kz/ru/investors/bonds/KFUSb56,True,PENDING,UNAVAILABLE,NO_HISTORY,NO_PUBLIC_HISTORY,0,,,0,0.0,True,
KFUSb57,,Казахстанский фонд устойчивости,Казахстанский фонд устойчивости,bond,corporate,KZT,https://kase.kz/api/instruments/securities/?sec_type=bond,https://kase.kz/ru/investors/bonds/KFUSb57,True,PENDING,UNAVAILABLE,NO_HISTORY,NO_PUBLIC_HISTORY,0,,,0,0.0,True,
KFUSb58,,Казахстанский фонд устойчивости,Казахстанский фонд устойчивости,bond,corporate,KZT,https://kase.kz/api/instruments/securities/?sec_type=bond,https://kase.kz/ru/investors/bonds/KFUSb58,True,PENDING,UNAVAILABLE,NO_HISTORY,NO_PUBLIC_HISTORY,0,,,0,0.0,True,
KFUSb59,,Казахстанский фонд устойчивости,Казахстанский фонд устойчивости,bond,corporate,KZT,https://kase.kz/api/instruments/securities/?sec_type=bond,https://kase.kz/ru/investors/bonds/KFUSb59,True,PENDING,UNAVAILABLE,NO_HISTORY,NO_PUBLIC_HISTORY,0,,,0,0.0,True,
KFUSb6,,Казахстанский фонд устойчивости,Казахстанский фонд устойчивости,bond,corporate,KZT,https://kase.kz/api/instruments/securities/?sec_type=bond,https://kase.kz/ru/investors/bonds/KFUSb6,True,PENDING,PARTIAL,DATA_READY,,30,2025-08-27T19:00:00,2026-08-24T19:00:00,30,12.1,True,
KFUSb60,,Казахстанский фонд устойчивости,Казахстанский фонд устойчивости,bond,corporate,KZT,https://kase.kz/api/instruments/securities/?sec_type=bond,https://kase.kz/ru/investors/bonds/KFUSb60,False,UNAVAILABLE,UNAVAILABLE,NO_CHART,INSTRUMENT_DELISTED,0,,,0,0.0,True,
KFUSb61,,Казахстанский фонд устойчивости,Казахстанский фонд устойчивости,bond,corporate,KZT,https://kase.kz/api/instruments/securities/?sec_type=bond,https://kase.kz/ru/investors/bonds/KFUSb61,False,UNAVAILABLE,UNAVAILABLE,NO_CHART,INSTRUMENT_DELISTED,0,,,0,0.0,True,
KFUSb62,,Казахстанский фонд устойчивости,Казахстанский фонд устойчивости,bond,corporate,KZT,https://kase.kz/api/instruments/securities/?sec_type=bond,https://kase.kz/ru/investors/bonds/KFUSb62,False,UNAVAILABLE,UNAVAILABLE,NO_CHART,INSTRUMENT_DELISTED,0,,,0,0.0,True,
KFUSb63,,Казахстанский фонд устойчивости,Казахстанский фонд устойчивости,bond,corporate,KZT,https://kase.kz/api/instruments/securities/?sec_type=bond,https://kase.kz/ru/investors/bonds/KFUSb63,False,UNAVAILABLE,UNAVAILABLE,NO_CHART,INSTRUMENT_DELISTED,0,,,0,0.0,True,
KFUSb64,,Казахстанский фонд устойчивости,Казахстанский фонд устойчивости,bond,corporate,KZT,https://kase.kz/api/instruments/securities/?sec_type=bond,https://kase.kz/ru/investors/bonds/KFUSb64,False,UNAVAILABLE,UNAVAILABLE,NO_CHART,INSTRUMENT_DELISTED,0,,,0,0.0,True,
KFUSb65,,Казахстанский фонд устойчивости,Казахстанский фонд устойчивости,bond,corporate,KZT,https://kase.kz/api/instruments/securities/?sec_type=bond,https://kase.kz/ru/investors/bonds/KFUSb65,False,UNAVAILABLE,UNAVAILABLE,NO_CHART,INSTRUMENT_DELISTED,0,,,0,0.0,True,
KFUSb66,,Казахстанский фонд устойчивости,Казахстанский фонд устойчивости,bond,corporate,KZT,https://kase.kz/api/instruments/securities/?sec_type=bond,https://kase.kz/ru/investors/bonds/KFUSb66,False,UNAVAILABLE,UNAVAILABLE,NO_CHART,INSTRUMENT_DELISTED,0,,,0,0.0,True,
KFUSb67,,Казахстанский фонд устойчивости,Казахстанский фонд устойчивости,bond,corporate,KZT,https://kase.kz/api/instruments/securities/?sec_type=bond,https://kase.kz/ru/investors/bonds/KFUSb67,False,UNAVAILABLE,UNAVAILABLE,NO_CHART,INSTRUMENT_DELISTED,0,,,0,0.0,True,
KFUSb68,,Казахстанский фонд устойчивости,Казахстанский фонд устойчивости,bond,corporate,KZT,https://kase.kz/api/instruments/securities/?sec_type=bond,https://kase.kz/ru/investors/bonds/KFUSb68,False,UNAVAILABLE,UNAVAILABLE,NO_CHART,INSTRUMENT_DELISTED,0,,,0,0.0,True,
KFUSb69,,Казахстанский фонд устойчивости,Казахстанский фонд устойчивости,bond,corporate,KZT,https://kase.kz/api/instruments/securities/?sec_type=bond,https://kase.kz/ru/investors/bonds/KFUSb69,False,UNAVAILABLE,UNAVAILABLE,NO_CHART,INSTRUMENT_DELISTED,0,,,0,0.0,True,
KFUSb7,,Казахстанский фонд устойчивости,Казахстанский фонд устойчивости,bond,corporate,KZT,https://kase.kz/api/instruments/securities/?sec_type=bond,https://kase.kz/ru/investors/bonds/KFUSb7,True,PENDING,PARTIAL,DATA_READY,,36,2025-08-27T19:00:00,2026-08-25T19:00:00,36,14.52,True,
KFUSb70,,Казахстанский фонд устойчивости,Казахстанский фонд устойчивости,bond,corporate,KZT,https://kase.kz/api/instruments/securities/?sec_type=bond,https://kase.kz/ru/investors/bonds/KFUSb70,True,PENDING,UNAVAILABLE,NO_HISTORY,NO_PUBLIC_HISTORY,0,,,0,0.0,True,
KFUSb71,,Казахстанский фонд устойчивости,Казахстанский фонд устойчивости,bond,corporate,KZT,https://kase.kz/api/instruments/securities/?sec_type=bond,https://kase.kz/ru/investors/bonds/KFUSb71,True,PENDING,UNAVAILABLE,NO_HISTORY,NO_PUBLIC_HISTORY,0,,,0,0.0,True,
KFUSb72,,Казахстанский фонд устойчивости,Казахстанский фонд устойчивости,bond,corporate,KZT,https://kase.kz/api/instruments/securities/?sec_type=bond,https://kase.kz/ru/investors/bonds/KFUSb72,False,UNAVAILABLE,UNAVAILABLE,NO_CHART,INSTRUMENT_DELISTED,0,,,0,0.0,True,
KFUSb73,,Казахстанский фонд устойчивости,Казахстанский фонд устойчивости,bond,corporate,KZT,https://kase.kz/api/instruments/securities/?sec_type=bond,https://kase.kz/ru/investors/bonds/KFUSb73,True,PENDING,PARTIAL,DATA_READY,,1,2025-12-02T19:00:00,2025-12-02T19:00:00,1,0.4,True,
KFUSb74,,Казахстанский фонд устойчивости,Казахстанский фонд устойчивости,bond,corporate,KZT,https://kase.kz/api/instruments/securities/?sec_type=bond,https://kase.kz/ru/investors/bonds/KFUSb74,True,PENDING,UNAVAILABLE,NO_HISTORY,NO_PUBLIC_HISTORY,0,,,0,0.0,True,
KFUSb75,,Казахстанский фонд устойчивости,Казахстанский фонд устойчивости,bond,corporate,KZT,https://kase.kz/api/instruments/securities/?sec_type=bond,https://kase.kz/ru/investors/bonds/KFUSb75,True,PENDING,UNAVAILABLE,NO_HISTORY,NO_PUBLIC_HISTORY,0,,,0,0.0,True,
KFUSb76,,Казахстанский фонд устойчивости,Казахстанский фонд устойчивости,bond,corporate,KZT,https://kase.kz/api/instruments/securities/?sec_type=bond,https://kase.kz/ru/investors/bonds/KFUSb76,True,PENDING,UNAVAILABLE,NO_HISTORY,NO_PUBLIC_HISTORY,0,,,0,0.0,True,
KFUSb77,,Казахстанский фонд устойчивости,Казахстанский фонд устойчивости,bond,corporate,KZT,https://kase.kz/api/instruments/securities/?sec_type=bond,https://kase.kz/ru/investors/bonds/KFUSb77,False,UNAVAILABLE,UNAVAILABLE,NO_CHART,INSTRUMENT_DELISTED,0,,,0,0.0,True,
KFUSb78,,Казахстанский фонд устойчивости,Казахстанский фонд устойчивости,bond,corporate,KZT,https://kase.kz/api/instruments/securities/?sec_type=bond,https://kase.kz/ru/investors/bonds/KFUSb78,False,UNAVAILABLE,UNAVAILABLE,NO_CHART,INSTRUMENT_DELISTED,0,,,0,0.0,True,
KFUSb79,,Казахстанский фонд устойчивости,Казахстанский фонд устойчивости,bond,corporate,KZT,https://kase.kz/api/instruments/securities/?sec_type=bond,https://kase.kz/ru/investors/bonds/KFUSb79,False,UNAVAILABLE,UNAVAILABLE,NO_CHART,INSTRUMENT_DELISTED,0,,,0,0.0,True,
KFUSb8,,Казахстанский фонд устойчивости,Казахстанский фонд устойчивости,bond,corporate,KZT,https://kase.kz/api/instruments/securities/?sec_type=bond,https://kase.kz/ru/investors/bonds/KFUSb8,False,UNAVAILABLE,UNAVAILABLE,NO_CHART,INSTRUMENT_DELISTED,0,,,0,0.0,True,
KFUSb80,,Казахстанский фонд устойчивости,Казахстанский фонд устойчивости,bond,corporate,KZT,https://kase.kz/api/instruments/securities/?sec_type=bond,https://kase.kz/ru/investors/bonds/KFUSb80,True,PENDING,UNAVAILABLE,NO_HISTORY,NO_PUBLIC_HISTORY,0,,,0,0.0,True,
KFUSb81,,Казахстанский фонд устойчивости,Казахстанский фонд устойчивости,bond,corporate,KZT,https://kase.kz/api/instruments/securities/?sec_type=bond,https://kase.kz/ru/investors/bonds/KFUSb81,True,PENDING,UNAVAILABLE,NO_HISTORY,NO_PUBLIC_HISTORY,0,,,0,0.0,True,
KFUSb82,,Казахстанский фонд устойчивости,Казахстанский фонд устойчивости,bond,corporate,KZT,https://kase.kz/api/instruments/securities/?sec_type=bond,https://kase.kz/ru/investors/bonds/KFUSb82,False,UNAVAILABLE,UNAVAILABLE,NO_CHART,INSTRUMENT_DELISTED,0,,,0,0.0,True,
KFUSb83,,Казахстанский фонд устойчивости,Казахстанский фонд устойчивости,bond,corporate,KZT,https://kase.kz/api/instruments/securities/?sec_type=bond,https://kase.kz/ru/investors/bonds/KFUSb83,False,UNAVAILABLE,UNAVAILABLE,NO_CHART,INSTRUMENT_DELISTED,0,,,0,0.0,True,
KFUSb84,,Казахстанский фонд устойчивости,Казахстанский фонд устойчивости,bond,corporate,KZT,https://kase.kz/api/instruments/securities/?sec_type=bond,https://kase.kz/ru/investors/bonds/KFUSb84,False,UNAVAILABLE,UNAVAILABLE,NO_CHART,INSTRUMENT_DELISTED,0,,,0,0.0,True,
KFUSb85,,Казахстанский фонд устойчивости,Казахстанский фонд устойчивости,bond,corporate,KZT,https://kase.kz/api/instruments/securities/?sec_type=bond,https://kase.kz/ru/investors/bonds/KFUSb85,False,UNAVAILABLE,UNAVAILABLE,NO_CHART,INSTRUMENT_DELISTED,0,,,0,0.0,True,
KFUSb86,,Казахстанский фонд устойчивости,Казахстанский фонд устойчивости,bond,corporate,KZT,https://kase.kz/api/instruments/securities/?sec_type=bond,https://kase.kz/ru/investors/bonds/KFUSb86,False,UNAVAILABLE,UNAVAILABLE,NO_CHART,INSTRUMENT_DELISTED,0,,,0,0.0,True,
KFUSb87,,Казахстанский фонд устойчивости,Казахстанский фонд устойчивости,bond,corporate,KZT,https://kase.kz/api/instruments/securities/?sec_type=bond,https://kase.kz/ru/investors/bonds/KFUSb87,True,PENDING,UNAVAILABLE,NO_HISTORY,NO_PUBLIC_HISTORY,0,,,0,0.0,True,
KFUSb88,,Казахстанский фонд устойчивости,Казахстанский фонд устойчивости,bond,corporate,KZT,https://kase.kz/api/instruments/securities/?sec_type=bond,https://kase.kz/ru/investors/bonds/KFUSb88,True,PENDING,UNAVAILABLE,NO_HISTORY,NO_PUBLIC_HISTORY,0,,,0,0.0,True,
KFUSb89,,Казахстанский фонд устойчивости,Казахстанский фонд устойчивости,bond,corporate,KZT,https://kase.kz/api/instruments/securities/?sec_type=bond,https://kase.kz/ru/investors/bonds/KFUSb89,True,PENDING,UNAVAILABLE,NO_HISTORY,NO_PUBLIC_HISTORY,0,,,0,0.0,True,
KFUSb9,,Казахстанский фонд устойчивости,Казахстанский фонд устойчивости,bond,corporate,KZT,https://kase.kz/api/instruments/securities/?sec_type=bond,https://kase.kz/ru/investors/bonds/KFUSb9,False,UNAVAILABLE,UNAVAILABLE,NO_CHART,INSTRUMENT_DELISTED,0,,,0,0.0,True,
KFUSb90,,Казахстанский фонд устойчивости,Казахстанский фонд устойчивости,bond,corporate,KZT,https://kase.kz/api/instruments/securities/?sec_type=bond,https://kase.kz/ru/investors/bonds/KFUSb90,True,PENDING,PARTIAL,DATA_READY,,1,2026-08-02T19:00:00,2026-08-02T19:00:00,1,0.4,True,
KFUSb91,,Казахстанский фонд устойчивости,Казахстанский фонд устойчивости,bond,corporate,KZT,https://kase.kz/api/instruments/securities/?sec_type=bond,https://kase.kz/ru/investors/bonds/KFUSb91,True,PENDING,UNAVAILABLE,NO_HISTORY,NO_PUBLIC_HISTORY,0,,,0,0.0,True,
KFUSb92,,Казахстанский фонд устойчивости,Казахстанский фонд устойчивости,bond,corporate,KZT,https://kase.kz/api/instruments/securities/?sec_type=bond,https://kase.kz/ru/investors/bonds/KFUSb92,True,PENDING,PARTIAL,DATA_READY,,15,2025-11-13T19:00:00,2026-08-16T19:00:00,15,6.05,True,
KFUSb93,,Казахстанский фонд устойчивости,Казахстанский фонд устойчивости,bond,corporate,KZT,https://kase.kz/api/instruments/securities/?sec_type=bond,https://kase.kz/ru/investors/bonds/KFUSb93,True,PENDING,PARTIAL,DATA_READY,,2,2026-06-30T19:00:00,2026-08-18T19:00:00,2,0.81,True,
KFUSb94,,Казахстанский фонд устойчивости,Казахстанский фонд устойчивости,bond,corporate,KZT,https://kase.kz/api/instruments/securities/?sec_type=bond,https://kase.kz/ru/investors/bonds/KFUSb94,True,PENDING,UNAVAILABLE,NO_HISTORY,NO_PUBLIC_HISTORY,0,,,0,0.0,True,
KFUSb95,,Казахстанский фонд устойчивости,Казахстанский фонд устойчивости,bond,corporate,KZT,https://kase.kz/api/instruments/securities/?sec_type=bond,https://kase.kz/ru/investors/bonds/KFUSb95,True,PENDING,PARTIAL,DATA_READY,,1,2026-07-21T19:00:00,2026-07-21T19:00:00,1,0.4,True,
KFUSb96,,Казахстанский фонд устойчивости,Казахстанский фонд устойчивости,bond,corporate,KZT,https://kase.kz/api/instruments/securities/?sec_type=bond,https://kase.kz/ru/investors/bonds/KFUSb96,True,PENDING,UNAVAILABLE,NO_HISTORY,NO_PUBLIC_HISTORY,0,,,0,0.0,True,
KFUSb97,,Казахстанский фонд устойчивости,Казахстанский фонд устойчивости,bond,corporate,KZT,https://kase.kz/api/instruments/securities/?sec_type=bond,https://kase.kz/ru/investors/bonds/KFUSb97,True,PENDING,UNAVAILABLE,NO_HISTORY,NO_PUBLIC_HISTORY,0,,,0,0.0,True,
KFUSb98,,Казахстанский фонд устойчивости,Казахстанский фонд устойчивости,bond,corporate,KZT,https://kase.kz/api/instruments/securities/?sec_type=bond,https://kase.kz/ru/investors/bonds/KFUSb98,True,PENDING,UNAVAILABLE,NO_HISTORY,NO_PUBLIC_HISTORY,0,,,0,0.0,True,
KFUSb99,,Казахстанский фонд устойчивости,Казахстанский фонд устойчивости,bond,corporate,KZT,https://kase.kz/api/instruments/securities/?sec_type=bond,https://kase.kz/ru/investors/bonds/KFUSb99,True,PENDING,UNAVAILABLE,NO_HISTORY,NO_PUBLIC_HISTORY,0,,,0,0.0,True,
KIBNb1,,Казинвестбанк,Казинвестбанк,bond,corporate,KZT,https://kase.kz/api/instruments/securities/?sec_type=bond,https://kase.kz/ru/investors/bonds/KIBNb1,False,UNAVAILABLE,UNAVAILABLE,NO_CHART,INSTRUMENT_DELISTED,0,,,0,0.0,True,
KIBNb3,,Казинвестбанк,Казинвестбанк,bond,corporate,KZT,https://kase.kz/api/instruments/securities/?sec_type=bond,https://kase.kz/ru/investors/bonds/KIBNb3,False,UNAVAILABLE,UNAVAILABLE,NO_CHART,INSTRUMENT_DELISTED,0,,,0,0.0,True,
KIBNb4,,Казинвестбанк,Казинвестбанк,bond,corporate,KZT,https://kase.kz/api/instruments/securities/?sec_type=bond,https://kase.kz/ru/investors/bonds/KIBNb4,False,UNAVAILABLE,UNAVAILABLE,NO_CHART,INSTRUMENT_DELISTED,0,,,0,0.0,True,
KIBNb5,,Казинвестбанк,Казинвестбанк,bond,corporate,KZT,https://kase.kz/api/instruments/securities/?sec_type=bond,https://kase.kz/ru/investors/bonds/KIBNb5,False,UNAVAILABLE,UNAVAILABLE,NO_CHART,INSTRUMENT_DELISTED,0,,,0,0.0,True,
KIBNb6,,Казинвестбанк,Казинвестбанк,bond,corporate,KZT,https://kase.kz/api/instruments/securities/?sec_type=bond,https://kase.kz/ru/investors/bonds/KIBNb6,True,PENDING,UNAVAILABLE,NO_HISTORY,NO_PUBLIC_HISTORY,0,,,0,0.0,True,
KIBNb7,,Казинвестбанк,Казинвестбанк,bond,corporate,KZT,https://kase.kz/api/instruments/securities/?sec_type=bond,https://kase.kz/ru/investors/bonds/KIBNb7,True,PENDING,UNAVAILABLE,NO_HISTORY,NO_PUBLIC_HISTORY,0,,,0,0.0,True,
KIBNb8,,Казинвестбанк,Казинвестбанк,bond,corporate,KZT,https://kase.kz/api/instruments/securities/?sec_type=bond,https://kase.kz/ru/investors/bonds/KIBNb8,True,PENDING,UNAVAILABLE,NO_HISTORY,NO_PUBLIC_HISTORY,0,,,0,0.0,True,
KKAGb1,,KKAGb1,KKAGb1,bond,corporate,KZT,https://kase.kz/api/instruments/securities/?sec_type=bond,https://kase.kz/ru/investors/bonds/KKAGb1,False,UNAVAILABLE,UNAVAILABLE,NO_CHART,INSTRUMENT_DELISTED,0,,,0,0.0,True,
KKAGb2,,KKAGb2,KKAGb2,bond,corporate,KZT,https://kase.kz/api/instruments/securities/?sec_type=bond,https://kase.kz/ru/investors/bonds/KKAGb2,False,UNAVAILABLE,UNAVAILABLE,NO_CHART,INSTRUMENT_DELISTED,0,,,0,0.0,True,
KKAGb3,,KKAGb3,KKAGb3,bond,corporate,KZT,https://kase.kz/api/instruments/securities/?sec_type=bond,https://kase.kz/ru/investors/bonds/KKAGb3,True,PENDING,UNAVAILABLE,NO_HISTORY,NO_PUBLIC_HISTORY,0,,,0,0.0,True,
KKAGb4,,KKAGb4,KKAGb4,bond,corporate,KZT,https://kase.kz/api/instruments/securities/?sec_type=bond,https://kase.kz/ru/investors/bonds/KKAGb4,True,PENDING,UNAVAILABLE,NO_HISTORY,NO_PUBLIC_HISTORY,0,,,0,0.0,True,
KKGBb,,QAZKOM,QAZKOM,bond,corporate,USD,https://kase.kz/api/instruments/securities/?sec_type=bond,https://kase.kz/ru/investors/bonds/KKGBb,False,UNAVAILABLE,UNAVAILABLE,NO_CHART,INSTRUMENT_DELISTED,0,,,0,0.0,True,
KKGBb10,,Народный Банк Казахстана,Народный Банк Казахстана,bond,corporate,KZT,https://kase.kz/api/instruments/securities/?sec_type=bond,https://kase.kz/ru/investors/bonds/KKGBb10,False,UNAVAILABLE,UNAVAILABLE,NO_CHART,INSTRUMENT_DELISTED,0,,,0,0.0,True,
KKGBb11,,Народный Банк Казахстана,Народный Банк Казахстана,bond,corporate,KZT,https://kase.kz/api/instruments/securities/?sec_type=bond,https://kase.kz/ru/investors/bonds/KKGBb11,False,UNAVAILABLE,UNAVAILABLE,NO_CHART,INSTRUMENT_DELISTED,0,,,0,0.0,True,
KKGBb12,,Народный Банк Казахстана,Народный Банк Казахстана,bond,corporate,KZT,https://kase.kz/api/instruments/securities/?sec_type=bond,https://kase.kz/ru/investors/bonds/KKGBb12,True,PENDING,UNAVAILABLE,NO_HISTORY,NO_PUBLIC_HISTORY,0,,,0,0.0,True,
KKGBb13,,Народный Банк Казахстана,Народный Банк Казахстана,bond,corporate,KZT,https://kase.kz/api/instruments/securities/?sec_type=bond,https://kase.kz/ru/investors/bonds/KKGBb13,False,UNAVAILABLE,UNAVAILABLE,NO_CHART,INSTRUMENT_DELISTED,0,,,0,0.0,True,
KKGBb2,,QAZKOM,QAZKOM,bond,corporate,USD,https://kase.kz/api/instruments/securities/?sec_type=bond,https://kase.kz/ru/investors/bonds/KKGBb2,False,UNAVAILABLE,UNAVAILABLE,NO_CHART,INSTRUMENT_DELISTED,0,,,0,0.0,True,
KKGBb3,,QAZKOM,QAZKOM,bond,corporate,KZT,https://kase.kz/api/instruments/securities/?sec_type=bond,https://kase.kz/ru/investors/bonds/KKGBb3,False,UNAVAILABLE,UNAVAILABLE,NO_CHART,INSTRUMENT_DELISTED,0,,,0,0.0,True,
KKGBb4,,QAZKOM,QAZKOM,bond,corporate,KZT,https://kase.kz/api/instruments/securities/?sec_type=bond,https://kase.kz/ru/investors/bonds/KKGBb4,False,UNAVAILABLE,UNAVAILABLE,NO_CHART,INSTRUMENT_DELISTED,0,,,0,0.0,True,
KKGBb5,,QAZKOM,QAZKOM,bond,corporate,KZT,https://kase.kz/api/instruments/securities/?sec_type=bond,https://kase.kz/ru/investors/bonds/KKGBb5,False,UNAVAILABLE,UNAVAILABLE,NO_CHART,INSTRUMENT_DELISTED,0,,,0,0.0,True,
KKGBb6,,QAZKOM,QAZKOM,bond,corporate,KZT,https://kase.kz/api/instruments/securities/?sec_type=bond,https://kase.kz/ru/investors/bonds/KKGBb6,False,UNAVAILABLE,UNAVAILABLE,NO_CHART,INSTRUMENT_DELISTED,0,,,0,0.0,True,
KKGBb7,,Народный Банк Казахстана,Народный Банк Казахстана,bond,corporate,KZT,https://kase.kz/api/instruments/securities/?sec_type=bond,https://kase.kz/ru/investors/bonds/KKGBb7,False,UNAVAILABLE,UNAVAILABLE,NO_CHART,INSTRUMENT_DELISTED,0,,,0,0.0,True,
KKGBb8,,Народный Банк Казахстана,Народный Банк Казахстана,bond,corporate,KZT,https://kase.kz/api/instruments/securities/?sec_type=bond,https://kase.kz/ru/investors/bonds/KKGBb8,False,UNAVAILABLE,UNAVAILABLE,NO_CHART,INSTRUMENT_DELISTED,0,,,0,0.0,True,
KKGBb9,,QAZKOM,QAZKOM,bond,corporate,KZT,https://kase.kz/api/instruments/securities/?sec_type=bond,https://kase.kz/ru/investors/bonds/KKGBb9,False,UNAVAILABLE,UNAVAILABLE,NO_CHART,INSTRUMENT_DELISTED,0,,,0,0.0,True,
KKGBe1,,QAZKOM,QAZKOM,bond,corporate,USD,https://kase.kz/api/instruments/securities/?sec_type=bond,https://kase.kz/ru/investors/bonds/KKGBe1,False,UNAVAILABLE,UNAVAILABLE,NO_CHART,INSTRUMENT_DELISTED,0,,,0,0.0,True,
KKGBe15,,QAZKOM,QAZKOM,bond,corporate,USD,https://kase.kz/api/instruments/securities/?sec_type=bond,https://kase.kz/ru/investors/bonds/KKGBe15,False,UNAVAILABLE,UNAVAILABLE,NO_CHART,INSTRUMENT_DELISTED,0,,,0,0.0,True,
KKGBe16,,QAZKOM,QAZKOM,bond,corporate,GBP,https://kase.kz/api/instruments/securities/?sec_type=bond,https://kase.kz/ru/investors/bonds/KKGBe16,False,UNAVAILABLE,UNAVAILABLE,NO_CHART,INSTRUMENT_DELISTED,0,,,0,0.0,True,
KKGBe17,,QAZKOM,QAZKOM,bond,corporate,EUR,https://kase.kz/api/instruments/securities/?sec_type=bond,https://kase.kz/ru/investors/bonds/KKGBe17,False,UNAVAILABLE,UNAVAILABLE,NO_CHART,INSTRUMENT_DELISTED,0,,,0,0.0,True,
KKGBe18,,KKGBe18,KKGBe18,bond,corporate,JPY,https://kase.kz/api/instruments/securities/?sec_type=bond,https://kase.kz/ru/investors/bonds/KKGBe18,False,UNAVAILABLE,UNAVAILABLE,NO_CHART,INSTRUMENT_DELISTED,0,,,0,0.0,True,
KKGBe19,,QAZKOM,QAZKOM,bond,corporate,USD,https://kase.kz/api/instruments/securities/?sec_type=bond,https://kase.kz/ru/investors/bonds/KKGBe19,False,UNAVAILABLE,UNAVAILABLE,NO_CHART,INSTRUMENT_DELISTED,0,,,0,0.0,True,
KKGBe2,,QAZKOM,QAZKOM,bond,corporate,USD,https://kase.kz/api/instruments/securities/?sec_type=bond,https://kase.kz/ru/investors/bonds/KKGBe2,False,UNAVAILABLE,UNAVAILABLE,NO_CHART,INSTRUMENT_DELISTED,0,,,0,0.0,True,
KKGBe20,,QAZKOM,QAZKOM,bond,corporate,USD,https://kase.kz/api/instruments/securities/?sec_type=bond,https://kase.kz/ru/investors/bonds/KKGBe20,False,UNAVAILABLE,UNAVAILABLE,NO_CHART,INSTRUMENT_DELISTED,0,,,0,0.0,True,
KKGBe21,,QAZKOM,QAZKOM,bond,corporate,KZT,https://kase.kz/api/instruments/securities/?sec_type=bond,https://kase.kz/ru/investors/bonds/KKGBe21,False,UNAVAILABLE,UNAVAILABLE,NO_CHART,INSTRUMENT_DELISTED,0,,,0,0.0,True,
KKGBe22,,QAZKOM,QAZKOM,bond,corporate,KZT,https://kase.kz/api/instruments/securities/?sec_type=bond,https://kase.kz/ru/investors/bonds/KKGBe22,False,UNAVAILABLE,UNAVAILABLE,NO_CHART,INSTRUMENT_DELISTED,0,,,0,0.0,True,
KKGBe23,,QAZKOM,QAZKOM,bond,corporate,USD,https://kase.kz/api/instruments/securities/?sec_type=bond,https://kase.kz/ru/investors/bonds/KKGBe23,False,UNAVAILABLE,UNAVAILABLE,NO_CHART,INSTRUMENT_DELISTED,0,,,0,0.0,True,
KKGBe24,,QAZKOM,QAZKOM,bond,corporate,USD,https://kase.kz/api/instruments/securities/?sec_type=bond,https://kase.kz/ru/investors/bonds/KKGBe24,True,PENDING,UNAVAILABLE,NO_HISTORY,NO_PUBLIC_HISTORY,0,,,0,0.0,True,
KKGBe3,,KKGBe3,KKGBe3,bond,corporate,USD,https://kase.kz/api/instruments/securities/?sec_type=bond,https://kase.kz/ru/investors/bonds/KKGBe3,False,UNAVAILABLE,UNAVAILABLE,NO_CHART,INSTRUMENT_DELISTED,0,,,0,0.0,True,
KKGBe4,,QAZKOM,QAZKOM,bond,corporate,USD,https://kase.kz/api/instruments/securities/?sec_type=bond,https://kase.kz/ru/investors/bonds/KKGBe4,False,UNAVAILABLE,UNAVAILABLE,NO_CHART,INSTRUMENT_DELISTED,0,,,0,0.0,True,
KKGBe5,,QAZKOM,QAZKOM,bond,corporate,USD,https://kase.kz/api/instruments/securities/?sec_type=bond,https://kase.kz/ru/investors/bonds/KKGBe5,False,UNAVAILABLE,UNAVAILABLE,NO_CHART,INSTRUMENT_DELISTED,0,,,0,0.0,True,
KKGBe6,,KKGBe6,KKGBe6,bond,corporate,USD,https://kase.kz/api/instruments/securities/?sec_type=bond,https://kase.kz/ru/investors/bonds/KKGBe6,False,UNAVAILABLE,UNAVAILABLE,NO_CHART,INSTRUMENT_DELISTED,0,,,0,0.0,True,
KKGBe8,,QAZKOM,QAZKOM,bond,corporate,USD,https://kase.kz/api/instruments/securities/?sec_type=bond,https://kase.kz/ru/investors/bonds/KKGBe8,False,UNAVAILABLE,UNAVAILABLE,NO_CHART,INSTRUMENT_DELISTED,0,,,0,0.0,True,
KKGBe9,,QAZKOM,QAZKOM,bond,corporate,EUR,https://kase.kz/api/instruments/securities/?sec_type=bond,https://kase.kz/ru/investors/bonds/KKGBe9,False,UNAVAILABLE,UNAVAILABLE,NO_CHART,INSTRUMENT_DELISTED,0,,,0,0.0,True,
KKI_b1,,KKI_b1,KKI_b1,bond,corporate,KZT,https://kase.kz/api/instruments/securities/?sec_type=bond,https://kase.kz/ru/investors/bonds/KKI_b1,False,UNAVAILABLE,UNAVAILABLE,NO_CHART,INSTRUMENT_DELISTED,0,,,0,0.0,True,
KMGZb1,,"Национальная компания ""КазМунайГаз""","Национальная компания ""КазМунайГаз""",bond,corporate,KZT,https://kase.kz/api/instruments/securities/?sec_type=bond,https://kase.kz/ru/investors/bonds/KMGZb1,True,PENDING,UNAVAILABLE,NO_HISTORY,NO_PUBLIC_HISTORY,0,,,0,0.0,True,
KMGZb2,,"Национальная компания ""КазМунайГаз""","Национальная компания ""КазМунайГаз""",bond,corporate,KZT,https://kase.kz/api/instruments/securities/?sec_type=bond,https://kase.kz/ru/investors/bonds/KMGZb2,False,UNAVAILABLE,UNAVAILABLE,NO_CHART,INSTRUMENT_DELISTED,0,,,0,0.0,True,
KMGZb3,,"Национальная компания ""КазМунайГаз""","Национальная компания ""КазМунайГаз""",bond,corporate,KZT,https://kase.kz/api/instruments/securities/?sec_type=bond,https://kase.kz/ru/investors/bonds/KMGZb3,False,UNAVAILABLE,UNAVAILABLE,NO_CHART,INSTRUMENT_DELISTED,0,,,0,0.0,True,
KMGZb4,,"Национальная компания ""КазМунайГаз""","Национальная компания ""КазМунайГаз""",bond,corporate,KZT,https://kase.kz/api/instruments/securities/?sec_type=bond,https://kase.kz/ru/investors/bonds/KMGZb4,False,UNAVAILABLE,UNAVAILABLE,NO_CHART,INSTRUMENT_DELISTED,0,,,0,0.0,True,
KMGZe1,,"Национальная компания ""КазМунайГаз""","Национальная компания ""КазМунайГаз""",bond,corporate,USD,https://kase.kz/api/instruments/securities/?sec_type=bond,https://kase.kz/ru/investors/bonds/KMGZe1,False,UNAVAILABLE,UNAVAILABLE,NO_CHART,INSTRUMENT_DELISTED,0,,,0,0.0,True,
KMGZe10,,"Национальная компания ""КазМунайГаз""","Национальная компания ""КазМунайГаз""",bond,corporate,USD,https://kase.kz/api/instruments/securities/?sec_type=bond,https://kase.kz/ru/investors/bonds/KMGZe10,False,UNAVAILABLE,UNAVAILABLE,NO_CHART,INSTRUMENT_DELISTED,0,,,0,0.0,True,
KMGZe10_US,,"Национальная компания ""КазМунайГаз""","Национальная компания ""КазМунайГаз""",bond,corporate,USD,https://kase.kz/api/instruments/securities/?sec_type=bond,https://kase.kz/ru/investors/bonds/KMGZe10_US,False,UNAVAILABLE,UNAVAILABLE,NO_CHART,INSTRUMENT_DELISTED,0,,,0,0.0,True,
KMGZe10_USD,,"Национальная компания ""КазМунайГаз""","Национальная компания ""КазМунайГаз""",bond,corporate,USD,https://kase.kz/api/instruments/securities/?sec_type=bond,https://kase.kz/ru/investors/bonds/KMGZe10_USD,False,UNAVAILABLE,UNAVAILABLE,NO_CHART,INSTRUMENT_DELISTED,0,,,0,0.0,True,
KMGZe11,,"Национальная компания ""КазМунайГаз""","Национальная компания ""КазМунайГаз""",bond,corporate,USD,https://kase.kz/api/instruments/securities/?sec_type=bond,https://kase.kz/ru/investors/bonds/KMGZe11,True,PENDING,PARTIAL,DATA_READY,,13,2025-12-23T19:00:00,2026-08-27T19:00:00,13,5.24,True,
KMGZe11_US,,"Национальная компания ""КазМунайГаз""","Национальная компания ""КазМунайГаз""",bond,corporate,USD,https://kase.kz/api/instruments/securities/?sec_type=bond,https://kase.kz/ru/investors/bonds/KMGZe11_US,True,PENDING,UNAVAILABLE,NO_HISTORY,NO_PUBLIC_HISTORY,0,,,0,0.0,True,
KMGZe11_USD,,"Национальная компания ""КазМунайГаз""","Национальная компания ""КазМунайГаз""",bond,corporate,USD,https://kase.kz/api/instruments/securities/?sec_type=bond,https://kase.kz/ru/investors/bonds/KMGZe11_USD,True,PENDING,UNAVAILABLE,NO_HISTORY,NO_PUBLIC_HISTORY,0,,,0,0.0,True,
KMGZe12,,"Национальная компания ""КазМунайГаз""","Национальная компания ""КазМунайГаз""",bond,corporate,USD,https://kase.kz/api/instruments/securities/?sec_type=bond,https://kase.kz/ru/investors/bonds/KMGZe12,True,PENDING,PARTIAL,DATA_READY,,2,2025-11-17T19:00:00,2026-02-01T19:00:00,2,0.81,True,
KMGZe12_US,,"Национальная компания ""КазМунайГаз""","Национальная компания ""КазМунайГаз""",bond,corporate,USD,https://kase.kz/api/instruments/securities/?sec_type=bond,https://kase.kz/ru/investors/bonds/KMGZe12_US,True,PENDING,UNAVAILABLE,NO_HISTORY,NO_PUBLIC_HISTORY,0,,,0,0.0,True,
KMGZe12_USD,,"Национальная компания ""КазМунайГаз""","Национальная компания ""КазМунайГаз""",bond,corporate,USD,https://kase.kz/api/instruments/securities/?sec_type=bond,https://kase.kz/ru/investors/bonds/KMGZe12_USD,True,PENDING,UNAVAILABLE,NO_HISTORY,NO_PUBLIC_HISTORY,0,,,0,0.0,True,
KMGZe13,,"Национальная компания ""КазМунайГаз""","Национальная компания ""КазМунайГаз""",bond,corporate,USD,https://kase.kz/api/instruments/securities/?sec_type=bond,https://kase.kz/ru/investors/bonds/KMGZe13,False,UNAVAILABLE,UNAVAILABLE,NO_CHART,INSTRUMENT_DELISTED,0,,,0,0.0,True,
KMGZe13_US,,"Национальная компания ""КазМунайГаз""","Национальная компания ""КазМунайГаз""",bond,corporate,USD,https://kase.kz/api/instruments/securities/?sec_type=bond,https://kase.kz/ru/investors/bonds/KMGZe13_US,False,UNAVAILABLE,UNAVAILABLE,NO_CHART,INSTRUMENT_DELISTED,0,,,0,0.0,True,
KMGZe13_USD,,"Национальная компания ""КазМунайГаз""","Национальная компания ""КазМунайГаз""",bond,corporate,USD,https://kase.kz/api/instruments/securities/?sec_type=bond,https://kase.kz/ru/investors/bonds/KMGZe13_USD,False,UNAVAILABLE,UNAVAILABLE,NO_CHART,INSTRUMENT_DELISTED,0,,,0,0.0,True,
KMGZe14,,"Национальная компания ""КазМунайГаз""","Национальная компания ""КазМунайГаз""",bond,corporate,USD,https://kase.kz/api/instruments/securities/?sec_type=bond,https://kase.kz/ru/investors/bonds/KMGZe14,True,PENDING,PARTIAL,DATA_READY,,19,2025-09-14T19:00:00,2026-06-22T19:00:00,19,7.66,True,
KMGZe14_US,,"Национальная компания ""КазМунайГаз""","Национальная компания ""КазМунайГаз""",bond,corporate,USD,https://kase.kz/api/instruments/securities/?sec_type=bond,https://kase.kz/ru/investors/bonds/KMGZe14_US,True,PENDING,UNAVAILABLE,NO_HISTORY,NO_PUBLIC_HISTORY,0,,,0,0.0,True,
KMGZe14_USD,,"Национальная компания ""КазМунайГаз""","Национальная компания ""КазМунайГаз""",bond,corporate,USD,https://kase.kz/api/instruments/securities/?sec_type=bond,https://kase.kz/ru/investors/bonds/KMGZe14_USD,True,PENDING,UNAVAILABLE,NO_HISTORY,NO_PUBLIC_HISTORY,0,,,0,0.0,True,
KMGZe15,,"Национальная компания ""КазМунайГаз""","Национальная компания ""КазМунайГаз""",bond,corporate,USD,https://kase.kz/api/instruments/securities/?sec_type=bond,https://kase.kz/ru/investors/bonds/KMGZe15,True,PENDING,PARTIAL,DATA_READY,,9,2025-10-27T19:00:00,2026-07-28T19:00:00,9,3.63,True,
KMGZe15_US,,"Национальная компания ""КазМунайГаз""","Национальная компания ""КазМунайГаз""",bond,corporate,USD,https://kase.kz/api/instruments/securities/?sec_type=bond,https://kase.kz/ru/investors/bonds/KMGZe15_US,True,PENDING,UNAVAILABLE,NO_HISTORY,NO_PUBLIC_HISTORY,0,,,0,0.0,True,
KMGZe15_USD,,"Национальная компания ""КазМунайГаз""","Национальная компания ""КазМунайГаз""",bond,corporate,USD,https://kase.kz/api/instruments/securities/?sec_type=bond,https://kase.kz/ru/investors/bonds/KMGZe15_USD,True,PENDING,UNAVAILABLE,NO_HISTORY,NO_PUBLIC_HISTORY,0,,,0,0.0,True,
KMGZe16,,"Национальная компания ""КазМунайГаз""","Национальная компания ""КазМунайГаз""",bond,corporate,USD,https://kase.kz/api/instruments/securities/?sec_type=bond,https://kase.kz/ru/investors/bonds/KMGZe16,True,PENDING,PARTIAL,DATA_READY,,8,2025-10-13T19:00:00,2026-06-09T19:00:00,8,3.23,True,
KMGZe2,,"Национальная компания ""КазМунайГаз""","Национальная компания ""КазМунайГаз""",bond,corporate,USD,https://kase.kz/api/instruments/securities/?sec_type=bond,https://kase.kz/ru/investors/bonds/KMGZe2,False,UNAVAILABLE,UNAVAILABLE,NO_CHART,INSTRUMENT_DELISTED,0,,,0,0.0,True,
KMGZe3,,"Национальная компания ""КазМунайГаз""","Национальная компания ""КазМунайГаз""",bond,corporate,USD,https://kase.kz/api/instruments/securities/?sec_type=bond,https://kase.kz/ru/investors/bonds/KMGZe3,False,UNAVAILABLE,UNAVAILABLE,NO_CHART,INSTRUMENT_DELISTED,0,,,0,0.0,True,
KMGZe4,,"Национальная компания ""КазМунайГаз""","Национальная компания ""КазМунайГаз""",bond,corporate,USD,https://kase.kz/api/instruments/securities/?sec_type=bond,https://kase.kz/ru/investors/bonds/KMGZe4,False,UNAVAILABLE,UNAVAILABLE,NO_CHART,INSTRUMENT_DELISTED,0,,,0,0.0,True,
KMGZe5,,"Национальная компания ""КазМунайГаз""","Национальная компания ""КазМунайГаз""",bond,corporate,USD,https://kase.kz/api/instruments/securities/?sec_type=bond,https://kase.kz/ru/investors/bonds/KMGZe5,False,UNAVAILABLE,UNAVAILABLE,NO_CHART,INSTRUMENT_DELISTED,0,,,0,0.0,True,
KMGZe6,,"Национальная компания ""КазМунайГаз""","Национальная компания ""КазМунайГаз""",bond,corporate,USD,https://kase.kz/api/instruments/securities/?sec_type=bond,https://kase.kz/ru/investors/bonds/KMGZe6,False,UNAVAILABLE,UNAVAILABLE,NO_CHART,INSTRUMENT_DELISTED,0,,,0,0.0,True,
KMGZe6_US,,"Национальная компания ""КазМунайГаз""","Национальная компания ""КазМунайГаз""",bond,corporate,USD,https://kase.kz/api/instruments/securities/?sec_type=bond,https://kase.kz/ru/investors/bonds/KMGZe6_US,False,UNAVAILABLE,UNAVAILABLE,NO_CHART,INSTRUMENT_DELISTED,0,,,0,0.0,True,
KMGZe6_USD,,"Национальная компания ""КазМунайГаз""","Национальная компания ""КазМунайГаз""",bond,corporate,USD,https://kase.kz/api/instruments/securities/?sec_type=bond,https://kase.kz/ru/investors/bonds/KMGZe6_USD,False,UNAVAILABLE,UNAVAILABLE,NO_CHART,INSTRUMENT_DELISTED,0,,,0,0.0,True,
KMGZe7,,"Национальная компания ""КазМунайГаз""","Национальная компания ""КазМунайГаз""",bond,corporate,USD,https://kase.kz/api/instruments/securities/?sec_type=bond,https://kase.kz/ru/investors/bonds/KMGZe7,True,PENDING,UNAVAILABLE,NO_HISTORY,NO_PUBLIC_HISTORY,0,,,0,0.0,True,
KMGZe8,,"Национальная компания ""КазМунайГаз""","Национальная компания ""КазМунайГаз""",bond,corporate,USD,https://kase.kz/api/instruments/securities/?sec_type=bond,https://kase.kz/ru/investors/bonds/KMGZe8,False,UNAVAILABLE,UNAVAILABLE,NO_CHART,INSTRUMENT_DELISTED,0,,,0,0.0,True,
KMGZe9,,"Национальная компания ""КазМунайГаз""","Национальная компания ""КазМунайГаз""",bond,corporate,USD,https://kase.kz/api/instruments/securities/?sec_type=bond,https://kase.kz/ru/investors/bonds/KMGZe9,True,PENDING,UNAVAILABLE,NO_HISTORY,NO_PUBLIC_HISTORY,0,,,0,0.0,True,
KMGZe9_USD,,"Национальная компания ""КазМунайГаз""","Национальная компания ""КазМунайГаз""",bond,corporate,USD,https://kase.kz/api/instruments/securities/?sec_type=bond,https://kase.kz/ru/investors/bonds/KMGZe9_USD,True,PENDING,UNAVAILABLE,NO_HISTORY,NO_PUBLIC_HISTORY,0,,,0,0.0,True,
KMGZpp1,,"Национальная компания ""КазМунайГаз""","Национальная компания ""КазМунайГаз""",bond,corporate,KZT,https://kase.kz/api/instruments/securities/?sec_type=bond,https://kase.kz/ru/investors/bonds/KMGZpp1,True,PENDING,UNAVAILABLE,NO_HISTORY,NO_PUBLIC_HISTORY,0,,,0,0.0,True,
KMGZpp2,,"Национальная компания ""КазМунайГаз""","Национальная компания ""КазМунайГаз""",bond,corporate,KZT,https://kase.kz/api/instruments/securities/?sec_type=bond,https://kase.kz/ru/investors/bonds/KMGZpp2,True,PENDING,UNAVAILABLE,NO_HISTORY,NO_PUBLIC_HISTORY,0,,,0,0.0,True,
KMGZpp3,,"Национальная компания ""КазМунайГаз""","Национальная компания ""КазМунайГаз""",bond,corporate,KZT,https://kase.kz/api/instruments/securities/?sec_type=bond,https://kase.kz/ru/investors/bonds/KMGZpp3,True,PENDING,UNAVAILABLE,NO_HISTORY,NO_PUBLIC_HISTORY,0,,,0,0.0,True,
KMSBb1,,KMSBb1,KMSBb1,bond,corporate,KZT,https://kase.kz/api/instruments/securities/?sec_type=bond,https://kase.kz/ru/investors/bonds/KMSBb1,False,UNAVAILABLE,UNAVAILABLE,NO_CHART,INSTRUMENT_DELISTED,0,,,0,0.0,True,
KOMBb,,KOMBb,KOMBb,bond,corporate,USD,https://kase.kz/api/instruments/securities/?sec_type=bond,https://kase.kz/ru/investors/bonds/KOMBb,False,UNAVAILABLE,UNAVAILABLE,NO_CHART,INSTRUMENT_DELISTED,0,,,0,0.0,True,
KONDb1,,KONDb1,KONDb1,bond,corporate,KZT,https://kase.kz/api/instruments/securities/?sec_type=bond,https://kase.kz/ru/investors/bonds/KONDb1,False,UNAVAILABLE,UNAVAILABLE,NO_CHART,INSTRUMENT_DELISTED,0,,,0,0.0,True,
KONDb2,,KONDb2,KONDb2,bond,corporate,KZT,https://kase.kz/api/instruments/securities/?sec_type=bond,https://kase.kz/ru/investors/bonds/KONDb2,False,UNAVAILABLE,UNAVAILABLE,NO_CHART,INSTRUMENT_DELISTED,0,,,0,0.0,True,
KRPLpp1,,"KARAT PLAZA (""КАРАТ ПЛАЗА"")","KARAT PLAZA (""КАРАТ ПЛАЗА"")",bond,corporate,KZT,https://kase.kz/api/instruments/securities/?sec_type=bond,https://kase.kz/ru/investors/bonds/KRPLpp1,True,PENDING,UNAVAILABLE,NO_HISTORY,NO_PUBLIC_HISTORY,0,,,0,0.0,True,
KRZHb1,,KRZHb1,KRZHb1,bond,corporate,KZT,https://kase.kz/api/instruments/securities/?sec_type=bond,https://kase.kz/ru/investors/bonds/KRZHb1,False,UNAVAILABLE,UNAVAILABLE,NO_CHART,INSTRUMENT_DELISTED,0,,,0,0.0,True,
KSBNb1,,Фридом Банк Казахстан,Фридом Банк Казахстан,bond,corporate,KZT,https://kase.kz/api/instruments/securities/?sec_type=bond,https://kase.kz/ru/investors/bonds/KSBNb1,False,UNAVAILABLE,UNAVAILABLE,NO_CHART,INSTRUMENT_DELISTED,0,,,0,0.0,True,
KSM2b1,,KSM2b1,KSM2b1,bond,corporate,KZT,https://kase.kz/api/instruments/securities/?sec_type=bond,https://kase.kz/ru/investors/bonds/KSM2b1,False,UNAVAILABLE,UNAVAILABLE,NO_CHART,INSTRUMENT_DELISTED,0,,,0,0.0,True,
KSMKb1,,KSMKb1,KSMKb1,bond,corporate,KZT,https://kase.kz/api/instruments/securities/?sec_type=bond,https://kase.kz/ru/investors/bonds/KSMKb1,False,UNAVAILABLE,UNAVAILABLE,NO_CHART,INSTRUMENT_DELISTED,0,,,0,0.0,True,
KSMKb2,,KSMKb2,KSMKb2,bond,corporate,KZT,https://kase.kz/api/instruments/securities/?sec_type=bond,https://kase.kz/ru/investors/bonds/KSMKb2,False,UNAVAILABLE,UNAVAILABLE,NO_CHART,INSTRUMENT_DELISTED,0,,,0,0.0,True,
KSYSb1,,Коммунальные системы,Коммунальные системы,bond,corporate,KZT,https://kase.kz/api/instruments/securities/?sec_type=bond,https://kase.kz/ru/investors/bonds/KSYSb1,False,UNAVAILABLE,UNAVAILABLE,NO_CHART,INSTRUMENT_DELISTED,0,,,0,0.0,True,
KSYSb2,,Коммунальные системы,Коммунальные системы,bond,corporate,KZT,https://kase.kz/api/instruments/securities/?sec_type=bond,https://kase.kz/ru/investors/bonds/KSYSb2,True,PENDING,UNAVAILABLE,NO_HISTORY,NO_PUBLIC_HISTORY,0,,,0,0.0,True,
KSYSb3,,Коммунальные системы,Коммунальные системы,bond,corporate,KZT,https://kase.kz/api/instruments/securities/?sec_type=bond,https://kase.kz/ru/investors/bonds/KSYSb3,True,PENDING,UNAVAILABLE,NO_HISTORY,NO_PUBLIC_HISTORY,0,,,0,0.0,True,
KTGAb1,,QAZAQGAZ AIMAQ,QAZAQGAZ AIMAQ,bond,corporate,KZT,https://kase.kz/api/instruments/securities/?sec_type=bond,https://kase.kz/ru/investors/bonds/KTGAb1,False,UNAVAILABLE,UNAVAILABLE,NO_CHART,INSTRUMENT_DELISTED,0,,,0,0.0,True,
KTGAb2,,QAZAQGAZ AIMAQ,QAZAQGAZ AIMAQ,bond,corporate,KZT,https://kase.kz/api/instruments/securities/?sec_type=bond,https://kase.kz/ru/investors/bonds/KTGAb2,False,UNAVAILABLE,UNAVAILABLE,NO_CHART,INSTRUMENT_DELISTED,0,,,0,0.0,True,
KTGAe1,,QAZAQGAZ AIMAQ,QAZAQGAZ AIMAQ,bond,corporate,KZT,https://kase.kz/api/instruments/securities/?sec_type=bond,https://kase.kz/ru/investors/bonds/KTGAe1,False,UNAVAILABLE,UNAVAILABLE,NO_CHART,INSTRUMENT_DELISTED,0,,,0,0.0,True,
KZAGb1,,КазАгро,КазАгро,bond,corporate,KZT,https://kase.kz/api/instruments/securities/?sec_type=bond,https://kase.kz/ru/investors/bonds/KZAGb1,False,UNAVAILABLE,UNAVAILABLE,NO_CHART,INSTRUMENT_DELISTED,0,,,0,0.0,True,
KZAGb2,,"Национальный инвестиционный холдинг ""Байтерек""","Национальный инвестиционный холдинг ""Байтерек""",bond,corporate,KZT,https://kase.kz/api/instruments/securities/?sec_type=bond,https://kase.kz/ru/investors/bonds/KZAGb2,False,UNAVAILABLE,UNAVAILABLE,NO_CHART,INSTRUMENT_DELISTED,0,,,0,0.0,True,
KZAGb3,,"Национальный инвестиционный холдинг ""Байтерек""","Национальный инвестиционный холдинг ""Байтерек""",bond,corporate,KZT,https://kase.kz/api/instruments/securities/?sec_type=bond,https://kase.kz/ru/investors/bonds/KZAGb3,False,UNAVAILABLE,UNAVAILABLE,NO_CHART,INSTRUMENT_DELISTED,0,,,0,0.0,True,
KZAGb4,,"Национальный инвестиционный холдинг ""Байтерек""","Национальный инвестиционный холдинг ""Байтерек""",bond,corporate,KZT,https://kase.kz/api/instruments/securities/?sec_type=bond,https://kase.kz/ru/investors/bonds/KZAGb4,True,PENDING,UNAVAILABLE,NO_HISTORY,NO_PUBLIC_HISTORY,0,,,0,0.0,True,
KZAGb5,,"Национальный инвестиционный холдинг ""Байтерек""","Национальный инвестиционный холдинг ""Байтерек""",bond,corporate,KZT,https://kase.kz/api/instruments/securities/?sec_type=bond,https://kase.kz/ru/investors/bonds/KZAGb5,True,PENDING,UNAVAILABLE,NO_HISTORY,NO_PUBLIC_HISTORY,0,,,0,0.0,True,
KZAGb6,,"Национальный инвестиционный холдинг ""Байтерек""","Национальный инвестиционный холдинг ""Байтерек""",bond,corporate,KZT,https://kase.kz/api/instruments/securities/?sec_type=bond,https://kase.kz/ru/investors/bonds/KZAGb6,True,PENDING,UNAVAILABLE,NO_HISTORY,NO_PUBLIC_HISTORY,0,,,0,0.0,True,
KZAGb7,,"Национальный инвестиционный холдинг ""Байтерек""","Национальный инвестиционный холдинг ""Байтерек""",bond,corporate,KZT,https://kase.kz/api/instruments/securities/?sec_type=bond,https://kase.kz/ru/investors/bonds/KZAGb7,True,PENDING,UNAVAILABLE,NO_HISTORY,NO_PUBLIC_HISTORY,0,,,0,0.0,True,
KZAGe1,,КазАгро,КазАгро,bond,corporate,USD,https://kase.kz/api/instruments/securities/?sec_type=bond,https://kase.kz/ru/investors/bonds/KZAGe1,False,UNAVAILABLE,UNAVAILABLE,NO_CHART,INSTRUMENT_DELISTED,0,,,0,0.0,True,
KZAGe1_USD,,КазАгро,КазАгро,bond,corporate,USD,https://kase.kz/api/instruments/securities/?sec_type=bond,https://kase.kz/ru/investors/bonds/KZAGe1_USD,False,UNAVAILABLE,UNAVAILABLE,NO_CHART,INSTRUMENT_DELISTED,0,,,0,0.0,True,
KZAGe2,,КазАгро,КазАгро,bond,corporate,EUR,https://kase.kz/api/instruments/securities/?sec_type=bond,https://kase.kz/ru/investors/bonds/KZAGe2,False,UNAVAILABLE,UNAVAILABLE,NO_CHART,INSTRUMENT_DELISTED,0,,,0,0.0,True,
KZALb1,,ГМК КАЗАХАЛТЫН,ГМК КАЗАХАЛТЫН,bond,corporate,USD,https://kase.kz/api/instruments/securities/?sec_type=bond,https://kase.kz/ru/investors/bonds/KZALb1,False,UNAVAILABLE,UNAVAILABLE,NO_CHART,INSTRUMENT_DELISTED,0,,,0,0.0,True,
KZAPb1,,"Национальная атомная компания ""Казатомпром""","Национальная атомная компания ""Казатомпром""",bond,corporate,USD,https://kase.kz/api/instruments/securities/?sec_type=bond,https://kase.kz/ru/investors/bonds/KZAPb1,False,UNAVAILABLE,UNAVAILABLE,NO_CHART,INSTRUMENT_DELISTED,0,,,0,0.0,True,
KZAPb2,,"Национальная атомная компания ""Казатомпром""","Национальная атомная компания ""Казатомпром""",bond,corporate,KZT,https://kase.kz/api/instruments/securities/?sec_type=bond,https://kase.kz/ru/investors/bonds/KZAPb2,False,UNAVAILABLE,UNAVAILABLE,NO_CHART,INSTRUMENT_DELISTED,0,,,0,0.0,True,
KZAPb3,,"Национальная атомная компания ""Казатомпром""","Национальная атомная компания ""Казатомпром""",bond,corporate,USD,https://kase.kz/api/instruments/securities/?sec_type=bond,https://kase.kz/ru/investors/bonds/KZAPb3,False,UNAVAILABLE,UNAVAILABLE,NO_CHART,INSTRUMENT_DELISTED,0,,,0,0.0,True,
KZAPe1,,"Национальная атомная компания ""Казатомпром""","Национальная атомная компания ""Казатомпром""",bond,corporate,USD,https://kase.kz/api/instruments/securities/?sec_type=bond,https://kase.kz/ru/investors/bonds/KZAPe1,False,UNAVAILABLE,UNAVAILABLE,NO_CHART,INSTRUMENT_DELISTED,0,,,0,0.0,True,
KZASb1,,KZASb1,KZASb1,bond,corporate,USD,https://kase.kz/api/instruments/securities/?sec_type=bond,https://kase.kz/ru/investors/bonds/KZASb1,False,UNAVAILABLE,UNAVAILABLE,NO_CHART,INSTRUMENT_DELISTED,0,,,0,0.0,True,
KZASb2,,KZASb2,KZASb2,bond,corporate,KZT,https://kase.kz/api/instruments/securities/?sec_type=bond,https://kase.kz/ru/investors/bonds/KZASb2,False,UNAVAILABLE,UNAVAILABLE,NO_CHART,INSTRUMENT_DELISTED,0,,,0,0.0,True,
KZCRb1,,"Транснациональная компания ""Казхром""","Транснациональная компания ""Казхром""",bond,corporate,KZT,https://kase.kz/api/instruments/securities/?sec_type=bond,https://kase.kz/ru/investors/bonds/KZCRb1,False,UNAVAILABLE,UNAVAILABLE,NO_CHART,INSTRUMENT_DELISTED,0,,,0,0.0,True,
KZCRpp1,,"Транснациональная компания ""Казхром""","Транснациональная компания ""Казхром""",bond,corporate,KZT,https://kase.kz/api/instruments/securities/?sec_type=bond,https://kase.kz/ru/investors/bonds/KZCRpp1,True,PENDING,UNAVAILABLE,NO_HISTORY,NO_PUBLIC_HISTORY,0,,,0,0.0,True,
KZDKb1,,KZDKb1,KZDKb1,bond,corporate,KZT,https://kase.kz/api/instruments/securities/?sec_type=bond,https://kase.kz/ru/investors/bonds/KZDKb1,False,UNAVAILABLE,UNAVAILABLE,NO_CHART,INSTRUMENT_DELISTED,0,,,0,0.0,True,
KZENb1,,"Национальная компания ""Казахстан инжиниринг","Национальная компания ""Казахстан инжиниринг",bond,corporate,KZT,https://kase.kz/api/instruments/securities/?sec_type=bond,https://kase.kz/ru/investors/bonds/KZENb1,False,UNAVAILABLE,UNAVAILABLE,NO_CHART,INSTRUMENT_DELISTED,0,,,0,0.0,True,
KZENb2,,"Национальная компания ""Казахстан инжиниринг","Национальная компания ""Казахстан инжиниринг",bond,corporate,KZT,https://kase.kz/api/instruments/securities/?sec_type=bond,https://kase.kz/ru/investors/bonds/KZENb2,True,PENDING,UNAVAILABLE,NO_HISTORY,NO_PUBLIC_HISTORY,0,,,0,0.0,True,
KZENe1,,"Национальная компания ""Казахстан инжиниринг","Национальная компания ""Казахстан инжиниринг",bond,corporate,USD,https://kase.kz/api/instruments/securities/?sec_type=bond,https://kase.kz/ru/investors/bonds/KZENe1,False,UNAVAILABLE,UNAVAILABLE,NO_CHART,INSTRUMENT_DELISTED,0,,,0,0.0,True,
KZHRb1,,Каражыра,Каражыра,bond,corporate,KZT,https://kase.kz/api/instruments/securities/?sec_type=bond,https://kase.kz/ru/investors/bonds/KZHRb1,True,PENDING,UNAVAILABLE,NO_HISTORY,NO_PUBLIC_HISTORY,0,,,0,0.0,True,
KZIKb1,,Казахстанская Жилищная Компания,Казахстанская Жилищная Компания,bond,corporate,KZT,https://kase.kz/api/instruments/securities/?sec_type=bond,https://kase.kz/ru/investors/bonds/KZIKb1,False,UNAVAILABLE,UNAVAILABLE,NO_CHART,INSTRUMENT_DELISTED,0,,,0,0.0,True,
KZIKb10,,Казахстанская Жилищная Компания,Казахстанская Жилищная Компания,bond,corporate,KZT,https://kase.kz/api/instruments/securities/?sec_type=bond,https://kase.kz/ru/investors/bonds/KZIKb10,False,UNAVAILABLE,UNAVAILABLE,NO_CHART,INSTRUMENT_DELISTED,0,,,0,0.0,True,
KZIKb11,,Казахстанская Жилищная Компания,Казахстанская Жилищная Компания,bond,corporate,KZT,https://kase.kz/api/instruments/securities/?sec_type=bond,https://kase.kz/ru/investors/bonds/KZIKb11,False,UNAVAILABLE,UNAVAILABLE,NO_CHART,INSTRUMENT_DELISTED,0,,,0,0.0,True,
KZIKb12,,Казахстанская Жилищная Компания,Казахстанская Жилищная Компания,bond,corporate,KZT,https://kase.kz/api/instruments/securities/?sec_type=bond,https://kase.kz/ru/investors/bonds/KZIKb12,False,UNAVAILABLE,UNAVAILABLE,NO_CHART,INSTRUMENT_DELISTED,0,,,0,0.0,True,
KZIKb13,,Казахстанская Жилищная Компания,Казахстанская Жилищная Компания,bond,corporate,KZT,https://kase.kz/api/instruments/securities/?sec_type=bond,https://kase.kz/ru/investors/bonds/KZIKb13,False,UNAVAILABLE,UNAVAILABLE,NO_CHART,INSTRUMENT_DELISTED,0,,,0,0.0,True,
KZIKb14,,Казахстанская Жилищная Компания,Казахстанская Жилищная Компания,bond,corporate,KZT,https://kase.kz/api/instruments/securities/?sec_type=bond,https://kase.kz/ru/investors/bonds/KZIKb14,False,UNAVAILABLE,UNAVAILABLE,NO_CHART,INSTRUMENT_DELISTED,0,,,0,0.0,True,
KZIKb15,,Казахстанская Жилищная Компания,Казахстанская Жилищная Компания,bond,corporate,KZT,https://kase.kz/api/instruments/securities/?sec_type=bond,https://kase.kz/ru/investors/bonds/KZIKb15,False,UNAVAILABLE,UNAVAILABLE,NO_CHART,INSTRUMENT_DELISTED,0,,,0,0.0,True,
KZIKb16,,Казахстанская Жилищная Компания,Казахстанская Жилищная Компания,bond,corporate,KZT,https://kase.kz/api/instruments/securities/?sec_type=bond,https://kase.kz/ru/investors/bonds/KZIKb16,False,UNAVAILABLE,UNAVAILABLE,NO_CHART,INSTRUMENT_DELISTED,0,,,0,0.0,True,
KZIKb17,,Казахстанская Жилищная Компания,Казахстанская Жилищная Компания,bond,corporate,KZT,https://kase.kz/api/instruments/securities/?sec_type=bond,https://kase.kz/ru/investors/bonds/KZIKb17,False,UNAVAILABLE,UNAVAILABLE,NO_CHART,INSTRUMENT_DELISTED,0,,,0,0.0,True,
KZIKb18,,Казахстанская Жилищная Компания,Казахстанская Жилищная Компания,bond,corporate,KZT,https://kase.kz/api/instruments/securities/?sec_type=bond,https://kase.kz/ru/investors/bonds/KZIKb18,False,UNAVAILABLE,UNAVAILABLE,NO_CHART,INSTRUMENT_DELISTED,0,,,0,0.0,True,
KZIKb19,,Казахстанская Жилищная Компания,Казахстанская Жилищная Компания,bond,corporate,KZT,https://kase.kz/api/instruments/securities/?sec_type=bond,https://kase.kz/ru/investors/bonds/KZIKb19,False,UNAVAILABLE,UNAVAILABLE,NO_CHART,INSTRUMENT_DELISTED,0,,,0,0.0,True,
KZIKb2,,Казахстанская Жилищная Компания,Казахстанская Жилищная Компания,bond,corporate,KZT,https://kase.kz/api/instruments/securities/?sec_type=bond,https://kase.kz/ru/investors/bonds/KZIKb2,False,UNAVAILABLE,UNAVAILABLE,NO_CHART,INSTRUMENT_DELISTED,0,,,0,0.0,True,
KZIKb20,,Казахстанская Жилищная Компания,Казахстанская Жилищная Компания,bond,corporate,KZT,https://kase.kz/api/instruments/securities/?sec_type=bond,https://kase.kz/ru/investors/bonds/KZIKb20,False,UNAVAILABLE,UNAVAILABLE,NO_CHART,INSTRUMENT_DELISTED,0,,,0,0.0,True,
KZIKb21,,Казахстанская Жилищная Компания,Казахстанская Жилищная Компания,bond,corporate,KZT,https://kase.kz/api/instruments/securities/?sec_type=bond,https://kase.kz/ru/investors/bonds/KZIKb21,False,UNAVAILABLE,UNAVAILABLE,NO_CHART,INSTRUMENT_DELISTED,0,,,0,0.0,True,
KZIKb22,,Казахстанская Жилищная Компания,Казахстанская Жилищная Компания,bond,corporate,KZT,https://kase.kz/api/instruments/securities/?sec_type=bond,https://kase.kz/ru/investors/bonds/KZIKb22,False,UNAVAILABLE,UNAVAILABLE,NO_CHART,INSTRUMENT_DELISTED,0,,,0,0.0,True,
KZIKb23,,Казахстанская Жилищная Компания,Казахстанская Жилищная Компания,bond,corporate,KZT,https://kase.kz/api/instruments/securities/?sec_type=bond,https://kase.kz/ru/investors/bonds/KZIKb23,False,UNAVAILABLE,UNAVAILABLE,NO_CHART,INSTRUMENT_DELISTED,0,,,0,0.0,True,
KZIKb24,,Казахстанская Жилищная Компания,Казахстанская Жилищная Компания,bond,corporate,KZT,https://kase.kz/api/instruments/securities/?sec_type=bond,https://kase.kz/ru/investors/bonds/KZIKb24,False,UNAVAILABLE,UNAVAILABLE,NO_CHART,INSTRUMENT_DELISTED,0,,,0,0.0,True,
KZIKb25,,Казахстанская Жилищная Компания,Казахстанская Жилищная Компания,bond,corporate,KZT,https://kase.kz/api/instruments/securities/?sec_type=bond,https://kase.kz/ru/investors/bonds/KZIKb25,False,UNAVAILABLE,UNAVAILABLE,NO_CHART,INSTRUMENT_DELISTED,0,,,0,0.0,True,
KZIKb26,,Казахстанская Жилищная Компания,Казахстанская Жилищная Компания,bond,corporate,KZT,https://kase.kz/api/instruments/securities/?sec_type=bond,https://kase.kz/ru/investors/bonds/KZIKb26,False,UNAVAILABLE,UNAVAILABLE,NO_CHART,INSTRUMENT_DELISTED,0,,,0,0.0,True,
KZIKb27,,Казахстанская Жилищная Компания,Казахстанская Жилищная Компания,bond,corporate,KZT,https://kase.kz/api/instruments/securities/?sec_type=bond,https://kase.kz/ru/investors/bonds/KZIKb27,True,PENDING,PARTIAL,DATA_READY,,180,2025-08-27T19:00:00,2026-08-27T19:00:00,180,72.58,True,
KZIKb28,,Казахстанская Жилищная Компания,Казахстанская Жилищная Компания,bond,corporate,KZT,https://kase.kz/api/instruments/securities/?sec_type=bond,https://kase.kz/ru/investors/bonds/KZIKb28,True,PENDING,UNAVAILABLE,NO_HISTORY,NO_PUBLIC_HISTORY,0,,,0,0.0,True,
KZIKb29,,Казахстанская Жилищная Компания,Казахстанская Жилищная Компания,bond,corporate,KZT,https://kase.kz/api/instruments/securities/?sec_type=bond,https://kase.kz/ru/investors/bonds/KZIKb29,True,PENDING,UNAVAILABLE,NO_HISTORY,NO_PUBLIC_HISTORY,0,,,0,0.0,True,
KZIKb3,,Казахстанская Жилищная Компания,Казахстанская Жилищная Компания,bond,corporate,KZT,https://kase.kz/api/instruments/securities/?sec_type=bond,https://kase.kz/ru/investors/bonds/KZIKb3,False,UNAVAILABLE,UNAVAILABLE,NO_CHART,INSTRUMENT_DELISTED,0,,,0,0.0,True,
KZIKb30,,Казахстанская Жилищная Компания,Казахстанская Жилищная Компания,bond,corporate,KZT,https://kase.kz/api/instruments/securities/?sec_type=bond,https://kase.kz/ru/investors/bonds/KZIKb30,False,UNAVAILABLE,UNAVAILABLE,NO_CHART,INSTRUMENT_DELISTED,0,,,0,0.0,True,
KZIKb31,,Казахстанская Жилищная Компания,Казахстанская Жилищная Компания,bond,corporate,KZT,https://kase.kz/api/instruments/securities/?sec_type=bond,https://kase.kz/ru/investors/bonds/KZIKb31,True,PENDING,UNAVAILABLE,NO_HISTORY,NO_PUBLIC_HISTORY,0,,,0,0.0,True,
KZIKb32,,Казахстанская Жилищная Компания,Казахстанская Жилищная Компания,bond,corporate,KZT,https://kase.kz/api/instruments/securities/?sec_type=bond,https://kase.kz/ru/investors/bonds/KZIKb32,True,PENDING,UNAVAILABLE,NO_HISTORY,NO_PUBLIC_HISTORY,0,,,0,0.0,True,
KZIKb33,,Казахстанская Жилищная Компания,Казахстанская Жилищная Компания,bond,corporate,KZT,https://kase.kz/api/instruments/securities/?sec_type=bond,https://kase.kz/ru/investors/bonds/KZIKb33,True,PENDING,UNAVAILABLE,NO_HISTORY,NO_PUBLIC_HISTORY,0,,,0,0.0,True,
KZIKb34,,Казахстанская Жилищная Компания,Казахстанская Жилищная Компания,bond,corporate,KZT,https://kase.kz/api/instruments/securities/?sec_type=bond,https://kase.kz/ru/investors/bonds/KZIKb34,True,PENDING,UNAVAILABLE,NO_HISTORY,NO_PUBLIC_HISTORY,0,,,0,0.0,True,
KZIKb35,,Казахстанская Жилищная Компания,Казахстанская Жилищная Компания,bond,corporate,KZT,https://kase.kz/api/instruments/securities/?sec_type=bond,https://kase.kz/ru/investors/bonds/KZIKb35,True,PENDING,UNAVAILABLE,NO_HISTORY,NO_PUBLIC_HISTORY,0,,,0,0.0,True,
KZIKb36,,Казахстанская Жилищная Компания,Казахстанская Жилищная Компания,bond,corporate,KZT,https://kase.kz/api/instruments/securities/?sec_type=bond,https://kase.kz/ru/investors/bonds/KZIKb36,True,PENDING,UNAVAILABLE,NO_HISTORY,NO_PUBLIC_HISTORY,0,,,0,0.0,True,
KZIKb37,,Казахстанская Жилищная Компания,Казахстанская Жилищная Компания,bond,corporate,KZT,https://kase.kz/api/instruments/securities/?sec_type=bond,https://kase.kz/ru/investors/bonds/KZIKb37,True,PENDING,UNAVAILABLE,NO_HISTORY,NO_PUBLIC_HISTORY,0,,,0,0.0,True,
KZIKb38,,Казахстанская Жилищная Компания,Казахстанская Жилищная Компания,bond,corporate,KZT,https://kase.kz/api/instruments/securities/?sec_type=bond,https://kase.kz/ru/investors/bonds/KZIKb38,True,PENDING,UNAVAILABLE,NO_HISTORY,NO_PUBLIC_HISTORY,0,,,0,0.0,True,
KZIKb39,,Казахстанская Жилищная Компания,Казахстанская Жилищная Компания,bond,corporate,KZT,https://kase.kz/api/instruments/securities/?sec_type=bond,https://kase.kz/ru/investors/bonds/KZIKb39,True,PENDING,PARTIAL,DATA_READY,,114,2025-08-27T19:00:00,2026-08-27T19:00:00,114,45.97,True,
KZIKb4,,Казахстанская Жилищная Компания,Казахстанская Жилищная Компания,bond,corporate,KZT,https://kase.kz/api/instruments/securities/?sec_type=bond,https://kase.kz/ru/investors/bonds/KZIKb4,False,UNAVAILABLE,UNAVAILABLE,NO_CHART,INSTRUMENT_DELISTED,0,,,0,0.0,True,
KZIKb40,,Казахстанская Жилищная Компания,Казахстанская Жилищная Компания,bond,corporate,KZT,https://kase.kz/api/instruments/securities/?sec_type=bond,https://kase.kz/ru/investors/bonds/KZIKb40,True,PENDING,PARTIAL,DATA_READY,,32,2025-09-17T19:00:00,2026-08-25T19:00:00,32,12.9,True,
KZIKb41,,Казахстанская Жилищная Компания,Казахстанская Жилищная Компания,bond,corporate,KZT,https://kase.kz/api/instruments/securities/?sec_type=bond,https://kase.kz/ru/investors/bonds/KZIKb41,True,PENDING,PARTIAL,DATA_READY,,9,2026-03-30T19:00:00,2026-08-27T19:00:00,9,3.63,True,
KZIKb42,,Казахстанская Жилищная Компания,Казахстанская Жилищная Компания,bond,corporate,KZT,https://kase.kz/api/instruments/securities/?sec_type=bond,https://kase.kz/ru/investors/bonds/KZIKb42,True,PENDING,PARTIAL,DATA_READY,,35,2025-11-24T19:00:00,2026-08-25T19:00:00,35,14.11,True,
KZIKb43,,Казахстанская Жилищная Компания,Казахстанская Жилищная Компания,bond,corporate,KZT,https://kase.kz/api/instruments/securities/?sec_type=bond,https://kase.kz/ru/investors/bonds/KZIKb43,True,PENDING,UNAVAILABLE,NO_HISTORY,NO_PUBLIC_HISTORY,0,,,0,0.0,True,
KZIKb44,,Казахстанская Жилищная Компания,Казахстанская Жилищная Компания,bond,corporate,KZT,https://kase.kz/api/instruments/securities/?sec_type=bond,https://kase.kz/ru/investors/bonds/KZIKb44,True,PENDING,UNAVAILABLE,NO_HISTORY,NO_PUBLIC_HISTORY,0,,,0,0.0,True,
KZIKb45,,Казахстанская Жилищная Компания,Казахстанская Жилищная Компания,bond,corporate,KZT,https://kase.kz/api/instruments/securities/?sec_type=bond,https://kase.kz/ru/investors/bonds/KZIKb45,True,PENDING,PARTIAL,DATA_READY,,3,2026-07-20T19:00:00,2026-07-29T19:00:00,3,1.21,True,
KZIKb46,,Казахстанская Жилищная Компания,Казахстанская Жилищная Компания,bond,corporate,KZT,https://kase.kz/api/instruments/securities/?sec_type=bond,https://kase.kz/ru/investors/bonds/KZIKb46,True,PENDING,PARTIAL,DATA_READY,,5,2026-07-01T19:00:00,2026-08-09T19:00:00,5,2.02,True,
KZIKb5,,Казахстанская Жилищная Компания,Казахстанская Жилищная Компания,bond,corporate,KZT,https://kase.kz/api/instruments/securities/?sec_type=bond,https://kase.kz/ru/investors/bonds/KZIKb5,False,UNAVAILABLE,UNAVAILABLE,NO_CHART,INSTRUMENT_DELISTED,0,,,0,0.0,True,
KZIKb6,,Казахстанская Жилищная Компания,Казахстанская Жилищная Компания,bond,corporate,KZT,https://kase.kz/api/instruments/securities/?sec_type=bond,https://kase.kz/ru/investors/bonds/KZIKb6,False,UNAVAILABLE,UNAVAILABLE,NO_CHART,INSTRUMENT_DELISTED,0,,,0,0.0,True,
KZIKb7,,Казахстанская Жилищная Компания,Казахстанская Жилищная Компания,bond,corporate,KZT,https://kase.kz/api/instruments/securities/?sec_type=bond,https://kase.kz/ru/investors/bonds/KZIKb7,False,UNAVAILABLE,UNAVAILABLE,NO_CHART,INSTRUMENT_DELISTED,0,,,0,0.0,True,
KZIKb8,,Казахстанская Жилищная Компания,Казахстанская Жилищная Компания,bond,corporate,KZT,https://kase.kz/api/instruments/securities/?sec_type=bond,https://kase.kz/ru/investors/bonds/KZIKb8,False,UNAVAILABLE,UNAVAILABLE,NO_CHART,INSTRUMENT_DELISTED,0,,,0,0.0,True,
KZIKb9,,Казахстанская Жилищная Компания,Казахстанская Жилищная Компания,bond,corporate,KZT,https://kase.kz/api/instruments/securities/?sec_type=bond,https://kase.kz/ru/investors/bonds/KZIKb9,False,UNAVAILABLE,UNAVAILABLE,NO_CHART,INSTRUMENT_DELISTED,0,,,0,0.0,True,
KZNHb1,,KZNHb1,KZNHb1,bond,corporate,USD,https://kase.kz/api/instruments/securities/?sec_type=bond,https://kase.kz/ru/investors/bonds/KZNHb1,False,UNAVAILABLE,UNAVAILABLE,NO_CHART,INSTRUMENT_DELISTED,0,,,0,0.0,True,
KZNHb2,,KZNHb2,KZNHb2,bond,corporate,USD,https://kase.kz/api/instruments/securities/?sec_type=bond,https://kase.kz/ru/investors/bonds/KZNHb2,False,UNAVAILABLE,UNAVAILABLE,NO_CHART,INSTRUMENT_DELISTED,0,,,0,0.0,True,
KZOLb,,KZOLb,KZOLb,bond,corporate,USD,https://kase.kz/api/instruments/securities/?sec_type=bond,https://kase.kz/ru/investors/bonds/KZOLb,False,UNAVAILABLE,UNAVAILABLE,NO_CHART,INSTRUMENT_DELISTED,0,,,0,0.0,True,
KZPSb1,,Казпочта,Казпочта,bond,corporate,USD,https://kase.kz/api/instruments/securities/?sec_type=bond,https://kase.kz/ru/investors/bonds/KZPSb1,False,UNAVAILABLE,UNAVAILABLE,NO_CHART,INSTRUMENT_DELISTED,0,,,0,0.0,True,
KZTCb1,,Jusan Mobile,Jusan Mobile,bond,corporate,USD,https://kase.kz/api/instruments/securities/?sec_type=bond,https://kase.kz/ru/investors/bonds/KZTCb1,False,UNAVAILABLE,UNAVAILABLE,NO_CHART,INSTRUMENT_DELISTED,0,,,0,0.0,True,
KZTCb2,,Jusan Mobile,Jusan Mobile,bond,corporate,USD,https://kase.kz/api/instruments/securities/?sec_type=bond,https://kase.kz/ru/investors/bonds/KZTCb2,False,UNAVAILABLE,UNAVAILABLE,NO_CHART,INSTRUMENT_DELISTED,0,,,0,0.0,True,
KZTCb3,,Jusan Mobile,Jusan Mobile,bond,corporate,KZT,https://kase.kz/api/instruments/securities/?sec_type=bond,https://kase.kz/ru/investors/bonds/KZTCb3,True,PENDING,COMPLETE,DATA_READY,,245,2025-08-27T19:00:00,2026-08-27T19:00:00,245,98.79,False,
KZTGe1,,"Национальная компания ""QazaqGaz""","Национальная компания ""QazaqGaz""",bond,corporate,USD,https://kase.kz/api/instruments/securities/?sec_type=bond,https://kase.kz/ru/investors/bonds/KZTGe1,True,PENDING,PARTIAL,DATA_READY,,8,2025-09-14T19:00:00,2026-01-20T19:00:00,8,3.23,True,
KZTGe1_US,,"Национальная компания ""QazaqGaz""","Национальная компания ""QazaqGaz""",bond,corporate,USD,https://kase.kz/api/instruments/securities/?sec_type=bond,https://kase.kz/ru/investors/bonds/KZTGe1_US,True,PENDING,UNAVAILABLE,NO_HISTORY,NO_PUBLIC_HISTORY,0,,,0,0.0,True,
KZTGe1_USD,,"Национальная компания ""QazaqGaz""","Национальная компания ""QazaqGaz""",bond,corporate,USD,https://kase.kz/api/instruments/securities/?sec_type=bond,https://kase.kz/ru/investors/bonds/KZTGe1_USD,True,PENDING,UNAVAILABLE,NO_HISTORY,NO_PUBLIC_HISTORY,0,,,0,0.0,True,
KZTGe2,,"Национальная компания ""QazaqGaz""","Национальная компания ""QazaqGaz""",bond,corporate,USD,https://kase.kz/api/instruments/securities/?sec_type=bond,https://kase.kz/ru/investors/bonds/KZTGe2,True,PENDING,UNAVAILABLE,NO_HISTORY,NO_PUBLIC_HISTORY,0,,,0,0.0,True,
KZTKb1,,Казахтелеком,Казахтелеком,bond,corporate,USD,https://kase.kz/api/instruments/securities/?sec_type=bond,https://kase.kz/ru/investors/bonds/KZTKb1,False,UNAVAILABLE,UNAVAILABLE,NO_CHART,INSTRUMENT_DELISTED,0,,,0,0.0,True,
KZTKb2,,Казахтелеком,Казахтелеком,bond,corporate,KZT,https://kase.kz/api/instruments/securities/?sec_type=bond,https://kase.kz/ru/investors/bonds/KZTKb2,False,UNAVAILABLE,UNAVAILABLE,NO_CHART,INSTRUMENT_DELISTED,0,,,0,0.0,True,
KZTKb3,,Казахтелеком,Казахтелеком,bond,corporate,KZT,https://kase.kz/api/instruments/securities/?sec_type=bond,https://kase.kz/ru/investors/bonds/KZTKb3,False,UNAVAILABLE,UNAVAILABLE,NO_CHART,INSTRUMENT_DELISTED,0,,,0,0.0,True,
KZTKb4,,Казахтелеком,Казахтелеком,bond,corporate,KZT,https://kase.kz/api/instruments/securities/?sec_type=bond,https://kase.kz/ru/investors/bonds/KZTKb4,False,UNAVAILABLE,UNAVAILABLE,NO_CHART,INSTRUMENT_DELISTED,0,,,0,0.0,True,
KZTOb,,КазТрансОйл,КазТрансОйл,bond,corporate,USD,https://kase.kz/api/instruments/securities/?sec_type=bond,https://kase.kz/ru/investors/bonds/KZTOb,False,UNAVAILABLE,UNAVAILABLE,NO_CHART,INSTRUMENT_DELISTED,0,,,0,0.0,True,
KZTOe1,,КазТрансОйл,КазТрансОйл,bond,corporate,USD,https://kase.kz/api/instruments/securities/?sec_type=bond,https://kase.kz/ru/investors/bonds/KZTOe1,False,UNAVAILABLE,UNAVAILABLE,NO_CHART,INSTRUMENT_DELISTED,0,,,0,0.0,True,
KZWEb1,,"KazWind Energy (""КазВинд Энерджи"")","KazWind Energy (""КазВинд Энерджи"")",bond,corporate,KZT,https://kase.kz/api/instruments/securities/?sec_type=bond,https://kase.kz/ru/investors/bonds/KZWEb1,True,PENDING,UNAVAILABLE,NO_HISTORY,NO_PUBLIC_HISTORY,0,,,0,0.0,True,
LARIb1,,AsiaCredit Bank,AsiaCredit Bank,bond,corporate,USD,https://kase.kz/api/instruments/securities/?sec_type=bond,https://kase.kz/ru/investors/bonds/LARIb1,False,UNAVAILABLE,UNAVAILABLE,NO_CHART,INSTRUMENT_DELISTED,0,,,0,0.0,True,
LARIb2,,AsiaCredit Bank,AsiaCredit Bank,bond,corporate,KZT,https://kase.kz/api/instruments/securities/?sec_type=bond,https://kase.kz/ru/investors/bonds/LARIb2,False,UNAVAILABLE,UNAVAILABLE,NO_CHART,INSTRUMENT_DELISTED,0,,,0,0.0,True,
LARIb3,,AsiaCredit Bank,AsiaCredit Bank,bond,corporate,KZT,https://kase.kz/api/instruments/securities/?sec_type=bond,https://kase.kz/ru/investors/bonds/LARIb3,False,UNAVAILABLE,UNAVAILABLE,NO_CHART,INSTRUMENT_DELISTED,0,,,0,0.0,True,
LARIb4,,AsiaCredit Bank,AsiaCredit Bank,bond,corporate,KZT,https://kase.kz/api/instruments/securities/?sec_type=bond,https://kase.kz/ru/investors/bonds/LARIb4,False,UNAVAILABLE,UNAVAILABLE,NO_CHART,INSTRUMENT_DELISTED,0,,,0,0.0,True,
LARIb5,,AsiaCredit Bank,AsiaCredit Bank,bond,corporate,KZT,https://kase.kz/api/instruments/securities/?sec_type=bond,https://kase.kz/ru/investors/bonds/LARIb5,False,UNAVAILABLE,UNAVAILABLE,NO_CHART,INSTRUMENT_DELISTED,0,,,0,0.0,True,
LARIb6,,AsiaCredit Bank,AsiaCredit Bank,bond,corporate,KZT,https://kase.kz/api/instruments/securities/?sec_type=bond,https://kase.kz/ru/investors/bonds/LARIb6,False,UNAVAILABLE,UNAVAILABLE,NO_CHART,INSTRUMENT_DELISTED,0,,,0,0.0,True,
LOGCb1,,ЛОГИКОМ,ЛОГИКОМ,bond,corporate,KZT,https://kase.kz/api/instruments/securities/?sec_type=bond,https://kase.kz/ru/investors/bonds/LOGCb1,False,UNAVAILABLE,UNAVAILABLE,NO_CHART,INSTRUMENT_DELISTED,0,,,0,0.0,True,
LOGCb2,,ЛОГИКОМ,ЛОГИКОМ,bond,corporate,KZT,https://kase.kz/api/instruments/securities/?sec_type=bond,https://kase.kz/ru/investors/bonds/LOGCb2,False,UNAVAILABLE,UNAVAILABLE,NO_CHART,INSTRUMENT_DELISTED,0,,,0,0.0,True,
LOGCb3,,ЛОГИКОМ,ЛОГИКОМ,bond,corporate,KZT,https://kase.kz/api/instruments/securities/?sec_type=bond,https://kase.kz/ru/investors/bonds/LOGCb3,True,PENDING,UNAVAILABLE,NO_HISTORY,NO_PUBLIC_HISTORY,0,,,0,0.0,True,
LOGCb4,,ЛОГИКОМ,ЛОГИКОМ,bond,corporate,KZT,https://kase.kz/api/instruments/securities/?sec_type=bond,https://kase.kz/ru/investors/bonds/LOGCb4,True,PENDING,PARTIAL,DATA_READY,,2,2026-02-22T19:00:00,2026-04-06T19:00:00,2,0.81,True,
LOGCpp1,,ЛОГИКОМ,ЛОГИКОМ,bond,corporate,KZT,https://kase.kz/api/instruments/securities/?sec_type=bond,https://kase.kz/ru/investors/bonds/LOGCpp1,True,PENDING,UNAVAILABLE,NO_HISTORY,NO_PUBLIC_HISTORY,0,,,0,0.0,True,
LOGCpp2,,ЛОГИКОМ,ЛОГИКОМ,bond,corporate,KZT,https://kase.kz/api/instruments/securities/?sec_type=bond,https://kase.kz/ru/investors/bonds/LOGCpp2,True,PENDING,UNAVAILABLE,NO_HISTORY,NO_PUBLIC_HISTORY,0,,,0,0.0,True,
LZGRb1,,Лизинг Групп,Лизинг Групп,bond,corporate,KZT,https://kase.kz/api/instruments/securities/?sec_type=bond,https://kase.kz/ru/investors/bonds/LZGRb1,False,UNAVAILABLE,UNAVAILABLE,NO_CHART,INSTRUMENT_DELISTED,0,,,0,0.0,True,
LZGRb10,,Лизинг Групп,Лизинг Групп,bond,corporate,USD,https://kase.kz/api/instruments/securities/?sec_type=bond,https://kase.kz/ru/investors/bonds/LZGRb10,True,PENDING,PARTIAL,DATA_READY,,18,2025-10-16T19:00:00,2025-11-19T19:00:00,18,7.26,True,
LZGRb11,,Лизинг Групп,Лизинг Групп,bond,corporate,USD,https://kase.kz/api/instruments/securities/?sec_type=bond,https://kase.kz/ru/investors/bonds/LZGRb11,False,UNAVAILABLE,UNAVAILABLE,NO_CHART,INSTRUMENT_DELISTED,0,,,0,0.0,True,
LZGRb12,,Лизинг Групп,Лизинг Групп,bond,corporate,KZT,https://kase.kz/api/instruments/securities/?sec_type=bond,https://kase.kz/ru/investors/bonds/LZGRb12,True,PENDING,PARTIAL,DATA_READY,,64,2026-03-17T19:00:00,2026-08-27T19:00:00,64,25.81,True,
LZGRb13,,Лизинг Групп,Лизинг Групп,bond,corporate,KZT,https://kase.kz/api/instruments/securities/?sec_type=bond,https://kase.kz/ru/investors/bonds/LZGRb13,False,UNAVAILABLE,UNAVAILABLE,NO_CHART,INSTRUMENT_DELISTED,0,,,0,0.0,True,
LZGRb14,,Лизинг Групп,Лизинг Групп,bond,corporate,USD,https://kase.kz/api/instruments/securities/?sec_type=bond,https://kase.kz/ru/investors/bonds/LZGRb14,False,UNAVAILABLE,UNAVAILABLE,NO_CHART,INSTRUMENT_DELISTED,0,,,0,0.0,True,
LZGRb15,,Лизинг Групп,Лизинг Групп,bond,corporate,USD,https://kase.kz/api/instruments/securities/?sec_type=bond,https://kase.kz/ru/investors/bonds/LZGRb15,True,PENDING,PARTIAL,DATA_READY,,56,2026-01-28T19:00:00,2026-07-28T19:00:00,56,22.58,True,
LZGRb16,,Лизинг Групп,Лизинг Групп,bond,corporate,KZT,https://kase.kz/api/instruments/securities/?sec_type=bond,https://kase.kz/ru/investors/bonds/LZGRb16,True,PENDING,UNAVAILABLE,NO_HISTORY,NO_PUBLIC_HISTORY,0,,,0,0.0,True,
LZGRb17,,Лизинг Групп,Лизинг Групп,bond,corporate,KZT,https://kase.kz/api/instruments/securities/?sec_type=bond,https://kase.kz/ru/investors/bonds/LZGRb17,True,PENDING,PARTIAL,DATA_READY,,4,2026-07-26T19:00:00,2026-08-03T19:00:00,4,1.61,True,
LZGRb18,,Лизинг Групп,Лизинг Групп,bond,corporate,USD,https://kase.kz/api/instruments/securities/?sec_type=bond,https://kase.kz/ru/investors/bonds/LZGRb18,True,PENDING,PARTIAL,DATA_READY,,19,2026-07-14T19:00:00,2026-08-25T19:00:00,19,7.66,True,
LZGRb19,,Лизинг Групп,Лизинг Групп,bond,corporate,USD,https://kase.kz/api/instruments/securities/?sec_type=bond,https://kase.kz/ru/investors/bonds/LZGRb19,True,PENDING,PARTIAL,DATA_READY,,9,2026-07-14T19:00:00,2026-08-03T19:00:00,9,3.63,True,
LZGRb2,,Лизинг Групп,Лизинг Групп,bond,corporate,KZT,https://kase.kz/api/instruments/securities/?sec_type=bond,https://kase.kz/ru/investors/bonds/LZGRb2,False,UNAVAILABLE,UNAVAILABLE,NO_CHART,INSTRUMENT_DELISTED,0,,,0,0.0,True,
LZGRb20,,Лизинг Групп,Лизинг Групп,bond,corporate,USD,https://kase.kz/api/instruments/securities/?sec_type=bond,https://kase.kz/ru/investors/bonds/LZGRb20,True,PENDING,PARTIAL,DATA_READY,,6,2026-08-04T19:00:00,2026-08-27T19:00:00,6,2.42,True,
LZGRb21,,Лизинг Групп,Лизинг Групп,bond,corporate,KZT,https://kase.kz/api/instruments/securities/?sec_type=bond,https://kase.kz/ru/investors/bonds/LZGRb21,True,PENDING,PARTIAL,DATA_READY,,7,2026-08-18T19:00:00,2026-08-27T19:00:00,7,2.82,True,
LZGRb3,,Лизинг Групп,Лизинг Групп,bond,corporate,KZT,https://kase.kz/api/instruments/securities/?sec_type=bond,https://kase.kz/ru/investors/bonds/LZGRb3,False,UNAVAILABLE,UNAVAILABLE,NO_CHART,INSTRUMENT_DELISTED,0,,,0,0.0,True,
LZGRb4,,Лизинг Групп,Лизинг Групп,bond,corporate,USD,https://kase.kz/api/instruments/securities/?sec_type=bond,https://kase.kz/ru/investors/bonds/LZGRb4,False,UNAVAILABLE,UNAVAILABLE,NO_CHART,INSTRUMENT_DELISTED,0,,,0,0.0,True,
LZGRb5,,Лизинг Групп,Лизинг Групп,bond,corporate,KZT,https://kase.kz/api/instruments/securities/?sec_type=bond,https://kase.kz/ru/investors/bonds/LZGRb5,False,UNAVAILABLE,UNAVAILABLE,NO_CHART,INSTRUMENT_DELISTED,0,,,0,0.0,True,
LZGRb6,,Лизинг Групп,Лизинг Групп,bond,corporate,USD,https://kase.kz/api/instruments/securities/?sec_type=bond,https://kase.kz/ru/investors/bonds/LZGRb6,False,UNAVAILABLE,UNAVAILABLE,NO_CHART,INSTRUMENT_DELISTED,0,,,0,0.0,True,
LZGRb7,,Лизинг Групп,Лизинг Групп,bond,corporate,KZT,https://kase.kz/api/instruments/securities/?sec_type=bond,https://kase.kz/ru/investors/bonds/LZGRb7,False,UNAVAILABLE,UNAVAILABLE,NO_CHART,INSTRUMENT_DELISTED,0,,,0,0.0,True,
LZGRb8,,Лизинг Групп,Лизинг Групп,bond,corporate,USD,https://kase.kz/api/instruments/securities/?sec_type=bond,https://kase.kz/ru/investors/bonds/LZGRb8,False,UNAVAILABLE,UNAVAILABLE,NO_CHART,INSTRUMENT_DELISTED,0,,,0,0.0,True,
LZGRb9,,Лизинг Групп,Лизинг Групп,bond,corporate,KZT,https://kase.kz/api/instruments/securities/?sec_type=bond,https://kase.kz/ru/investors/bonds/LZGRb9,True,PENDING,PARTIAL,DATA_READY,,91,2025-10-16T19:00:00,2026-08-19T19:00:00,91,36.69,True,
MAGNb1,,"ТОО ""Magnum Cash&Carry""","ТОО ""Magnum Cash&Carry""",bond,corporate,KZT,https://kase.kz/api/instruments/securities/?sec_type=bond,https://kase.kz/ru/investors/bonds/MAGNb1,False,UNAVAILABLE,UNAVAILABLE,NO_CHART,INSTRUMENT_DELISTED,0,,,0,0.0,True,
MAG_b1,,MAG_b1,MAG_b1,bond,corporate,KZT,https://kase.kz/api/instruments/securities/?sec_type=bond,https://kase.kz/ru/investors/bonds/MAG_b1,False,UNAVAILABLE,UNAVAILABLE,NO_CHART,INSTRUMENT_DELISTED,0,,,0,0.0,True,
MBLCpp1,,Mobilica,Mobilica,bond,corporate,KZT,https://kase.kz/api/instruments/securities/?sec_type=bond,https://kase.kz/ru/investors/bonds/MBLCpp1,True,PENDING,UNAVAILABLE,NO_HISTORY,NO_PUBLIC_HISTORY,0,,,0,0.0,True,
MFABb1,,"Кредитное Товарищество ""AgroBusiness KZ""","Кредитное Товарищество ""AgroBusiness KZ""",bond,corporate,KZT,https://kase.kz/api/instruments/securities/?sec_type=bond,https://kase.kz/ru/investors/bonds/MFABb1,True,PENDING,PARTIAL,DATA_READY,,4,2025-09-04T19:00:00,2025-12-03T19:00:00,4,1.61,True,
MFACb1,,"МФО ""Арнур Кредит""","МФО ""Арнур Кредит""",bond,corporate,KZT,https://kase.kz/api/instruments/securities/?sec_type=bond,https://kase.kz/ru/investors/bonds/MFACb1,False,UNAVAILABLE,UNAVAILABLE,NO_CHART,INSTRUMENT_DELISTED,0,,,0,0.0,True,
MFACb2,,"МФО ""Арнур Кредит""","МФО ""Арнур Кредит""",bond,corporate,KZT,https://kase.kz/api/instruments/securities/?sec_type=bond,https://kase.kz/ru/investors/bonds/MFACb2,False,UNAVAILABLE,UNAVAILABLE,NO_CHART,INSTRUMENT_DELISTED,0,,,0,0.0,True,
MFACb3,,"МФО ""Арнур Кредит""","МФО ""Арнур Кредит""",bond,corporate,KZT,https://kase.kz/api/instruments/securities/?sec_type=bond,https://kase.kz/ru/investors/bonds/MFACb3,True,PENDING,PARTIAL,DATA_READY,,24,2025-08-27T19:00:00,2026-08-23T19:00:00,24,9.68,True,
MFACb4,,"МФО ""Арнур Кредит""","МФО ""Арнур Кредит""",bond,corporate,KZT,https://kase.kz/api/instruments/securities/?sec_type=bond,https://kase.kz/ru/investors/bonds/MFACb4,True,PENDING,PARTIAL,DATA_READY,,34,2026-04-08T19:00:00,2026-08-27T19:00:00,34,13.71,True,
MFACb5,,"МФО ""Арнур Кредит""","МФО ""Арнур Кредит""",bond,corporate,KZT,https://kase.kz/api/instruments/securities/?sec_type=bond,https://kase.kz/ru/investors/bonds/MFACb5,True,PENDING,UNAVAILABLE,NO_HISTORY,NO_PUBLIC_HISTORY,0,,,0,0.0,True,
MFAFb1,,МФО аФинанс,МФО аФинанс,bond,corporate,KZT,https://kase.kz/api/instruments/securities/?sec_type=bond,https://kase.kz/ru/investors/bonds/MFAFb1,False,UNAVAILABLE,UNAVAILABLE,NO_CHART,INSTRUMENT_DELISTED,0,,,0,0.0,True,
MFAFb10,,МФО аФинанс,МФО аФинанс,bond,corporate,USD,https://kase.kz/api/instruments/securities/?sec_type=bond,https://kase.kz/ru/investors/bonds/MFAFb10,True,PENDING,PARTIAL,DATA_READY,,14,2025-09-08T19:00:00,2026-08-26T19:00:00,14,5.65,True,
MFAFb11,,МФО аФинанс,МФО аФинанс,bond,corporate,KZT,https://kase.kz/api/instruments/securities/?sec_type=bond,https://kase.kz/ru/investors/bonds/MFAFb11,True,PENDING,PARTIAL,DATA_READY,,4,2025-09-29T19:00:00,2026-08-06T19:00:00,4,1.61,True,
MFAFb12,,МФО аФинанс,МФО аФинанс,bond,corporate,USD,https://kase.kz/api/instruments/securities/?sec_type=bond,https://kase.kz/ru/investors/bonds/MFAFb12,True,PENDING,PARTIAL,DATA_READY,,18,2025-11-30T19:00:00,2026-08-26T19:00:00,18,7.26,True,
MFAFb13,,МФО аФинанс,МФО аФинанс,bond,corporate,KZT,https://kase.kz/api/instruments/securities/?sec_type=bond,https://kase.kz/ru/investors/bonds/MFAFb13,True,PENDING,PARTIAL,DATA_READY,,13,2025-11-23T19:00:00,2026-06-29T19:00:00,13,5.24,True,
MFAFb14,,МФО аФинанс,МФО аФинанс,bond,corporate,KZT,https://kase.kz/api/instruments/securities/?sec_type=bond,https://kase.kz/ru/investors/bonds/MFAFb14,True,PENDING,PARTIAL,DATA_READY,,6,2026-08-05T19:00:00,2026-08-25T19:00:00,6,2.42,True,
MFAFb15,,МФО аФинанс,МФО аФинанс,bond,corporate,USD,https://kase.kz/api/instruments/securities/?sec_type=bond,https://kase.kz/ru/investors/bonds/MFAFb15,True,PENDING,PARTIAL,DATA_READY,,9,2026-06-29T19:00:00,2026-08-27T19:00:00,9,3.63,True,
MFAFb16,,МФО аФинанс,МФО аФинанс,bond,corporate,USD,https://kase.kz/api/instruments/securities/?sec_type=bond,https://kase.kz/ru/investors/bonds/MFAFb16,True,PENDING,UNAVAILABLE,NO_HISTORY,NO_PUBLIC_HISTORY,0,,,0,0.0,True,
MFAFb17,,МФО аФинанс,МФО аФинанс,bond,corporate,KZT,https://kase.kz/api/instruments/securities/?sec_type=bond,https://kase.kz/ru/investors/bonds/MFAFb17,True,PENDING,UNAVAILABLE,NO_HISTORY,NO_PUBLIC_HISTORY,0,,,0,0.0,True,
MFAFb2,,МФО аФинанс,МФО аФинанс,bond,corporate,USD,https://kase.kz/api/instruments/securities/?sec_type=bond,https://kase.kz/ru/investors/bonds/MFAFb2,False,UNAVAILABLE,UNAVAILABLE,NO_CHART,INSTRUMENT_DELISTED,0,,,0,0.0,True,
MFAFb3,,МФО аФинанс,МФО аФинанс,bond,corporate,KZT,https://kase.kz/api/instruments/securities/?sec_type=bond,https://kase.kz/ru/investors/bonds/MFAFb3,False,UNAVAILABLE,UNAVAILABLE,NO_CHART,INSTRUMENT_DELISTED,0,,,0,0.0,True,
MFAFb4,,МФО аФинанс,МФО аФинанс,bond,corporate,KZT,https://kase.kz/api/instruments/securities/?sec_type=bond,https://kase.kz/ru/investors/bonds/MFAFb4,False,UNAVAILABLE,UNAVAILABLE,NO_CHART,INSTRUMENT_DELISTED,0,,,0,0.0,True,
MFAFb5,,МФО аФинанс,МФО аФинанс,bond,corporate,USD,https://kase.kz/api/instruments/securities/?sec_type=bond,https://kase.kz/ru/investors/bonds/MFAFb5,False,UNAVAILABLE,UNAVAILABLE,NO_CHART,INSTRUMENT_DELISTED,0,,,0,0.0,True,
MFAFb6,,МФО аФинанс,МФО аФинанс,bond,corporate,KZT,https://kase.kz/api/instruments/securities/?sec_type=bond,https://kase.kz/ru/investors/bonds/MFAFb6,False,UNAVAILABLE,UNAVAILABLE,NO_CHART,INSTRUMENT_DELISTED,0,,,0,0.0,True,
MFAFb7,,МФО аФинанс,МФО аФинанс,bond,corporate,USD,https://kase.kz/api/instruments/securities/?sec_type=bond,https://kase.kz/ru/investors/bonds/MFAFb7,False,UNAVAILABLE,UNAVAILABLE,NO_CHART,INSTRUMENT_DELISTED,0,,,0,0.0,True,
MFAFb8,,МФО аФинанс,МФО аФинанс,bond,corporate,USD,https://kase.kz/api/instruments/securities/?sec_type=bond,https://kase.kz/ru/investors/bonds/MFAFb8,False,UNAVAILABLE,UNAVAILABLE,NO_CHART,INSTRUMENT_DELISTED,0,,,0,0.0,True,
MFAFb9,,МФО аФинанс,МФО аФинанс,bond,corporate,USD,https://kase.kz/api/instruments/securities/?sec_type=bond,https://kase.kz/ru/investors/bonds/MFAFb9,False,UNAVAILABLE,UNAVAILABLE,NO_CHART,INSTRUMENT_DELISTED,0,,,0,0.0,True,
MFAKpp1,,"МФО ""Алтын Кредит""","МФО ""Алтын Кредит""",bond,corporate,KZT,https://kase.kz/api/instruments/securities/?sec_type=bond,https://kase.kz/ru/investors/bonds/MFAKpp1,True,PENDING,UNAVAILABLE,NO_HISTORY,NO_PUBLIC_HISTORY,0,,,0,0.0,True,
MFBBb1,,МФО Bravo Business,МФО Bravo Business,bond,corporate,KZT,https://kase.kz/api/instruments/securities/?sec_type=bond,https://kase.kz/ru/investors/bonds/MFBBb1,False,UNAVAILABLE,UNAVAILABLE,NO_CHART,INSTRUMENT_DELISTED,0,,,0,0.0,True,
MFBBpp1,,МФО Bravo Business,МФО Bravo Business,bond,corporate,KZT,https://kase.kz/api/instruments/securities/?sec_type=bond,https://kase.kz/ru/investors/bonds/MFBBpp1,True,PENDING,UNAVAILABLE,NO_HISTORY,NO_PUBLIC_HISTORY,0,,,0,0.0,True,
MFBHb1,,"МФО ""Бухта""","МФО ""Бухта""",bond,corporate,KZT,https://kase.kz/api/instruments/securities/?sec_type=bond,https://kase.kz/ru/investors/bonds/MFBHb1,True,PENDING,PARTIAL,DATA_READY,,48,2025-09-04T19:00:00,2026-08-16T19:00:00,48,19.35,True,
MFBHb2,,"МФО ""Бухта""","МФО ""Бухта""",bond,corporate,KZT,https://kase.kz/api/instruments/securities/?sec_type=bond,https://kase.kz/ru/investors/bonds/MFBHb2,True,PENDING,PARTIAL,DATA_READY,,44,2026-05-13T19:00:00,2026-08-26T19:00:00,44,17.74,True,
MFBLb1,,Birinshi Lombard,Birinshi Lombard,bond,corporate,KZT,https://kase.kz/api/instruments/securities/?sec_type=bond,https://kase.kz/ru/investors/bonds/MFBLb1,False,UNAVAILABLE,UNAVAILABLE,NO_CHART,INSTRUMENT_DELISTED,0,,,0,0.0,True,
MFBLb10,,Birinshi Lombard,Birinshi Lombard,bond,corporate,KZT,https://kase.kz/api/instruments/securities/?sec_type=bond,https://kase.kz/ru/investors/bonds/MFBLb10,True,PENDING,PARTIAL,DATA_READY,,145,2026-01-20T19:00:00,2026-08-27T19:00:00,145,58.47,True,
MFBLb11,,Birinshi Lombard,Birinshi Lombard,bond,corporate,KZT,https://kase.kz/api/instruments/securities/?sec_type=bond,https://kase.kz/ru/investors/bonds/MFBLb11,True,PENDING,PARTIAL,DATA_READY,,1,2026-08-24T19:00:00,2026-08-24T19:00:00,1,0.4,True,
MFBLb12,,Birinshi Lombard,Birinshi Lombard,bond,corporate,KZT,https://kase.kz/api/instruments/securities/?sec_type=bond,https://kase.kz/ru/investors/bonds/MFBLb12,True,PENDING,UNAVAILABLE,NO_HISTORY,NO_PUBLIC_HISTORY,0,,,0,0.0,True,
MFBLb13,,Birinshi Lombard,Birinshi Lombard,bond,corporate,KZT,https://kase.kz/api/instruments/securities/?sec_type=bond,https://kase.kz/ru/investors/bonds/MFBLb13,True,PENDING,UNAVAILABLE,NO_HISTORY,NO_PUBLIC_HISTORY,0,,,0,0.0,True,
MFBLb14,,Birinshi Lombard,Birinshi Lombard,bond,corporate,KZT,https://kase.kz/api/instruments/securities/?sec_type=bond,https://kase.kz/ru/investors/bonds/MFBLb14,True,PENDING,UNAVAILABLE,NO_HISTORY,NO_PUBLIC_HISTORY,0,,,0,0.0,True,
MFBLb2,,Birinshi Lombard,Birinshi Lombard,bond,corporate,KZT,https://kase.kz/api/instruments/securities/?sec_type=bond,https://kase.kz/ru/investors/bonds/MFBLb2,False,UNAVAILABLE,UNAVAILABLE,NO_CHART,INSTRUMENT_DELISTED,0,,,0,0.0,True,
MFBLb3,,Birinshi Lombard,Birinshi Lombard,bond,corporate,KZT,https://kase.kz/api/instruments/securities/?sec_type=bond,https://kase.kz/ru/investors/bonds/MFBLb3,False,UNAVAILABLE,UNAVAILABLE,NO_CHART,INSTRUMENT_DELISTED,0,,,0,0.0,True,
MFBLb4,,Birinshi Lombard,Birinshi Lombard,bond,corporate,KZT,https://kase.kz/api/instruments/securities/?sec_type=bond,https://kase.kz/ru/investors/bonds/MFBLb4,True,PENDING,PARTIAL,DATA_READY,,1,2026-08-24T19:00:00,2026-08-24T19:00:00,1,0.4,True,
MFBLb5,,Birinshi Lombard,Birinshi Lombard,bond,corporate,KZT,https://kase.kz/api/instruments/securities/?sec_type=bond,https://kase.kz/ru/investors/bonds/MFBLb5,True,PENDING,UNAVAILABLE,NO_HISTORY,NO_PUBLIC_HISTORY,0,,,0,0.0,True,
MFBLb6,,Birinshi Lombard,Birinshi Lombard,bond,corporate,KZT,https://kase.kz/api/instruments/securities/?sec_type=bond,https://kase.kz/ru/investors/bonds/MFBLb6,True,PENDING,PARTIAL,DATA_READY,,2,2025-09-29T19:00:00,2026-06-29T19:00:00,2,0.81,True,
MFBLb7,,Birinshi Lombard,Birinshi Lombard,bond,corporate,KZT,https://kase.kz/api/instruments/securities/?sec_type=bond,https://kase.kz/ru/investors/bonds/MFBLb7,True,PENDING,PARTIAL,DATA_READY,,186,2025-09-29T19:00:00,2026-08-27T19:00:00,186,75.0,True,
MFBLb8,,Birinshi Lombard,Birinshi Lombard,bond,corporate,KZT,https://kase.kz/api/instruments/securities/?sec_type=bond,https://kase.kz/ru/investors/bonds/MFBLb8,True,PENDING,PARTIAL,DATA_READY,,6,2026-02-18T19:00:00,2026-06-29T19:00:00,6,2.42,True,
MFBLb9,,Birinshi Lombard,Birinshi Lombard,bond,corporate,KZT,https://kase.kz/api/instruments/securities/?sec_type=bond,https://kase.kz/ru/investors/bonds/MFBLb9,True,PENDING,PARTIAL,DATA_READY,,5,2026-02-18T19:00:00,2026-06-29T19:00:00,5,2.02,True,
MFBRb1,,МФО Береке,МФО Береке,bond,corporate,KZT,https://kase.kz/api/instruments/securities/?sec_type=bond,https://kase.kz/ru/investors/bonds/MFBRb1,True,PENDING,UNAVAILABLE,NO_HISTORY,NO_PUBLIC_HISTORY,0,,,0,0.0,True,
MFBRb2,,МФО Береке,МФО Береке,bond,corporate,KZT,https://kase.kz/api/instruments/securities/?sec_type=bond,https://kase.kz/ru/investors/bonds/MFBRb2,True,PENDING,PARTIAL,DATA_READY,,66,2025-08-27T19:00:00,2026-07-28T19:00:00,66,26.61,True,
MFBRb3,,МФО Береке,МФО Береке,bond,corporate,KZT,https://kase.kz/api/instruments/securities/?sec_type=bond,https://kase.kz/ru/investors/bonds/MFBRb3,True,PENDING,UNAVAILABLE,NO_HISTORY,NO_PUBLIC_HISTORY,0,,,0,0.0,True,
MFCCb1,,"МФО ""СиСиЛоун.кз""","МФО ""СиСиЛоун.кз""",bond,corporate,KZT,https://kase.kz/api/instruments/securities/?sec_type=bond,https://kase.kz/ru/investors/bonds/MFCCb1,False,UNAVAILABLE,UNAVAILABLE,NO_CHART,INSTRUMENT_DELISTED,0,,,0,0.0,True,
MFCFb1,,"МФО ""Азиатский Кредитный Фонд""","МФО ""Азиатский Кредитный Фонд""",bond,corporate,KZT,https://kase.kz/api/instruments/securities/?sec_type=bond,https://kase.kz/ru/investors/bonds/MFCFb1,True,PENDING,PARTIAL,DATA_READY,,123,2025-08-27T19:00:00,2026-08-27T19:00:00,123,49.6,True,
MFCFb2,,"МФО ""Азиатский Кредитный Фонд""","МФО ""Азиатский Кредитный Фонд""",bond,corporate,KZT,https://kase.kz/api/instruments/securities/?sec_type=bond,https://kase.kz/ru/investors/bonds/MFCFb2,True,PENDING,PARTIAL,DATA_READY,,231,2025-08-28T19:00:00,2026-08-27T19:00:00,231,93.15,True,
MFCIb1,,"МФО ""Капиталинвест""","МФО ""Капиталинвест""",bond,corporate,KZT,https://kase.kz/api/instruments/securities/?sec_type=bond,https://kase.kz/ru/investors/bonds/MFCIb1,False,UNAVAILABLE,UNAVAILABLE,NO_CHART,INSTRUMENT_DELISTED,0,,,0,0.0,True,
MFCIb2,,"МФО ""Капиталинвест""","МФО ""Капиталинвест""",bond,corporate,KZT,https://kase.kz/api/instruments/securities/?sec_type=bond,https://kase.kz/ru/investors/bonds/MFCIb2,True,PENDING,PARTIAL,DATA_READY,,222,2025-08-27T19:00:00,2026-08-27T19:00:00,222,89.52,True,
MFCRb1,,МФО CapitalCredit,МФО CapitalCredit,bond,corporate,KZT,https://kase.kz/api/instruments/securities/?sec_type=bond,https://kase.kz/ru/investors/bonds/MFCRb1,True,PENDING,PARTIAL,DATA_READY,,41,2026-06-09T19:00:00,2026-08-26T19:00:00,41,16.53,True,
MFDFb1,,"МФО ""ФинТехЛаб""","МФО ""ФинТехЛаб""",bond,corporate,KZT,https://kase.kz/api/instruments/securities/?sec_type=bond,https://kase.kz/ru/investors/bonds/MFDFb1,False,UNAVAILABLE,UNAVAILABLE,NO_CHART,INSTRUMENT_DELISTED,0,,,0,0.0,True,
MFDFb2,,"МФО ""ФинТехЛаб""","МФО ""ФинТехЛаб""",bond,corporate,USD,https://kase.kz/api/instruments/securities/?sec_type=bond,https://kase.kz/ru/investors/bonds/MFDFb2,False,UNAVAILABLE,UNAVAILABLE,NO_CHART,INSTRUMENT_DELISTED,0,,,0,0.0,True,
MFDFb3,,"МФО ""ФинТехЛаб""","МФО ""ФинТехЛаб""",bond,corporate,KZT,https://kase.kz/api/instruments/securities/?sec_type=bond,https://kase.kz/ru/investors/bonds/MFDFb3,True,PENDING,PARTIAL,DATA_READY,,194,2025-08-27T19:00:00,2026-08-26T19:00:00,194,78.23,True,
MFDFb4,,"МФО ""ФинТехЛаб""","МФО ""ФинТехЛаб""",bond,corporate,KZT,https://kase.kz/api/instruments/securities/?sec_type=bond,https://kase.kz/ru/investors/bonds/MFDFb4,True,PENDING,PARTIAL,DATA_READY,,148,2025-11-16T19:00:00,2026-08-24T19:00:00,148,59.68,True,
MFDFb5,,"МФО ""ФинТехЛаб""","МФО ""ФинТехЛаб""",bond,corporate,KZT,https://kase.kz/api/instruments/securities/?sec_type=bond,https://kase.kz/ru/investors/bonds/MFDFb5,True,PENDING,PARTIAL,DATA_READY,,149,2025-12-24T19:00:00,2026-08-27T19:00:00,149,60.08,True,
MFDFb6,,"МФО ""ФинТехЛаб""","МФО ""ФинТехЛаб""",bond,corporate,KZT,https://kase.kz/api/instruments/securities/?sec_type=bond,https://kase.kz/ru/investors/bonds/MFDFb6,True,PENDING,UNAVAILABLE,NO_HISTORY,NO_PUBLIC_HISTORY,0,,,0,0.0,True,
MFDFb7,,"МФО ""ФинТехЛаб""","МФО ""ФинТехЛаб""",bond,corporate,KZT,https://kase.kz/api/instruments/securities/?sec_type=bond,https://kase.kz/ru/investors/bonds/MFDFb7,True,PENDING,UNAVAILABLE,NO_HISTORY,NO_PUBLIC_HISTORY,0,,,0,0.0,True,
MFDGb1,,"МФО ""Деньги говорят""","МФО ""Деньги говорят""",bond,corporate,KZT,https://kase.kz/api/instruments/securities/?sec_type=bond,https://kase.kz/ru/investors/bonds/MFDGb1,True,PENDING,PARTIAL,DATA_READY,,193,2025-08-27T19:00:00,2026-08-27T19:00:00,193,77.82,True,
MFECb1,,МФО ЭКО - Финанс,МФО ЭКО - Финанс,bond,corporate,KZT,https://kase.kz/api/instruments/securities/?sec_type=bond,https://kase.kz/ru/investors/bonds/MFECb1,False,UNAVAILABLE,UNAVAILABLE,NO_CHART,INSTRUMENT_DELISTED,0,,,0,0.0,True,
MFECb2,,МФО ЭКО - Финанс,МФО ЭКО - Финанс,bond,corporate,KZT,https://kase.kz/api/instruments/securities/?sec_type=bond,https://kase.kz/ru/investors/bonds/MFECb2,False,UNAVAILABLE,UNAVAILABLE,NO_CHART,INSTRUMENT_DELISTED,0,,,0,0.0,True,
MFECb3,,МФО ЭКО - Финанс,МФО ЭКО - Финанс,bond,corporate,KZT,https://kase.kz/api/instruments/securities/?sec_type=bond,https://kase.kz/ru/investors/bonds/MFECb3,True,PENDING,PARTIAL,DATA_READY,,27,2025-11-30T19:00:00,2026-08-26T19:00:00,27,10.89,True,
MFEFpp1,,"МФО ""Express Finance Group""","МФО ""Express Finance Group""",bond,corporate,KZT,https://kase.kz/api/instruments/securities/?sec_type=bond,https://kase.kz/ru/investors/bonds/MFEFpp1,True,PENDING,UNAVAILABLE,NO_HISTORY,NO_PUBLIC_HISTORY,0,,,0,0.0,True,
MFFKpp1,,МФО ФРИДОМ ФИНАНС Кредит,МФО ФРИДОМ ФИНАНС Кредит,bond,corporate,KZT,https://kase.kz/api/instruments/securities/?sec_type=bond,https://kase.kz/ru/investors/bonds/MFFKpp1,True,PENDING,UNAVAILABLE,NO_HISTORY,NO_PUBLIC_HISTORY,0,,,0,0.0,True,
MFGCpp1,,Ломбард Goldencapital.kz,Ломбард Goldencapital.kz,bond,corporate,KZT,https://kase.kz/api/instruments/securities/?sec_type=bond,https://kase.kz/ru/investors/bonds/MFGCpp1,True,PENDING,UNAVAILABLE,NO_HISTORY,NO_PUBLIC_HISTORY,0,,,0,0.0,True,
MFHCb1,,"Ломбард ""HAYAT CAPITAL""","Ломбард ""HAYAT CAPITAL""",bond,corporate,KZT,https://kase.kz/api/instruments/securities/?sec_type=bond,https://kase.kz/ru/investors/bonds/MFHCb1,True,PENDING,PARTIAL,DATA_READY,,186,2025-10-16T19:00:00,2026-08-27T19:00:00,186,75.0,True,
MFKMb1,,KMF Банк,KMF Банк,bond,corporate,KZT,https://kase.kz/api/instruments/securities/?sec_type=bond,https://kase.kz/ru/investors/bonds/MFKMb1,False,UNAVAILABLE,UNAVAILABLE,NO_CHART,INSTRUMENT_DELISTED,0,,,0,0.0,True,
MFKMb10,,KMF Банк,KMF Банк,bond,corporate,KZT,https://kase.kz/api/instruments/securities/?sec_type=bond,https://kase.kz/ru/investors/bonds/MFKMb10,True,PENDING,PARTIAL,DATA_READY,,56,2026-06-01T19:00:00,2026-08-27T19:00:00,56,22.58,True,
MFKMb11,,KMF Банк,KMF Банк,bond,corporate,KZT,https://kase.kz/api/instruments/securities/?sec_type=bond,https://kase.kz/ru/investors/bonds/MFKMb11,True,PENDING,PARTIAL,DATA_READY,,44,2026-05-28T19:00:00,2026-08-27T19:00:00,44,17.74,True,
MFKMb12,,KMF Банк,KMF Банк,bond,corporate,KZT,https://kase.kz/api/instruments/securities/?sec_type=bond,https://kase.kz/ru/investors/bonds/MFKMb12,True,PENDING,PARTIAL,DATA_READY,,60,2026-06-01T19:00:00,2026-08-27T19:00:00,60,24.19,True,
MFKMb2,,KMF Банк,KMF Банк,bond,corporate,KZT,https://kase.kz/api/instruments/securities/?sec_type=bond,https://kase.kz/ru/investors/bonds/MFKMb2,False,UNAVAILABLE,UNAVAILABLE,NO_CHART,INSTRUMENT_DELISTED,0,,,0,0.0,True,
MFKMb3,,KMF Банк,KMF Банк,bond,corporate,KZT,https://kase.kz/api/instruments/securities/?sec_type=bond,https://kase.kz/ru/investors/bonds/MFKMb3,False,UNAVAILABLE,UNAVAILABLE,NO_CHART,INSTRUMENT_DELISTED,0,,,0,0.0,True,
MFKMb4,,KMF Банк,KMF Банк,bond,corporate,KZT,https://kase.kz/api/instruments/securities/?sec_type=bond,https://kase.kz/ru/investors/bonds/MFKMb4,False,UNAVAILABLE,UNAVAILABLE,NO_CHART,INSTRUMENT_DELISTED,0,,,0,0.0,True,
MFKMb5,,KMF Банк,KMF Банк,bond,corporate,KZT,https://kase.kz/api/instruments/securities/?sec_type=bond,https://kase.kz/ru/investors/bonds/MFKMb5,False,UNAVAILABLE,UNAVAILABLE,NO_CHART,INSTRUMENT_DELISTED,0,,,0,0.0,True,
MFKMb6,,KMF Банк,KMF Банк,bond,corporate,KZT,https://kase.kz/api/instruments/securities/?sec_type=bond,https://kase.kz/ru/investors/bonds/MFKMb6,False,UNAVAILABLE,UNAVAILABLE,NO_CHART,INSTRUMENT_DELISTED,0,,,0,0.0,True,
MFKMb7,,KMF Банк,KMF Банк,bond,corporate,KZT,https://kase.kz/api/instruments/securities/?sec_type=bond,https://kase.kz/ru/investors/bonds/MFKMb7,False,UNAVAILABLE,UNAVAILABLE,NO_CHART,INSTRUMENT_DELISTED,0,,,0,0.0,True,
MFKMb8,,KMF Банк,KMF Банк,bond,corporate,KZT,https://kase.kz/api/instruments/securities/?sec_type=bond,https://kase.kz/ru/investors/bonds/MFKMb8,True,PENDING,PARTIAL,DATA_READY,,148,2025-12-28T19:00:00,2026-08-27T19:00:00,148,59.68,True,
MFKMb9,,KMF Банк,KMF Банк,bond,corporate,KZT,https://kase.kz/api/instruments/securities/?sec_type=bond,https://kase.kz/ru/investors/bonds/MFKMb9,True,PENDING,PARTIAL,DATA_READY,,45,2026-03-30T19:00:00,2026-08-27T19:00:00,45,18.15,True,
MFKTb1,,"МФО ""Кредит Time""","МФО ""Кредит Time""",bond,corporate,KZT,https://kase.kz/api/instruments/securities/?sec_type=bond,https://kase.kz/ru/investors/bonds/MFKTb1,False,UNAVAILABLE,UNAVAILABLE,NO_CHART,INSTRUMENT_DELISTED,0,,,0,0.0,True,
MFKTb2,,"МФО ""Кредит Time""","МФО ""Кредит Time""",bond,corporate,USD,https://kase.kz/api/instruments/securities/?sec_type=bond,https://kase.kz/ru/investors/bonds/MFKTb2,False,UNAVAILABLE,UNAVAILABLE,NO_CHART,INSTRUMENT_DELISTED,0,,,0,0.0,True,
MFKTb3,,"МФО ""Кредит Time""","МФО ""Кредит Time""",bond,corporate,KZT,https://kase.kz/api/instruments/securities/?sec_type=bond,https://kase.kz/ru/investors/bonds/MFKTb3,True,PENDING,PARTIAL,DATA_READY,,62,2025-08-27T19:00:00,2026-08-16T19:00:00,62,25.0,True,
MFKTb4,,"МФО ""Кредит Time""","МФО ""Кредит Time""",bond,corporate,KZT,https://kase.kz/api/instruments/securities/?sec_type=bond,https://kase.kz/ru/investors/bonds/MFKTb4,True,PENDING,PARTIAL,DATA_READY,,186,2025-08-28T19:00:00,2026-08-27T19:00:00,186,75.0,True,
MFKTb5,,"МФО ""Кредит Time""","МФО ""Кредит Time""",bond,corporate,KZT,https://kase.kz/api/instruments/securities/?sec_type=bond,https://kase.kz/ru/investors/bonds/MFKTb5,True,PENDING,PARTIAL,DATA_READY,,1,2025-12-01T19:00:00,2025-12-01T19:00:00,1,0.4,True,
MFLGb1,,"Ломбард ""GoldFinMarket""","Ломбард ""GoldFinMarket""",bond,corporate,KZT,https://kase.kz/api/instruments/securities/?sec_type=bond,https://kase.kz/ru/investors/bonds/MFLGb1,False,UNAVAILABLE,UNAVAILABLE,NO_CHART,INSTRUMENT_DELISTED,0,,,0,0.0,True,
MFLGb10,,"Ломбард ""GoldFinMarket""","Ломбард ""GoldFinMarket""",bond,corporate,USD,https://kase.kz/api/instruments/securities/?sec_type=bond,https://kase.kz/ru/investors/bonds/MFLGb10,True,PENDING,PARTIAL,DATA_READY,,4,2026-04-26T19:00:00,2026-05-18T19:00:00,4,1.61,True,
MFLGb11,,"Ломбард ""GoldFinMarket""","Ломбард ""GoldFinMarket""",bond,corporate,USD,https://kase.kz/api/instruments/securities/?sec_type=bond,https://kase.kz/ru/investors/bonds/MFLGb11,True,PENDING,PARTIAL,DATA_READY,,9,2026-06-14T19:00:00,2026-08-03T19:00:00,9,3.63,True,
MFLGb12,,"Ломбард ""GoldFinMarket""","Ломбард ""GoldFinMarket""",bond,corporate,KZT,https://kase.kz/api/instruments/securities/?sec_type=bond,https://kase.kz/ru/investors/bonds/MFLGb12,True,PENDING,UNAVAILABLE,NO_HISTORY,NO_PUBLIC_HISTORY,0,,,0,0.0,True,
MFLGb13,,"Ломбард ""GoldFinMarket""","Ломбард ""GoldFinMarket""",bond,corporate,KZT,https://kase.kz/api/instruments/securities/?sec_type=bond,https://kase.kz/ru/investors/bonds/MFLGb13,True,PENDING,PARTIAL,DATA_READY,,29,2025-08-27T19:00:00,2026-06-28T19:00:00,29,11.69,True,
MFLGb14,,"Ломбард ""GoldFinMarket""","Ломбард ""GoldFinMarket""",bond,corporate,KZT,https://kase.kz/api/instruments/securities/?sec_type=bond,https://kase.kz/ru/investors/bonds/MFLGb14,True,PENDING,PARTIAL,DATA_READY,,110,2025-09-02T19:00:00,2026-08-27T19:00:00,110,44.35,True,
MFLGb15,,"Ломбард ""GoldFinMarket""","Ломбард ""GoldFinMarket""",bond,corporate,KZT,https://kase.kz/api/instruments/securities/?sec_type=bond,https://kase.kz/ru/investors/bonds/MFLGb15,False,UNAVAILABLE,UNAVAILABLE,NO_CHART,INSTRUMENT_DELISTED,0,,,0,0.0,True,
MFLGb16,,"Ломбард ""GoldFinMarket""","Ломбард ""GoldFinMarket""",bond,corporate,KZT,https://kase.kz/api/instruments/securities/?sec_type=bond,https://kase.kz/ru/investors/bonds/MFLGb16,False,UNAVAILABLE,UNAVAILABLE,NO_CHART,INSTRUMENT_DELISTED,0,,,0,0.0,True,
MFLGb17,,"Ломбард ""GoldFinMarket""","Ломбард ""GoldFinMarket""",bond,corporate,KZT,https://kase.kz/api/instruments/securities/?sec_type=bond,https://kase.kz/ru/investors/bonds/MFLGb17,True,PENDING,PARTIAL,DATA_READY,,128,2025-09-24T19:00:00,2026-08-12T19:00:00,128,51.61,True,
MFLGb18,,"Ломбард ""GoldFinMarket""","Ломбард ""GoldFinMarket""",bond,corporate,KZT,https://kase.kz/api/instruments/securities/?sec_type=bond,https://kase.kz/ru/investors/bonds/MFLGb18,True,PENDING,PARTIAL,DATA_READY,,117,2025-10-29T19:00:00,2026-08-27T19:00:00,117,47.18,True,
MFLGb19,,"Ломбард ""GoldFinMarket""","Ломбард ""GoldFinMarket""",bond,corporate,KZT,https://kase.kz/api/instruments/securities/?sec_type=bond,https://kase.kz/ru/investors/bonds/MFLGb19,False,UNAVAILABLE,UNAVAILABLE,NO_CHART,INSTRUMENT_DELISTED,0,,,0,0.0,True,
MFLGb2,,"Ломбард ""GoldFinMarket""","Ломбард ""GoldFinMarket""",bond,corporate,KZT,https://kase.kz/api/instruments/securities/?sec_type=bond,https://kase.kz/ru/investors/bonds/MFLGb2,False,UNAVAILABLE,UNAVAILABLE,NO_CHART,INSTRUMENT_DELISTED,0,,,0,0.0,True,
MFLGb20,,"Ломбард ""GoldFinMarket""","Ломбард ""GoldFinMarket""",bond,corporate,KZT,https://kase.kz/api/instruments/securities/?sec_type=bond,https://kase.kz/ru/investors/bonds/MFLGb20,True,PENDING,UNAVAILABLE,NO_HISTORY,NO_PUBLIC_HISTORY,0,,,0,0.0,True,
MFLGb21,,"Ломбард ""GoldFinMarket""","Ломбард ""GoldFinMarket""",bond,corporate,KZT,https://kase.kz/api/instruments/securities/?sec_type=bond,https://kase.kz/ru/investors/bonds/MFLGb21,True,PENDING,PARTIAL,DATA_READY,,15,2026-03-12T19:00:00,2026-05-11T19:00:00,15,6.05,True,
MFLGb22,,"Ломбард ""GoldFinMarket""","Ломбард ""GoldFinMarket""",bond,corporate,KZT,https://kase.kz/api/instruments/securities/?sec_type=bond,https://kase.kz/ru/investors/bonds/MFLGb22,True,PENDING,PARTIAL,DATA_READY,,140,2026-01-22T19:00:00,2026-08-27T19:00:00,140,56.45,True,
MFLGb23,,"Ломбард ""GoldFinMarket""","Ломбард ""GoldFinMarket""",bond,corporate,KZT,https://kase.kz/api/instruments/securities/?sec_type=bond,https://kase.kz/ru/investors/bonds/MFLGb23,True,PENDING,UNAVAILABLE,NO_HISTORY,NO_PUBLIC_HISTORY,0,,,0,0.0,True,
MFLGb24,,"Ломбард ""GoldFinMarket""","Ломбард ""GoldFinMarket""",bond,corporate,KZT,https://kase.kz/api/instruments/securities/?sec_type=bond,https://kase.kz/ru/investors/bonds/MFLGb24,True,PENDING,UNAVAILABLE,NO_HISTORY,NO_PUBLIC_HISTORY,0,,,0,0.0,True,
MFLGb25,,"Ломбард ""GoldFinMarket""","Ломбард ""GoldFinMarket""",bond,corporate,KZT,https://kase.kz/api/instruments/securities/?sec_type=bond,https://kase.kz/ru/investors/bonds/MFLGb25,True,PENDING,UNAVAILABLE,NO_HISTORY,NO_PUBLIC_HISTORY,0,,,0,0.0,True,
MFLGb26,,"Ломбард ""GoldFinMarket""","Ломбард ""GoldFinMarket""",bond,corporate,KZT,https://kase.kz/api/instruments/securities/?sec_type=bond,https://kase.kz/ru/investors/bonds/MFLGb26,True,PENDING,UNAVAILABLE,NO_HISTORY,NO_PUBLIC_HISTORY,0,,,0,0.0,True,
MFLGb27,,"Ломбард ""GoldFinMarket""","Ломбард ""GoldFinMarket""",bond,corporate,KZT,https://kase.kz/api/instruments/securities/?sec_type=bond,https://kase.kz/ru/investors/bonds/MFLGb27,True,PENDING,PARTIAL,DATA_READY,,13,2026-06-24T19:00:00,2026-08-27T19:00:00,13,5.24,True,
MFLGb28,,"Ломбард ""GoldFinMarket""","Ломбард ""GoldFinMarket""",bond,corporate,KZT,https://kase.kz/api/instruments/securities/?sec_type=bond,https://kase.kz/ru/investors/bonds/MFLGb28,True,PENDING,PARTIAL,DATA_READY,,33,2026-04-26T19:00:00,2026-07-27T19:00:00,33,13.31,True,
MFLGb29,,"Ломбард ""GoldFinMarket""","Ломбард ""GoldFinMarket""",bond,corporate,KZT,https://kase.kz/api/instruments/securities/?sec_type=bond,https://kase.kz/ru/investors/bonds/MFLGb29,True,PENDING,UNAVAILABLE,NO_HISTORY,NO_PUBLIC_HISTORY,0,,,0,0.0,True,
MFLGb3,,"Ломбард ""GoldFinMarket""","Ломбард ""GoldFinMarket""",bond,corporate,KZT,https://kase.kz/api/instruments/securities/?sec_type=bond,https://kase.kz/ru/investors/bonds/MFLGb3,False,UNAVAILABLE,UNAVAILABLE,NO_CHART,INSTRUMENT_DELISTED,0,,,0,0.0,True,
MFLGb30,,"Ломбард ""GoldFinMarket""","Ломбард ""GoldFinMarket""",bond,corporate,KZT,https://kase.kz/api/instruments/securities/?sec_type=bond,https://kase.kz/ru/investors/bonds/MFLGb30,True,PENDING,UNAVAILABLE,NO_HISTORY,NO_PUBLIC_HISTORY,0,,,0,0.0,True,
MFLGb31,,"Ломбард ""GoldFinMarket""","Ломбард ""GoldFinMarket""",bond,corporate,KZT,https://kase.kz/api/instruments/securities/?sec_type=bond,https://kase.kz/ru/investors/bonds/MFLGb31,True,PENDING,UNAVAILABLE,NO_HISTORY,NO_PUBLIC_HISTORY,0,,,0,0.0,True,
MFLGb32,,"Ломбард ""GoldFinMarket""","Ломбард ""GoldFinMarket""",bond,corporate,KZT,https://kase.kz/api/instruments/securities/?sec_type=bond,https://kase.kz/ru/investors/bonds/MFLGb32,True,PENDING,UNAVAILABLE,NO_HISTORY,NO_PUBLIC_HISTORY,0,,,0,0.0,True,
MFLGb33,,"Ломбард ""GoldFinMarket""","Ломбард ""GoldFinMarket""",bond,corporate,KZT,https://kase.kz/api/instruments/securities/?sec_type=bond,https://kase.kz/ru/investors/bonds/MFLGb33,True,PENDING,UNAVAILABLE,NO_HISTORY,NO_PUBLIC_HISTORY,0,,,0,0.0,True,
MFLGb4,,"Ломбард ""GoldFinMarket""","Ломбард ""GoldFinMarket""",bond,corporate,KZT,https://kase.kz/api/instruments/securities/?sec_type=bond,https://kase.kz/ru/investors/bonds/MFLGb4,False,UNAVAILABLE,UNAVAILABLE,NO_CHART,INSTRUMENT_DELISTED,0,,,0,0.0,True,
MFLGb5,,"Ломбард ""GoldFinMarket""","Ломбард ""GoldFinMarket""",bond,corporate,KZT,https://kase.kz/api/instruments/securities/?sec_type=bond,https://kase.kz/ru/investors/bonds/MFLGb5,False,UNAVAILABLE,UNAVAILABLE,NO_CHART,INSTRUMENT_DELISTED,0,,,0,0.0,True,
MFLGb6,,"Ломбард ""GoldFinMarket""","Ломбард ""GoldFinMarket""",bond,corporate,KZT,https://kase.kz/api/instruments/securities/?sec_type=bond,https://kase.kz/ru/investors/bonds/MFLGb6,False,UNAVAILABLE,UNAVAILABLE,NO_CHART,INSTRUMENT_DELISTED,0,,,0,0.0,True,
MFLGb7,,"Ломбард ""GoldFinMarket""","Ломбард ""GoldFinMarket""",bond,corporate,KZT,https://kase.kz/api/instruments/securities/?sec_type=bond,https://kase.kz/ru/investors/bonds/MFLGb7,True,PENDING,PARTIAL,DATA_READY,,55,2025-08-27T19:00:00,2026-08-27T19:00:00,55,22.18,True,
MFLGb8,,"Ломбард ""GoldFinMarket""","Ломбард ""GoldFinMarket""",bond,corporate,KZT,https://kase.kz/api/instruments/securities/?sec_type=bond,https://kase.kz/ru/investors/bonds/MFLGb8,True,PENDING,PARTIAL,DATA_READY,,145,2025-08-27T19:00:00,2026-08-27T19:00:00,145,58.47,True,
MFLGb9,,"Ломбард ""GoldFinMarket""","Ломбард ""GoldFinMarket""",bond,corporate,KZT,https://kase.kz/api/instruments/securities/?sec_type=bond,https://kase.kz/ru/investors/bonds/MFLGb9,False,UNAVAILABLE,UNAVAILABLE,NO_CHART,INSTRUMENT_DELISTED,0,,,0,0.0,True,
MFLNb1,,"МФО ""Lender""","МФО ""Lender""",bond,corporate,KZT,https://kase.kz/api/instruments/securities/?sec_type=bond,https://kase.kz/ru/investors/bonds/MFLNb1,True,PENDING,PARTIAL,DATA_READY,,13,2026-01-25T19:00:00,2026-08-20T19:00:00,13,5.24,True,
MFLNb2,,"МФО ""Lender""","МФО ""Lender""",bond,corporate,KZT,https://kase.kz/api/instruments/securities/?sec_type=bond,https://kase.kz/ru/investors/bonds/MFLNb2,True,PENDING,PARTIAL,DATA_READY,,92,2026-03-31T19:00:00,2026-08-27T19:00:00,92,37.1,True,
MFLNpp1,,"МФО ""Lender""","МФО ""Lender""",bond,corporate,USD,https://kase.kz/api/instruments/securities/?sec_type=bond,https://kase.kz/ru/investors/bonds/MFLNpp1,True,PENDING,UNAVAILABLE,NO_HISTORY,NO_PUBLIC_HISTORY,0,,,0,0.0,True,
MFLPb1,,Ломбард Прогресс,Ломбард Прогресс,bond,corporate,KZT,https://kase.kz/api/instruments/securities/?sec_type=bond,https://kase.kz/ru/investors/bonds/MFLPb1,False,UNAVAILABLE,UNAVAILABLE,NO_CHART,INSTRUMENT_DELISTED,0,,,0,0.0,True,
MFLPb2,,Ломбард Прогресс,Ломбард Прогресс,bond,corporate,KZT,https://kase.kz/api/instruments/securities/?sec_type=bond,https://kase.kz/ru/investors/bonds/MFLPb2,True,PENDING,PARTIAL,DATA_READY,,88,2025-08-27T19:00:00,2026-08-25T19:00:00,88,35.48,True,
MFLSb1,,"Ломбард ""Серт А""","Ломбард ""Серт А""",bond,corporate,KZT,https://kase.kz/api/instruments/securities/?sec_type=bond,https://kase.kz/ru/investors/bonds/MFLSb1,True,PENDING,PARTIAL,DATA_READY,,24,2026-01-15T19:00:00,2026-08-27T19:00:00,24,9.68,True,
MFMCb1,,МФО MyCar Finance,МФО MyCar Finance,bond,corporate,KZT,https://kase.kz/api/instruments/securities/?sec_type=bond,https://kase.kz/ru/investors/bonds/MFMCb1,False,UNAVAILABLE,UNAVAILABLE,NO_CHART,INSTRUMENT_DELISTED,0,,,0,0.0,True,
MFMCb2,,МФО MyCar Finance,МФО MyCar Finance,bond,corporate,KZT,https://kase.kz/api/instruments/securities/?sec_type=bond,https://kase.kz/ru/investors/bonds/MFMCb2,True,PENDING,PARTIAL,DATA_READY,,35,2025-08-28T19:00:00,2026-08-18T19:00:00,35,14.11,True,
MFMCb3,,МФО MyCar Finance,МФО MyCar Finance,bond,corporate,KZT,https://kase.kz/api/instruments/securities/?sec_type=bond,https://kase.kz/ru/investors/bonds/MFMCb3,True,PENDING,PARTIAL,DATA_READY,,32,2026-05-25T19:00:00,2026-08-25T19:00:00,32,12.9,True,
MFMGpp1,,"МФО ""МиГ Кредит Астана""","МФО ""МиГ Кредит Астана""",bond,corporate,KZT,https://kase.kz/api/instruments/securities/?sec_type=bond,https://kase.kz/ru/investors/bonds/MFMGpp1,True,PENDING,UNAVAILABLE,NO_HISTORY,NO_PUBLIC_HISTORY,0,,,0,0.0,True,
MFMKpp1,,"МФО ""Казахстанская Микрофинансовая Компания","МФО ""Казахстанская Микрофинансовая Компания",bond,corporate,KZT,https://kase.kz/api/instruments/securities/?sec_type=bond,https://kase.kz/ru/investors/bonds/MFMKpp1,True,PENDING,UNAVAILABLE,NO_HISTORY,NO_PUBLIC_HISTORY,0,,,0,0.0,True,
MFMOb1,,"МФО ""Jet Finance""","МФО ""Jet Finance""",bond,corporate,USD,https://kase.kz/api/instruments/securities/?sec_type=bond,https://kase.kz/ru/investors/bonds/MFMOb1,False,UNAVAILABLE,UNAVAILABLE,NO_CHART,INSTRUMENT_DELISTED,0,,,0,0.0,True,
MFMOb10,,"МФО ""Jet Finance""","МФО ""Jet Finance""",bond,corporate,USD,https://kase.kz/api/instruments/securities/?sec_type=bond,https://kase.kz/ru/investors/bonds/MFMOb10,True,PENDING,PARTIAL,DATA_READY,,132,2025-08-27T19:00:00,2026-08-27T19:00:00,132,53.23,True,
MFMOb11,,"МФО ""Jet Finance""","МФО ""Jet Finance""",bond,corporate,KZT,https://kase.kz/api/instruments/securities/?sec_type=bond,https://kase.kz/ru/investors/bonds/MFMOb11,False,UNAVAILABLE,UNAVAILABLE,NO_CHART,INSTRUMENT_DELISTED,0,,,0,0.0,True,
MFMOb12,,"МФО ""Jet Finance""","МФО ""Jet Finance""",bond,corporate,KZT,https://kase.kz/api/instruments/securities/?sec_type=bond,https://kase.kz/ru/investors/bonds/MFMOb12,False,UNAVAILABLE,UNAVAILABLE,NO_CHART,INSTRUMENT_DELISTED,0,,,0,0.0,True,
MFMOb13,,"МФО ""Jet Finance""","МФО ""Jet Finance""",bond,corporate,KZT,https://kase.kz/api/instruments/securities/?sec_type=bond,https://kase.kz/ru/investors/bonds/MFMOb13,False,UNAVAILABLE,UNAVAILABLE,NO_CHART,INSTRUMENT_DELISTED,0,,,0,0.0,True,
MFMOb14,,"МФО ""Jet Finance""","МФО ""Jet Finance""",bond,corporate,KZT,https://kase.kz/api/instruments/securities/?sec_type=bond,https://kase.kz/ru/investors/bonds/MFMOb14,False,UNAVAILABLE,UNAVAILABLE,NO_CHART,INSTRUMENT_DELISTED,0,,,0,0.0,True,
MFMOb15,,"МФО ""Jet Finance""","МФО ""Jet Finance""",bond,corporate,KZT,https://kase.kz/api/instruments/securities/?sec_type=bond,https://kase.kz/ru/investors/bonds/MFMOb15,True,PENDING,PARTIAL,DATA_READY,,72,2025-11-17T19:00:00,2026-08-13T19:00:00,72,29.03,True,
MFMOb16,,"МФО ""Jet Finance""","МФО ""Jet Finance""",bond,corporate,USD,https://kase.kz/api/instruments/securities/?sec_type=bond,https://kase.kz/ru/investors/bonds/MFMOb16,False,UNAVAILABLE,UNAVAILABLE,NO_CHART,INSTRUMENT_DELISTED,0,,,0,0.0,True,
MFMOb17,,"МФО ""Jet Finance""","МФО ""Jet Finance""",bond,corporate,USD,https://kase.kz/api/instruments/securities/?sec_type=bond,https://kase.kz/ru/investors/bonds/MFMOb17,False,UNAVAILABLE,UNAVAILABLE,NO_CHART,INSTRUMENT_DELISTED,0,,,0,0.0,True,
MFMOb18,,"МФО ""Jet Finance""","МФО ""Jet Finance""",bond,corporate,KZT,https://kase.kz/api/instruments/securities/?sec_type=bond,https://kase.kz/ru/investors/bonds/MFMOb18,False,UNAVAILABLE,UNAVAILABLE,NO_CHART,INSTRUMENT_DELISTED,0,,,0,0.0,True,
MFMOb19,,"МФО ""Jet Finance""","МФО ""Jet Finance""",bond,corporate,USD,https://kase.kz/api/instruments/securities/?sec_type=bond,https://kase.kz/ru/investors/bonds/MFMOb19,False,UNAVAILABLE,UNAVAILABLE,NO_CHART,INSTRUMENT_DELISTED,0,,,0,0.0,True,
MFMOb2,,"МФО ""Jet Finance""","МФО ""Jet Finance""",bond,corporate,KZT,https://kase.kz/api/instruments/securities/?sec_type=bond,https://kase.kz/ru/investors/bonds/MFMOb2,False,UNAVAILABLE,UNAVAILABLE,NO_CHART,INSTRUMENT_DELISTED,0,,,0,0.0,True,
MFMOb20,,"МФО ""Jet Finance""","МФО ""Jet Finance""",bond,corporate,USD,https://kase.kz/api/instruments/securities/?sec_type=bond,https://kase.kz/ru/investors/bonds/MFMOb20,False,UNAVAILABLE,UNAVAILABLE,NO_CHART,INSTRUMENT_DELISTED,0,,,0,0.0,True,
MFMOb21,,"МФО ""Jet Finance""","МФО ""Jet Finance""",bond,corporate,USD,https://kase.kz/api/instruments/securities/?sec_type=bond,https://kase.kz/ru/investors/bonds/MFMOb21,False,UNAVAILABLE,UNAVAILABLE,NO_CHART,INSTRUMENT_DELISTED,0,,,0,0.0,True,
MFMOb22,,"МФО ""Jet Finance""","МФО ""Jet Finance""",bond,corporate,USD,https://kase.kz/api/instruments/securities/?sec_type=bond,https://kase.kz/ru/investors/bonds/MFMOb22,False,UNAVAILABLE,UNAVAILABLE,NO_CHART,INSTRUMENT_DELISTED,0,,,0,0.0,True,
MFMOb23,,"МФО ""Jet Finance""","МФО ""Jet Finance""",bond,corporate,KZT,https://kase.kz/api/instruments/securities/?sec_type=bond,https://kase.kz/ru/investors/bonds/MFMOb23,True,PENDING,COMPLETE,DATA_READY,,244,2025-08-27T19:00:00,2026-08-27T19:00:00,244,98.39,False,
MFMOb24,,"МФО ""Jet Finance""","МФО ""Jet Finance""",bond,corporate,KZT,https://kase.kz/api/instruments/securities/?sec_type=bond,https://kase.kz/ru/investors/bonds/MFMOb24,True,PENDING,COMPLETE,DATA_READY,,240,2025-08-27T19:00:00,2026-08-26T19:00:00,240,96.77,False,
MFMOb25,,"МФО ""Jet Finance""","МФО ""Jet Finance""",bond,corporate,KZT,https://kase.kz/api/instruments/securities/?sec_type=bond,https://kase.kz/ru/investors/bonds/MFMOb25,True,PENDING,COMPLETE,DATA_READY,,241,2025-08-27T19:00:00,2026-08-27T19:00:00,241,97.18,False,
MFMOb26,,"МФО ""Jet Finance""","МФО ""Jet Finance""",bond,corporate,USD,https://kase.kz/api/instruments/securities/?sec_type=bond,https://kase.kz/ru/investors/bonds/MFMOb26,True,PENDING,PARTIAL,DATA_READY,,125,2025-08-27T19:00:00,2026-08-20T19:00:00,125,50.4,True,
MFMOb27,,"МФО ""Jet Finance""","МФО ""Jet Finance""",bond,corporate,USD,https://kase.kz/api/instruments/securities/?sec_type=bond,https://kase.kz/ru/investors/bonds/MFMOb27,True,PENDING,PARTIAL,DATA_READY,,158,2025-08-27T19:00:00,2026-08-27T19:00:00,158,63.71,True,
MFMOb28,,"МФО ""Jet Finance""","МФО ""Jet Finance""",bond,corporate,USD,https://kase.kz/api/instruments/securities/?sec_type=bond,https://kase.kz/ru/investors/bonds/MFMOb28,True,PENDING,PARTIAL,DATA_READY,,137,2025-08-27T19:00:00,2026-08-27T19:00:00,137,55.24,True,
MFMOb29,,"МФО ""Jet Finance""","МФО ""Jet Finance""",bond,corporate,KZT,https://kase.kz/api/instruments/securities/?sec_type=bond,https://kase.kz/ru/investors/bonds/MFMOb29,True,PENDING,PARTIAL,DATA_READY,,216,2025-10-05T19:00:00,2026-08-27T19:00:00,216,87.1,True,
MFMOb3,,"МФО ""Jet Finance""","МФО ""Jet Finance""",bond,corporate,KZT,https://kase.kz/api/instruments/securities/?sec_type=bond,https://kase.kz/ru/investors/bonds/MFMOb3,False,UNAVAILABLE,UNAVAILABLE,NO_CHART,INSTRUMENT_DELISTED,0,,,0,0.0,True,
MFMOb30,,"МФО ""Jet Finance""","МФО ""Jet Finance""",bond,corporate,KZT,https://kase.kz/api/instruments/securities/?sec_type=bond,https://kase.kz/ru/investors/bonds/MFMOb30,True,PENDING,PARTIAL,DATA_READY,,161,2025-12-10T19:00:00,2026-08-27T19:00:00,161,64.92,True,
MFMOb31,,"МФО ""Jet Finance""","МФО ""Jet Finance""",bond,corporate,KZT,https://kase.kz/api/instruments/securities/?sec_type=bond,https://kase.kz/ru/investors/bonds/MFMOb31,True,PENDING,PARTIAL,DATA_READY,,62,2026-04-26T19:00:00,2026-08-27T19:00:00,62,25.0,True,
MFMOb32,,"МФО ""Jet Finance""","МФО ""Jet Finance""",bond,corporate,USD,https://kase.kz/api/instruments/securities/?sec_type=bond,https://kase.kz/ru/investors/bonds/MFMOb32,True,PENDING,PARTIAL,DATA_READY,,188,2025-08-27T19:00:00,2026-08-27T19:00:00,188,75.81,True,
MFMOb33,,"МФО ""Jet Finance""","МФО ""Jet Finance""",bond,corporate,USD,https://kase.kz/api/instruments/securities/?sec_type=bond,https://kase.kz/ru/investors/bonds/MFMOb33,True,PENDING,PARTIAL,DATA_READY,,167,2025-11-18T19:00:00,2026-08-26T19:00:00,167,67.34,True,
MFMOb34,,"МФО ""Jet Finance""","МФО ""Jet Finance""",bond,corporate,USD,https://kase.kz/api/instruments/securities/?sec_type=bond,https://kase.kz/ru/investors/bonds/MFMOb34,True,PENDING,PARTIAL,DATA_READY,,115,2026-02-25T19:00:00,2026-08-27T19:00:00,115,46.37,True,
MFMOb35,,"МФО ""Jet Finance""","МФО ""Jet Finance""",bond,corporate,USD,https://kase.kz/api/instruments/securities/?sec_type=bond,https://kase.kz/ru/investors/bonds/MFMOb35,True,PENDING,PARTIAL,DATA_READY,,38,2026-01-05T19:00:00,2026-03-10T19:00:00,38,15.32,True,
MFMOb36,,"МФО ""Jet Finance""","МФО ""Jet Finance""",bond,corporate,USD,https://kase.kz/api/instruments/securities/?sec_type=bond,https://kase.kz/ru/investors/bonds/MFMOb36,True,PENDING,PARTIAL,DATA_READY,,16,2026-03-09T19:00:00,2026-04-09T19:00:00,16,6.45,True,
MFMOb37,,"МФО ""Jet Finance""","МФО ""Jet Finance""",bond,corporate,KZT,https://kase.kz/api/instruments/securities/?sec_type=bond,https://kase.kz/ru/investors/bonds/MFMOb37,True,PENDING,PARTIAL,DATA_READY,,22,2026-07-26T19:00:00,2026-08-27T19:00:00,22,8.87,True,
MFMOb38,,"МФО ""Jet Finance""","МФО ""Jet Finance""",bond,corporate,KZT,https://kase.kz/api/instruments/securities/?sec_type=bond,https://kase.kz/ru/investors/bonds/MFMOb38,True,PENDING,UNAVAILABLE,NO_HISTORY,NO_PUBLIC_HISTORY,0,,,0,0.0,True,
MFMOb39,,"МФО ""Jet Finance""","МФО ""Jet Finance""",bond,corporate,KZT,https://kase.kz/api/instruments/securities/?sec_type=bond,https://kase.kz/ru/investors/bonds/MFMOb39,True,PENDING,UNAVAILABLE,NO_HISTORY,NO_PUBLIC_HISTORY,0,,,0,0.0,True,
MFMOb4,,"МФО ""Jet Finance""","МФО ""Jet Finance""",bond,corporate,USD,https://kase.kz/api/instruments/securities/?sec_type=bond,https://kase.kz/ru/investors/bonds/MFMOb4,False,UNAVAILABLE,UNAVAILABLE,NO_CHART,INSTRUMENT_DELISTED,0,,,0,0.0,True,
MFMOb40,,"МФО ""Jet Finance""","МФО ""Jet Finance""",bond,corporate,USD,https://kase.kz/api/instruments/securities/?sec_type=bond,https://kase.kz/ru/investors/bonds/MFMOb40,True,PENDING,PARTIAL,DATA_READY,,33,2026-06-23T19:00:00,2026-08-27T19:00:00,33,13.31,True,
MFMOb41,,"МФО ""Jet Finance""","МФО ""Jet Finance""",bond,corporate,USD,https://kase.kz/api/instruments/securities/?sec_type=bond,https://kase.kz/ru/investors/bonds/MFMOb41,True,PENDING,UNAVAILABLE,NO_HISTORY,NO_PUBLIC_HISTORY,0,,,0,0.0,True,
MFMOb42,,"МФО ""Jet Finance""","МФО ""Jet Finance""",bond,corporate,USD,https://kase.kz/api/instruments/securities/?sec_type=bond,https://kase.kz/ru/investors/bonds/MFMOb42,True,PENDING,UNAVAILABLE,NO_HISTORY,NO_PUBLIC_HISTORY,0,,,0,0.0,True,
MFMOb43,,"МФО ""Jet Finance""","МФО ""Jet Finance""",bond,corporate,USD,https://kase.kz/api/instruments/securities/?sec_type=bond,https://kase.kz/ru/investors/bonds/MFMOb43,True,PENDING,PARTIAL,DATA_READY,,9,2026-04-16T19:00:00,2026-05-14T19:00:00,9,3.63,True,
MFMOb44,,"МФО ""Jet Finance""","МФО ""Jet Finance""",bond,corporate,KZT,https://kase.kz/api/instruments/securities/?sec_type=bond,https://kase.kz/ru/investors/bonds/MFMOb44,True,PENDING,PARTIAL,DATA_READY,,18,2026-07-01T19:00:00,2026-08-24T19:00:00,18,7.26,True,
MFMOb45,,"МФО ""Jet Finance""","МФО ""Jet Finance""",bond,corporate,KZT,https://kase.kz/api/instruments/securities/?sec_type=bond,https://kase.kz/ru/investors/bonds/MFMOb45,True,PENDING,PARTIAL,DATA_READY,,2,2026-08-25T19:00:00,2026-08-27T19:00:00,2,0.81,True,
MFMOb46,,"МФО ""Jet Finance""","МФО ""Jet Finance""",bond,corporate,KZT,https://kase.kz/api/instruments/securities/?sec_type=bond,https://kase.kz/ru/investors/bonds/MFMOb46,True,PENDING,UNAVAILABLE,NO_HISTORY,NO_PUBLIC_HISTORY,0,,,0,0.0,True,
MFMOb47,,"МФО ""Jet Finance""","МФО ""Jet Finance""",bond,corporate,USD,https://kase.kz/api/instruments/securities/?sec_type=bond,https://kase.kz/ru/investors/bonds/MFMOb47,True,PENDING,PARTIAL,DATA_READY,,16,2026-05-20T19:00:00,2026-06-16T19:00:00,16,6.45,True,
MFMOb48,,"МФО ""Jet Finance""","МФО ""Jet Finance""",bond,corporate,USD,https://kase.kz/api/instruments/securities/?sec_type=bond,https://kase.kz/ru/investors/bonds/MFMOb48,True,PENDING,PARTIAL,DATA_READY,,30,2026-06-28T19:00:00,2026-08-23T19:00:00,30,12.1,True,
MFMOb49,,"МФО ""Jet Finance""","МФО ""Jet Finance""",bond,corporate,USD,https://kase.kz/api/instruments/securities/?sec_type=bond,https://kase.kz/ru/investors/bonds/MFMOb49,True,PENDING,PARTIAL,DATA_READY,,8,2026-08-05T19:00:00,2026-08-27T19:00:00,8,3.23,True,
MFMOb5,,"МФО ""Jet Finance""","МФО ""Jet Finance""",bond,corporate,KZT,https://kase.kz/api/instruments/securities/?sec_type=bond,https://kase.kz/ru/investors/bonds/MFMOb5,False,UNAVAILABLE,UNAVAILABLE,NO_CHART,INSTRUMENT_DELISTED,0,,,0,0.0,True,
MFMOb50,,"МФО ""Jet Finance""","МФО ""Jet Finance""",bond,corporate,USD,https://kase.kz/api/instruments/securities/?sec_type=bond,https://kase.kz/ru/investors/bonds/MFMOb50,True,PENDING,UNAVAILABLE,NO_HISTORY,NO_PUBLIC_HISTORY,0,,,0,0.0,True,
MFMOb6,,"МФО ""Jet Finance""","МФО ""Jet Finance""",bond,corporate,USD,https://kase.kz/api/instruments/securities/?sec_type=bond,https://kase.kz/ru/investors/bonds/MFMOb6,False,UNAVAILABLE,UNAVAILABLE,NO_CHART,INSTRUMENT_DELISTED,0,,,0,0.0,True,
MFMOb7,,"МФО ""Jet Finance""","МФО ""Jet Finance""",bond,corporate,KZT,https://kase.kz/api/instruments/securities/?sec_type=bond,https://kase.kz/ru/investors/bonds/MFMOb7,True,PENDING,PARTIAL,DATA_READY,,201,2025-08-27T19:00:00,2026-08-25T19:00:00,201,81.05,True,
MFMOb8,,"МФО ""Jet Finance""","МФО ""Jet Finance""",bond,corporate,KZT,https://kase.kz/api/instruments/securities/?sec_type=bond,https://kase.kz/ru/investors/bonds/MFMOb8,False,UNAVAILABLE,UNAVAILABLE,NO_CHART,INSTRUMENT_DELISTED,0,,,0,0.0,True,
MFMOb9,,"МФО ""Jet Finance""","МФО ""Jet Finance""",bond,corporate,USD,https://kase.kz/api/instruments/securities/?sec_type=bond,https://kase.kz/ru/investors/bonds/MFMOb9,False,UNAVAILABLE,UNAVAILABLE,NO_CHART,INSTRUMENT_DELISTED,0,,,0,0.0,True,
MFNKb1,,"МФО ""НИЕТ Кредит""","МФО ""НИЕТ Кредит""",bond,corporate,KZT,https://kase.kz/api/instruments/securities/?sec_type=bond,https://kase.kz/ru/investors/bonds/MFNKb1,True,PENDING,PARTIAL,DATA_READY,,6,2025-11-17T19:00:00,2026-03-11T19:00:00,6,2.42,True,
MFOKb1,,МФО ОнлайнКазФинанс,МФО ОнлайнКазФинанс,bond,corporate,KZT,https://kase.kz/api/instruments/securities/?sec_type=bond,https://kase.kz/ru/investors/bonds/MFOKb1,False,UNAVAILABLE,UNAVAILABLE,NO_CHART,INSTRUMENT_DELISTED,0,,,0,0.0,True,
MFOKb10,,МФО ОнлайнКазФинанс,МФО ОнлайнКазФинанс,bond,corporate,KZT,https://kase.kz/api/instruments/securities/?sec_type=bond,https://kase.kz/ru/investors/bonds/MFOKb10,False,UNAVAILABLE,UNAVAILABLE,NO_CHART,INSTRUMENT_DELISTED,0,,,0,0.0,True,
MFOKb11,,МФО ОнлайнКазФинанс,МФО ОнлайнКазФинанс,bond,corporate,KZT,https://kase.kz/api/instruments/securities/?sec_type=bond,https://kase.kz/ru/investors/bonds/MFOKb11,False,UNAVAILABLE,UNAVAILABLE,NO_CHART,INSTRUMENT_DELISTED,0,,,0,0.0,True,
MFOKb12,,МФО ОнлайнКазФинанс,МФО ОнлайнКазФинанс,bond,corporate,KZT,https://kase.kz/api/instruments/securities/?sec_type=bond,https://kase.kz/ru/investors/bonds/MFOKb12,False,UNAVAILABLE,UNAVAILABLE,NO_CHART,INSTRUMENT_DELISTED,0,,,0,0.0,True,
MFOKb13,,МФО ОнлайнКазФинанс,МФО ОнлайнКазФинанс,bond,corporate,KZT,https://kase.kz/api/instruments/securities/?sec_type=bond,https://kase.kz/ru/investors/bonds/MFOKb13,False,UNAVAILABLE,UNAVAILABLE,NO_CHART,INSTRUMENT_DELISTED,0,,,0,0.0,True,
MFOKb14,,МФО ОнлайнКазФинанс,МФО ОнлайнКазФинанс,bond,corporate,KZT,https://kase.kz/api/instruments/securities/?sec_type=bond,https://kase.kz/ru/investors/bonds/MFOKb14,False,UNAVAILABLE,UNAVAILABLE,NO_CHART,INSTRUMENT_DELISTED,0,,,0,0.0,True,
MFOKb15,,МФО ОнлайнКазФинанс,МФО ОнлайнКазФинанс,bond,corporate,KZT,https://kase.kz/api/instruments/securities/?sec_type=bond,https://kase.kz/ru/investors/bonds/MFOKb15,False,UNAVAILABLE,UNAVAILABLE,NO_CHART,INSTRUMENT_DELISTED,0,,,0,0.0,True,
MFOKb16,,МФО ОнлайнКазФинанс,МФО ОнлайнКазФинанс,bond,corporate,KZT,https://kase.kz/api/instruments/securities/?sec_type=bond,https://kase.kz/ru/investors/bonds/MFOKb16,False,UNAVAILABLE,UNAVAILABLE,NO_CHART,INSTRUMENT_DELISTED,0,,,0,0.0,True,
MFOKb17,,МФО ОнлайнКазФинанс,МФО ОнлайнКазФинанс,bond,corporate,KZT,https://kase.kz/api/instruments/securities/?sec_type=bond,https://kase.kz/ru/investors/bonds/MFOKb17,True,PENDING,UNAVAILABLE,NO_HISTORY,NO_PUBLIC_HISTORY,0,,,0,0.0,True,
MFOKb18,,МФО ОнлайнКазФинанс,МФО ОнлайнКазФинанс,bond,corporate,KZT,https://kase.kz/api/instruments/securities/?sec_type=bond,https://kase.kz/ru/investors/bonds/MFOKb18,False,UNAVAILABLE,UNAVAILABLE,NO_CHART,INSTRUMENT_DELISTED,0,,,0,0.0,True,
MFOKb19,,МФО ОнлайнКазФинанс,МФО ОнлайнКазФинанс,bond,corporate,USD,https://kase.kz/api/instruments/securities/?sec_type=bond,https://kase.kz/ru/investors/bonds/MFOKb19,True,PENDING,COMPLETE,DATA_READY,,237,2025-08-27T19:00:00,2026-08-27T19:00:00,237,95.56,False,
MFOKb2,,МФО ОнлайнКазФинанс,МФО ОнлайнКазФинанс,bond,corporate,KZT,https://kase.kz/api/instruments/securities/?sec_type=bond,https://kase.kz/ru/investors/bonds/MFOKb2,False,UNAVAILABLE,UNAVAILABLE,NO_CHART,INSTRUMENT_DELISTED,0,,,0,0.0,True,
MFOKb20,,МФО ОнлайнКазФинанс,МФО ОнлайнКазФинанс,bond,corporate,KZT,https://kase.kz/api/instruments/securities/?sec_type=bond,https://kase.kz/ru/investors/bonds/MFOKb20,True,PENDING,COMPLETE,DATA_READY,,245,2025-08-27T19:00:00,2026-08-27T19:00:00,245,98.79,False,
MFOKb21,,МФО ОнлайнКазФинанс,МФО ОнлайнКазФинанс,bond,corporate,KZT,https://kase.kz/api/instruments/securities/?sec_type=bond,https://kase.kz/ru/investors/bonds/MFOKb21,True,PENDING,COMPLETE,DATA_READY,,246,2025-08-27T19:00:00,2026-08-27T19:00:00,246,99.19,False,
MFOKb22,,МФО ОнлайнКазФинанс,МФО ОнлайнКазФинанс,bond,corporate,KZT,https://kase.kz/api/instruments/securities/?sec_type=bond,https://kase.kz/ru/investors/bonds/MFOKb22,True,PENDING,COMPLETE,DATA_READY,,246,2025-08-27T19:00:00,2026-08-27T19:00:00,246,99.19,False,
MFOKb23,,МФО ОнлайнКазФинанс,МФО ОнлайнКазФинанс,bond,corporate,KZT,https://kase.kz/api/instruments/securities/?sec_type=bond,https://kase.kz/ru/investors/bonds/MFOKb23,True,PENDING,PARTIAL,DATA_READY,,2,2026-04-28T19:00:00,2026-05-28T19:00:00,2,0.81,True,
MFOKb24,,МФО ОнлайнКазФинанс,МФО ОнлайнКазФинанс,bond,corporate,KZT,https://kase.kz/api/instruments/securities/?sec_type=bond,https://kase.kz/ru/investors/bonds/MFOKb24,True,PENDING,COMPLETE,DATA_READY,,245,2025-08-27T19:00:00,2026-08-26T19:00:00,245,98.79,False,
MFOKb25,,МФО ОнлайнКазФинанс,МФО ОнлайнКазФинанс,bond,corporate,KZT,https://kase.kz/api/instruments/securities/?sec_type=bond,https://kase.kz/ru/investors/bonds/MFOKb25,True,PENDING,COMPLETE,DATA_READY,,246,2025-08-27T19:00:00,2026-08-27T19:00:00,246,99.19,False,
MFOKb26,,МФО ОнлайнКазФинанс,МФО ОнлайнКазФинанс,bond,corporate,KZT,https://kase.kz/api/instruments/securities/?sec_type=bond,https://kase.kz/ru/investors/bonds/MFOKb26,True,PENDING,COMPLETE,DATA_READY,,245,2025-08-27T19:00:00,2026-08-27T19:00:00,245,98.79,False,
MFOKb27,,МФО ОнлайнКазФинанс,МФО ОнлайнКазФинанс,bond,corporate,USD,https://kase.kz/api/instruments/securities/?sec_type=bond,https://kase.kz/ru/investors/bonds/MFOKb27,True,PENDING,PARTIAL,DATA_READY,,42,2025-11-17T19:00:00,2026-08-26T19:00:00,42,16.94,True,
MFOKb28,,МФО ОнлайнКазФинанс,МФО ОнлайнКазФинанс,bond,corporate,KZT,https://kase.kz/api/instruments/securities/?sec_type=bond,https://kase.kz/ru/investors/bonds/MFOKb28,True,PENDING,PARTIAL,DATA_READY,,162,2025-12-24T19:00:00,2026-08-27T19:00:00,162,65.32,True,
MFOKb29,,МФО ОнлайнКазФинанс,МФО ОнлайнКазФинанс,bond,corporate,KZT,https://kase.kz/api/instruments/securities/?sec_type=bond,https://kase.kz/ru/investors/bonds/MFOKb29,True,PENDING,UNAVAILABLE,NO_HISTORY,NO_PUBLIC_HISTORY,0,,,0,0.0,True,
MFOKb3,,МФО ОнлайнКазФинанс,МФО ОнлайнКазФинанс,bond,corporate,KZT,https://kase.kz/api/instruments/securities/?sec_type=bond,https://kase.kz/ru/investors/bonds/MFOKb3,False,UNAVAILABLE,UNAVAILABLE,NO_CHART,INSTRUMENT_DELISTED,0,,,0,0.0,True,
MFOKb30,,МФО ОнлайнКазФинанс,МФО ОнлайнКазФинанс,bond,corporate,KZT,https://kase.kz/api/instruments/securities/?sec_type=bond,https://kase.kz/ru/investors/bonds/MFOKb30,True,PENDING,PARTIAL,DATA_READY,,185,2025-11-23T19:00:00,2026-08-27T19:00:00,185,74.6,True,
MFOKb31,,МФО ОнлайнКазФинанс,МФО ОнлайнКазФинанс,bond,corporate,KZT,https://kase.kz/api/instruments/securities/?sec_type=bond,https://kase.kz/ru/investors/bonds/MFOKb31,True,PENDING,PARTIAL,DATA_READY,,186,2025-11-23T19:00:00,2026-08-27T19:00:00,186,75.0,True,
MFOKb32,,МФО ОнлайнКазФинанс,МФО ОнлайнКазФинанс,bond,corporate,KZT,https://kase.kz/api/instruments/securities/?sec_type=bond,https://kase.kz/ru/investors/bonds/MFOKb32,True,PENDING,UNAVAILABLE,NO_HISTORY,NO_PUBLIC_HISTORY,0,,,0,0.0,True,
MFOKb33,,МФО ОнлайнКазФинанс,МФО ОнлайнКазФинанс,bond,corporate,KZT,https://kase.kz/api/instruments/securities/?sec_type=bond,https://kase.kz/ru/investors/bonds/MFOKb33,True,PENDING,UNAVAILABLE,NO_HISTORY,NO_PUBLIC_HISTORY,0,,,0,0.0,True,
MFOKb34,,МФО ОнлайнКазФинанс,МФО ОнлайнКазФинанс,bond,corporate,KZT,https://kase.kz/api/instruments/securities/?sec_type=bond,https://kase.kz/ru/investors/bonds/MFOKb34,True,PENDING,PARTIAL,DATA_READY,,87,2026-04-21T19:00:00,2026-08-27T19:00:00,87,35.08,True,
MFOKb35,,МФО ОнлайнКазФинанс,МФО ОнлайнКазФинанс,bond,corporate,KZT,https://kase.kz/api/instruments/securities/?sec_type=bond,https://kase.kz/ru/investors/bonds/MFOKb35,True,PENDING,PARTIAL,DATA_READY,,57,2026-06-09T19:00:00,2026-08-27T19:00:00,57,22.98,True,
MFOKb4,,МФО ОнлайнКазФинанс,МФО ОнлайнКазФинанс,bond,corporate,USD,https://kase.kz/api/instruments/securities/?sec_type=bond,https://kase.kz/ru/investors/bonds/MFOKb4,False,UNAVAILABLE,UNAVAILABLE,NO_CHART,INSTRUMENT_DELISTED,0,,,0,0.0,True,
MFOKb5,,МФО ОнлайнКазФинанс,МФО ОнлайнКазФинанс,bond,corporate,KZT,https://kase.kz/api/instruments/securities/?sec_type=bond,https://kase.kz/ru/investors/bonds/MFOKb5,False,UNAVAILABLE,UNAVAILABLE,NO_CHART,INSTRUMENT_DELISTED,0,,,0,0.0,True,
MFOKb6,,МФО ОнлайнКазФинанс,МФО ОнлайнКазФинанс,bond,corporate,USD,https://kase.kz/api/instruments/securities/?sec_type=bond,https://kase.kz/ru/investors/bonds/MFOKb6,False,UNAVAILABLE,UNAVAILABLE,NO_CHART,INSTRUMENT_DELISTED,0,,,0,0.0,True,
MFOKb7,,МФО ОнлайнКазФинанс,МФО ОнлайнКазФинанс,bond,corporate,USD,https://kase.kz/api/instruments/securities/?sec_type=bond,https://kase.kz/ru/investors/bonds/MFOKb7,False,UNAVAILABLE,UNAVAILABLE,NO_CHART,INSTRUMENT_DELISTED,0,,,0,0.0,True,
MFOKb8,,МФО ОнлайнКазФинанс,МФО ОнлайнКазФинанс,bond,corporate,USD,https://kase.kz/api/instruments/securities/?sec_type=bond,https://kase.kz/ru/investors/bonds/MFOKb8,False,UNAVAILABLE,UNAVAILABLE,NO_CHART,INSTRUMENT_DELISTED,0,,,0,0.0,True,
MFOKb9,,МФО ОнлайнКазФинанс,МФО ОнлайнКазФинанс,bond,corporate,USD,https://kase.kz/api/instruments/securities/?sec_type=bond,https://kase.kz/ru/investors/bonds/MFOKb9,False,UNAVAILABLE,UNAVAILABLE,NO_CHART,INSTRUMENT_DELISTED,0,,,0,0.0,True,
MFOKe1,,МФО ОнлайнКазФинанс,МФО ОнлайнКазФинанс,bond,corporate,KZT,https://kase.kz/api/instruments/securities/?sec_type=bond,https://kase.kz/ru/investors/bonds/MFOKe1,False,UNAVAILABLE,UNAVAILABLE,NO_CHART,INSTRUMENT_DELISTED,0,,,0,0.0,True,
MFPLb1,,Ломбард Партнер Казахстан,Ломбард Партнер Казахстан,bond,corporate,KZT,https://kase.kz/api/instruments/securities/?sec_type=bond,https://kase.kz/ru/investors/bonds/MFPLb1,True,PENDING,UNAVAILABLE,NO_HISTORY,NO_PUBLIC_HISTORY,0,,,0,0.0,True,
MFRCb1,,"МФО ""Робокэш.кз""","МФО ""Робокэш.кз""",bond,corporate,USD,https://kase.kz/api/instruments/securities/?sec_type=bond,https://kase.kz/ru/investors/bonds/MFRCb1,True,PENDING,PARTIAL,DATA_READY,,17,2025-08-28T19:00:00,2026-07-02T19:00:00,17,6.85,True,
MFRFb1,,"МФО ""R-Finance","МФО ""R-Finance",bond,corporate,KZT,https://kase.kz/api/instruments/securities/?sec_type=bond,https://kase.kz/ru/investors/bonds/MFRFb1,False,UNAVAILABLE,UNAVAILABLE,NO_CHART,INSTRUMENT_DELISTED,0,,,0,0.0,True,
MFRFb10,,"МФО ""R-Finance","МФО ""R-Finance",bond,corporate,KZT,https://kase.kz/api/instruments/securities/?sec_type=bond,https://kase.kz/ru/investors/bonds/MFRFb10,False,UNAVAILABLE,UNAVAILABLE,NO_CHART,INSTRUMENT_DELISTED,0,,,0,0.0,True,
MFRFb11,,"МФО ""R-Finance","МФО ""R-Finance",bond,corporate,KZT,https://kase.kz/api/instruments/securities/?sec_type=bond,https://kase.kz/ru/investors/bonds/MFRFb11,False,UNAVAILABLE,UNAVAILABLE,NO_CHART,INSTRUMENT_DELISTED,0,,,0,0.0,True,
MFRFb12,,"МФО ""R-Finance","МФО ""R-Finance",bond,corporate,KZT,https://kase.kz/api/instruments/securities/?sec_type=bond,https://kase.kz/ru/investors/bonds/MFRFb12,False,UNAVAILABLE,UNAVAILABLE,NO_CHART,INSTRUMENT_DELISTED,0,,,0,0.0,True,
MFRFb13,,"МФО ""R-Finance","МФО ""R-Finance",bond,corporate,KZT,https://kase.kz/api/instruments/securities/?sec_type=bond,https://kase.kz/ru/investors/bonds/MFRFb13,True,PENDING,COMPLETE,DATA_READY,,244,2025-08-27T19:00:00,2026-08-27T19:00:00,244,98.39,False,
MFRFb14,,"МФО ""R-Finance","МФО ""R-Finance",bond,corporate,KZT,https://kase.kz/api/instruments/securities/?sec_type=bond,https://kase.kz/ru/investors/bonds/MFRFb14,True,PENDING,COMPLETE,DATA_READY,,236,2025-08-27T19:00:00,2026-08-27T19:00:00,236,95.16,False,
MFRFb15,,"МФО ""R-Finance","МФО ""R-Finance",bond,corporate,KZT,https://kase.kz/api/instruments/securities/?sec_type=bond,https://kase.kz/ru/investors/bonds/MFRFb15,True,PENDING,PARTIAL,DATA_READY,,59,2026-05-31T19:00:00,2026-08-25T19:00:00,59,23.79,True,
MFRFb16,,"МФО ""R-Finance","МФО ""R-Finance",bond,corporate,KZT,https://kase.kz/api/instruments/securities/?sec_type=bond,https://kase.kz/ru/investors/bonds/MFRFb16,True,PENDING,COMPLETE,DATA_READY,,245,2025-08-27T19:00:00,2026-08-27T19:00:00,245,98.79,False,
MFRFb17,,"МФО ""R-Finance","МФО ""R-Finance",bond,corporate,KZT,https://kase.kz/api/instruments/securities/?sec_type=bond,https://kase.kz/ru/investors/bonds/MFRFb17,False,UNAVAILABLE,UNAVAILABLE,NO_CHART,INSTRUMENT_DELISTED,0,,,0,0.0,True,
MFRFb18,,"МФО ""R-Finance","МФО ""R-Finance",bond,corporate,KZT,https://kase.kz/api/instruments/securities/?sec_type=bond,https://kase.kz/ru/investors/bonds/MFRFb18,True,PENDING,COMPLETE,DATA_READY,,239,2025-08-27T19:00:00,2026-08-27T19:00:00,239,96.37,False,
MFRFb19,,"МФО ""R-Finance","МФО ""R-Finance",bond,corporate,KZT,https://kase.kz/api/instruments/securities/?sec_type=bond,https://kase.kz/ru/investors/bonds/MFRFb19,True,PENDING,COMPLETE,DATA_READY,,245,2025-08-27T19:00:00,2026-08-27T19:00:00,245,98.79,False,
MFRFb2,,"МФО ""R-Finance","МФО ""R-Finance",bond,corporate,KZT,https://kase.kz/api/instruments/securities/?sec_type=bond,https://kase.kz/ru/investors/bonds/MFRFb2,False,UNAVAILABLE,UNAVAILABLE,NO_CHART,INSTRUMENT_DELISTED,0,,,0,0.0,True,
MFRFb20,,"МФО ""R-Finance","МФО ""R-Finance",bond,corporate,KZT,https://kase.kz/api/instruments/securities/?sec_type=bond,https://kase.kz/ru/investors/bonds/MFRFb20,True,PENDING,UNAVAILABLE,NO_HISTORY,NO_PUBLIC_HISTORY,0,,,0,0.0,True,
MFRFb21,,"МФО ""R-Finance","МФО ""R-Finance",bond,corporate,KZT,https://kase.kz/api/instruments/securities/?sec_type=bond,https://kase.kz/ru/investors/bonds/MFRFb21,True,PENDING,COMPLETE,DATA_READY,,242,2025-08-27T19:00:00,2026-08-27T19:00:00,242,97.58,False,
MFRFb22,,"МФО ""R-Finance","МФО ""R-Finance",bond,corporate,KZT,https://kase.kz/api/instruments/securities/?sec_type=bond,https://kase.kz/ru/investors/bonds/MFRFb22,True,PENDING,UNAVAILABLE,NO_HISTORY,NO_PUBLIC_HISTORY,0,,,0,0.0,True,
MFRFb23,,"МФО ""R-Finance","МФО ""R-Finance",bond,corporate,KZT,https://kase.kz/api/instruments/securities/?sec_type=bond,https://kase.kz/ru/investors/bonds/MFRFb23,True,PENDING,UNAVAILABLE,NO_HISTORY,NO_PUBLIC_HISTORY,0,,,0,0.0,True,
MFRFb24,,"МФО ""R-Finance","МФО ""R-Finance",bond,corporate,KZT,https://kase.kz/api/instruments/securities/?sec_type=bond,https://kase.kz/ru/investors/bonds/MFRFb24,True,PENDING,PARTIAL,DATA_READY,,204,2025-10-28T19:00:00,2026-08-27T19:00:00,204,82.26,True,
MFRFb25,,"МФО ""R-Finance","МФО ""R-Finance",bond,corporate,KZT,https://kase.kz/api/instruments/securities/?sec_type=bond,https://kase.kz/ru/investors/bonds/MFRFb25,True,PENDING,UNAVAILABLE,NO_HISTORY,NO_PUBLIC_HISTORY,0,,,0,0.0,True,
MFRFb26,,"МФО ""R-Finance","МФО ""R-Finance",bond,corporate,KZT,https://kase.kz/api/instruments/securities/?sec_type=bond,https://kase.kz/ru/investors/bonds/MFRFb26,True,PENDING,PARTIAL,DATA_READY,,131,2026-02-12T19:00:00,2026-08-27T19:00:00,131,52.82,True,
MFRFb27,,"МФО ""R-Finance","МФО ""R-Finance",bond,corporate,KZT,https://kase.kz/api/instruments/securities/?sec_type=bond,https://kase.kz/ru/investors/bonds/MFRFb27,True,PENDING,PARTIAL,DATA_READY,,81,2026-04-28T19:00:00,2026-08-27T19:00:00,81,32.66,True,
MFRFb28,,"МФО ""R-Finance","МФО ""R-Finance",bond,corporate,USD,https://kase.kz/api/instruments/securities/?sec_type=bond,https://kase.kz/ru/investors/bonds/MFRFb28,True,PENDING,PARTIAL,DATA_READY,,55,2026-04-21T19:00:00,2026-08-27T19:00:00,55,22.18,True,
MFRFb29,,"МФО ""R-Finance","МФО ""R-Finance",bond,corporate,USD,https://kase.kz/api/instruments/securities/?sec_type=bond,https://kase.kz/ru/investors/bonds/MFRFb29,True,PENDING,PARTIAL,DATA_READY,,35,2026-04-19T19:00:00,2026-07-28T19:00:00,35,14.11,True,
MFRFb3,,"МФО ""R-Finance","МФО ""R-Finance",bond,corporate,KZT,https://kase.kz/api/instruments/securities/?sec_type=bond,https://kase.kz/ru/investors/bonds/MFRFb3,False,UNAVAILABLE,UNAVAILABLE,NO_CHART,INSTRUMENT_DELISTED,0,,,0,0.0,True,
MFRFb30,,"МФО ""R-Finance","МФО ""R-Finance",bond,corporate,KZT,https://kase.kz/api/instruments/securities/?sec_type=bond,https://kase.kz/ru/investors/bonds/MFRFb30,True,PENDING,UNAVAILABLE,NO_HISTORY,NO_PUBLIC_HISTORY,0,,,0,0.0,True,
MFRFb4,,"МФО ""R-Finance","МФО ""R-Finance",bond,corporate,KZT,https://kase.kz/api/instruments/securities/?sec_type=bond,https://kase.kz/ru/investors/bonds/MFRFb4,False,UNAVAILABLE,UNAVAILABLE,NO_CHART,INSTRUMENT_DELISTED,0,,,0,0.0,True,
MFRFb5,,"МФО ""R-Finance","МФО ""R-Finance",bond,corporate,KZT,https://kase.kz/api/instruments/securities/?sec_type=bond,https://kase.kz/ru/investors/bonds/MFRFb5,False,UNAVAILABLE,UNAVAILABLE,NO_CHART,INSTRUMENT_DELISTED,0,,,0,0.0,True,
MFRFb6,,"МФО ""R-Finance","МФО ""R-Finance",bond,corporate,KZT,https://kase.kz/api/instruments/securities/?sec_type=bond,https://kase.kz/ru/investors/bonds/MFRFb6,False,UNAVAILABLE,UNAVAILABLE,NO_CHART,INSTRUMENT_DELISTED,0,,,0,0.0,True,
MFRFb7,,"МФО ""R-Finance","МФО ""R-Finance",bond,corporate,KZT,https://kase.kz/api/instruments/securities/?sec_type=bond,https://kase.kz/ru/investors/bonds/MFRFb7,False,UNAVAILABLE,UNAVAILABLE,NO_CHART,INSTRUMENT_DELISTED,0,,,0,0.0,True,
MFRFb8,,"МФО ""R-Finance","МФО ""R-Finance",bond,corporate,KZT,https://kase.kz/api/instruments/securities/?sec_type=bond,https://kase.kz/ru/investors/bonds/MFRFb8,False,UNAVAILABLE,UNAVAILABLE,NO_CHART,INSTRUMENT_DELISTED,0,,,0,0.0,True,
MFRFb9,,"МФО ""R-Finance","МФО ""R-Finance",bond,corporate,KZT,https://kase.kz/api/instruments/securities/?sec_type=bond,https://kase.kz/ru/investors/bonds/MFRFb9,True,PENDING,COMPLETE,DATA_READY,,245,2025-08-27T19:00:00,2026-08-27T19:00:00,245,98.79,False,
MFRFpp1,,"МФО ""R-Finance","МФО ""R-Finance",bond,corporate,KZT,https://kase.kz/api/instruments/securities/?sec_type=bond,https://kase.kz/ru/investors/bonds/MFRFpp1,True,PENDING,UNAVAILABLE,NO_HISTORY,NO_PUBLIC_HISTORY,0,,,0,0.0,True,
MFRFpp2,,"МФО ""R-Finance","МФО ""R-Finance",bond,corporate,KZT,https://kase.kz/api/instruments/securities/?sec_type=bond,https://kase.kz/ru/investors/bonds/MFRFpp2,True,PENDING,UNAVAILABLE,NO_HISTORY,NO_PUBLIC_HISTORY,0,,,0,0.0,True,
MFRGb1,,"МФО ""Rangeld Finance","МФО ""Rangeld Finance",bond,corporate,KZT,https://kase.kz/api/instruments/securities/?sec_type=bond,https://kase.kz/ru/investors/bonds/MFRGb1,True,PENDING,UNAVAILABLE,NO_HISTORY,NO_PUBLIC_HISTORY,0,,,0,0.0,True,
MFRGb2,,"МФО ""Rangeld Finance","МФО ""Rangeld Finance",bond,corporate,KZT,https://kase.kz/api/instruments/securities/?sec_type=bond,https://kase.kz/ru/investors/bonds/MFRGb2,True,PENDING,PARTIAL,DATA_READY,,7,2026-02-26T19:00:00,2026-03-16T19:00:00,7,2.82,True,
MFSCb1,,"МФО ""Swiss Capital (Свисс Капитал)","МФО ""Swiss Capital (Свисс Капитал)",bond,corporate,KZT,https://kase.kz/api/instruments/securities/?sec_type=bond,https://kase.kz/ru/investors/bonds/MFSCb1,False,UNAVAILABLE,UNAVAILABLE,NO_CHART,INSTRUMENT_DELISTED,0,,,0,0.0,True,
MFSCb10,,"МФО ""Swiss Capital (Свисс Капитал)","МФО ""Swiss Capital (Свисс Капитал)",bond,corporate,KZT,https://kase.kz/api/instruments/securities/?sec_type=bond,https://kase.kz/ru/investors/bonds/MFSCb10,True,PENDING,PARTIAL,DATA_READY,,30,2026-06-29T19:00:00,2026-08-27T19:00:00,30,12.1,True,
MFSCb11,,"МФО ""Swiss Capital (Свисс Капитал)","МФО ""Swiss Capital (Свисс Капитал)",bond,corporate,KZT,https://kase.kz/api/instruments/securities/?sec_type=bond,https://kase.kz/ru/investors/bonds/MFSCb11,True,PENDING,UNAVAILABLE,NO_HISTORY,NO_PUBLIC_HISTORY,0,,,0,0.0,True,
MFSCb12,,"МФО ""Swiss Capital (Свисс Капитал)","МФО ""Swiss Capital (Свисс Капитал)",bond,corporate,KZT,https://kase.kz/api/instruments/securities/?sec_type=bond,https://kase.kz/ru/investors/bonds/MFSCb12,True,PENDING,UNAVAILABLE,NO_HISTORY,NO_PUBLIC_HISTORY,0,,,0,0.0,True,
MFSCb13,,"МФО ""Swiss Capital (Свисс Капитал)","МФО ""Swiss Capital (Свисс Капитал)",bond,corporate,KZT,https://kase.kz/api/instruments/securities/?sec_type=bond,https://kase.kz/ru/investors/bonds/MFSCb13,True,PENDING,UNAVAILABLE,NO_HISTORY,NO_PUBLIC_HISTORY,0,,,0,0.0,True,
MFSCb14,,"МФО ""Swiss Capital (Свисс Капитал)","МФО ""Swiss Capital (Свисс Капитал)",bond,corporate,KZT,https://kase.kz/api/instruments/securities/?sec_type=bond,https://kase.kz/ru/investors/bonds/MFSCb14,True,PENDING,UNAVAILABLE,NO_HISTORY,NO_PUBLIC_HISTORY,0,,,0,0.0,True,
MFSCb15,,"МФО ""Swiss Capital (Свисс Капитал)","МФО ""Swiss Capital (Свисс Капитал)",bond,corporate,USD,https://kase.kz/api/instruments/securities/?sec_type=bond,https://kase.kz/ru/investors/bonds/MFSCb15,True,PENDING,UNAVAILABLE,NO_HISTORY,NO_PUBLIC_HISTORY,0,,,0,0.0,True,
MFSCb16,,"МФО ""Swiss Capital (Свисс Капитал)","МФО ""Swiss Capital (Свисс Капитал)",bond,corporate,KZT,https://kase.kz/api/instruments/securities/?sec_type=bond,https://kase.kz/ru/investors/bonds/MFSCb16,True,PENDING,UNAVAILABLE,NO_HISTORY,NO_PUBLIC_HISTORY,0,,,0,0.0,True,
MFSCb17,,"МФО ""Swiss Capital (Свисс Капитал)","МФО ""Swiss Capital (Свисс Капитал)",bond,corporate,KZT,https://kase.kz/api/instruments/securities/?sec_type=bond,https://kase.kz/ru/investors/bonds/MFSCb17,True,PENDING,UNAVAILABLE,NO_HISTORY,NO_PUBLIC_HISTORY,0,,,0,0.0,True,
MFSCb2,,"МФО ""Swiss Capital (Свисс Капитал)","МФО ""Swiss Capital (Свисс Капитал)",bond,corporate,USD,https://kase.kz/api/instruments/securities/?sec_type=bond,https://kase.kz/ru/investors/bonds/MFSCb2,False,UNAVAILABLE,UNAVAILABLE,NO_CHART,INSTRUMENT_DELISTED,0,,,0,0.0,True,
MFSCb3,,"МФО ""Swiss Capital (Свисс Капитал)","МФО ""Swiss Capital (Свисс Капитал)",bond,corporate,USD,https://kase.kz/api/instruments/securities/?sec_type=bond,https://kase.kz/ru/investors/bonds/MFSCb3,False,UNAVAILABLE,UNAVAILABLE,NO_CHART,INSTRUMENT_DELISTED,0,,,0,0.0,True,
MFSCb4,,"МФО ""Swiss Capital (Свисс Капитал)","МФО ""Swiss Capital (Свисс Капитал)",bond,corporate,KZT,https://kase.kz/api/instruments/securities/?sec_type=bond,https://kase.kz/ru/investors/bonds/MFSCb4,False,UNAVAILABLE,UNAVAILABLE,NO_CHART,INSTRUMENT_DELISTED,0,,,0,0.0,True,
MFSCb5,,"МФО ""Swiss Capital (Свисс Капитал)","МФО ""Swiss Capital (Свисс Капитал)",bond,corporate,USD,https://kase.kz/api/instruments/securities/?sec_type=bond,https://kase.kz/ru/investors/bonds/MFSCb5,True,PENDING,PARTIAL,DATA_READY,,157,2025-08-27T19:00:00,2026-08-27T19:00:00,157,63.31,True,
MFSCb6,,"МФО ""Swiss Capital (Свисс Капитал)","МФО ""Swiss Capital (Свисс Капитал)",bond,corporate,USD,https://kase.kz/api/instruments/securities/?sec_type=bond,https://kase.kz/ru/investors/bonds/MFSCb6,True,PENDING,PARTIAL,DATA_READY,,50,2025-11-27T19:00:00,2026-08-13T19:00:00,50,20.16,True,
MFSCb7,,"МФО ""Swiss Capital (Свисс Капитал)","МФО ""Swiss Capital (Свисс Капитал)",bond,corporate,USD,https://kase.kz/api/instruments/securities/?sec_type=bond,https://kase.kz/ru/investors/bonds/MFSCb7,True,PENDING,UNAVAILABLE,NO_HISTORY,NO_PUBLIC_HISTORY,0,,,0,0.0,True,
MFSCb8,,"МФО ""Swiss Capital (Свисс Капитал)","МФО ""Swiss Capital (Свисс Капитал)",bond,corporate,KZT,https://kase.kz/api/instruments/securities/?sec_type=bond,https://kase.kz/ru/investors/bonds/MFSCb8,True,PENDING,PARTIAL,DATA_READY,,140,2025-11-25T19:00:00,2026-08-27T19:00:00,140,56.45,True,
MFSCb9,,"МФО ""Swiss Capital (Свисс Капитал)","МФО ""Swiss Capital (Свисс Капитал)",bond,corporate,KZT,https://kase.kz/api/instruments/securities/?sec_type=bond,https://kase.kz/ru/investors/bonds/MFSCb9,True,PENDING,PARTIAL,DATA_READY,,52,2026-05-07T19:00:00,2026-08-26T19:00:00,52,20.97,True,
MFSFb1,,МФО Смартолёт Финанс,МФО Смартолёт Финанс,bond,corporate,KZT,https://kase.kz/api/instruments/securities/?sec_type=bond,https://kase.kz/ru/investors/bonds/MFSFb1,True,PENDING,PARTIAL,DATA_READY,,84,2025-11-30T19:00:00,2026-08-23T19:00:00,84,33.87,True,
MFSFb10,,МФО Смартолёт Финанс,МФО Смартолёт Финанс,bond,corporate,USD,https://kase.kz/api/instruments/securities/?sec_type=bond,https://kase.kz/ru/investors/bonds/MFSFb10,True,PENDING,PARTIAL,DATA_READY,,33,2026-04-09T19:00:00,2026-08-25T19:00:00,33,13.31,True,
MFSFb11,,МФО Смартолёт Финанс,МФО Смартолёт Финанс,bond,corporate,USD,https://kase.kz/api/instruments/securities/?sec_type=bond,https://kase.kz/ru/investors/bonds/MFSFb11,True,PENDING,PARTIAL,DATA_READY,,6,2026-05-27T19:00:00,2026-06-16T19:00:00,6,2.42,True,
MFSFb12,,МФО Смартолёт Финанс,МФО Смартолёт Финанс,bond,corporate,KZT,https://kase.kz/api/instruments/securities/?sec_type=bond,https://kase.kz/ru/investors/bonds/MFSFb12,True,PENDING,PARTIAL,DATA_READY,,8,2026-07-23T19:00:00,2026-08-27T19:00:00,8,3.23,True,
MFSFb13,,МФО Смартолёт Финанс,МФО Смартолёт Финанс,bond,corporate,USD,https://kase.kz/api/instruments/securities/?sec_type=bond,https://kase.kz/ru/investors/bonds/MFSFb13,True,PENDING,PARTIAL,DATA_READY,,3,2026-08-17T19:00:00,2026-08-24T19:00:00,3,1.21,True,
MFSFb14,,МФО Смартолёт Финанс,МФО Смартолёт Финанс,bond,corporate,USD,https://kase.kz/api/instruments/securities/?sec_type=bond,https://kase.kz/ru/investors/bonds/MFSFb14,True,PENDING,PARTIAL,DATA_READY,,1,2026-08-23T19:00:00,2026-08-23T19:00:00,1,0.4,True,
MFSFb15,,МФО Смартолёт Финанс,МФО Смартолёт Финанс,bond,corporate,KZT,https://kase.kz/api/instruments/securities/?sec_type=bond,https://kase.kz/ru/investors/bonds/MFSFb15,True,PENDING,UNAVAILABLE,NO_HISTORY,NO_PUBLIC_HISTORY,0,,,0,0.0,True,
MFSFb16,,МФО Смартолёт Финанс,МФО Смартолёт Финанс,bond,corporate,KZT,https://kase.kz/api/instruments/securities/?sec_type=bond,https://kase.kz/ru/investors/bonds/MFSFb16,True,PENDING,UNAVAILABLE,NO_HISTORY,NO_PUBLIC_HISTORY,0,,,0,0.0,True,
MFSFb17,,МФО Смартолёт Финанс,МФО Смартолёт Финанс,bond,corporate,KZT,https://kase.kz/api/instruments/securities/?sec_type=bond,https://kase.kz/ru/investors/bonds/MFSFb17,True,PENDING,UNAVAILABLE,NO_HISTORY,NO_PUBLIC_HISTORY,0,,,0,0.0,True,
MFSFb18,,МФО Смартолёт Финанс,МФО Смартолёт Финанс,bond,corporate,KZT,https://kase.kz/api/instruments/securities/?sec_type=bond,https://kase.kz/ru/investors/bonds/MFSFb18,True,PENDING,UNAVAILABLE,NO_HISTORY,NO_PUBLIC_HISTORY,0,,,0,0.0,True,
MFSFb2,,МФО Смартолёт Финанс,МФО Смартолёт Финанс,bond,corporate,KZT,https://kase.kz/api/instruments/securities/?sec_type=bond,https://kase.kz/ru/investors/bonds/MFSFb2,True,PENDING,PARTIAL,DATA_READY,,3,2026-03-19T19:00:00,2026-03-29T19:00:00,3,1.21,True,
MFSFb3,,МФО Смартолёт Финанс,МФО Смартолёт Финанс,bond,corporate,KZT,https://kase.kz/api/instruments/securities/?sec_type=bond,https://kase.kz/ru/investors/bonds/MFSFb3,True,PENDING,PARTIAL,DATA_READY,,22,2026-04-02T19:00:00,2026-07-29T19:00:00,22,8.87,True,
MFSFb4,,МФО Смартолёт Финанс,МФО Смартолёт Финанс,bond,corporate,USD,https://kase.kz/api/instruments/securities/?sec_type=bond,https://kase.kz/ru/investors/bonds/MFSFb4,True,PENDING,PARTIAL,DATA_READY,,52,2025-11-24T19:00:00,2026-08-27T19:00:00,52,20.97,True,
MFSFb5,,МФО Смартолёт Финанс,МФО Смартолёт Финанс,bond,corporate,USD,https://kase.kz/api/instruments/securities/?sec_type=bond,https://kase.kz/ru/investors/bonds/MFSFb5,True,PENDING,PARTIAL,DATA_READY,,64,2025-12-11T19:00:00,2026-08-17T19:00:00,64,25.81,True,
MFSFb6,,МФО Смартолёт Финанс,МФО Смартолёт Финанс,bond,corporate,USD,https://kase.kz/api/instruments/securities/?sec_type=bond,https://kase.kz/ru/investors/bonds/MFSFb6,True,PENDING,PARTIAL,DATA_READY,,4,2026-04-14T19:00:00,2026-06-24T19:00:00,4,1.61,True,
MFSFb7,,МФО Смартолёт Финанс,МФО Смартолёт Финанс,bond,corporate,KZT,https://kase.kz/api/instruments/securities/?sec_type=bond,https://kase.kz/ru/investors/bonds/MFSFb7,True,PENDING,PARTIAL,DATA_READY,,136,2025-12-18T19:00:00,2026-08-24T19:00:00,136,54.84,True,
MFSFb8,,МФО Смартолёт Финанс,МФО Смартолёт Финанс,bond,corporate,USD,https://kase.kz/api/instruments/securities/?sec_type=bond,https://kase.kz/ru/investors/bonds/MFSFb8,True,PENDING,PARTIAL,DATA_READY,,48,2026-01-11T19:00:00,2026-07-23T19:00:00,48,19.35,True,
MFSFb9,,МФО Смартолёт Финанс,МФО Смартолёт Финанс,bond,corporate,KZT,https://kase.kz/api/instruments/securities/?sec_type=bond,https://kase.kz/ru/investors/bonds/MFSFb9,True,PENDING,PARTIAL,DATA_READY,,29,2026-04-06T19:00:00,2026-07-23T19:00:00,29,11.69,True,
MFSHb1,,"Микрофинансовая организация ""Шинхан Финанс""","Микрофинансовая организация ""Шинхан Финанс""",bond,corporate,KZT,https://kase.kz/api/instruments/securities/?sec_type=bond,https://kase.kz/ru/investors/bonds/MFSHb1,True,PENDING,UNAVAILABLE,NO_HISTORY,NO_PUBLIC_HISTORY,0,,,0,0.0,True,
MFSLb1,,Сейф-Ломбард,Сейф-Ломбард,bond,corporate,KZT,https://kase.kz/api/instruments/securities/?sec_type=bond,https://kase.kz/ru/investors/bonds/MFSLb1,False,UNAVAILABLE,UNAVAILABLE,NO_CHART,INSTRUMENT_DELISTED,0,,,0,0.0,True,
MFSLb10,,Сейф-Ломбард,Сейф-Ломбард,bond,corporate,KZT,https://kase.kz/api/instruments/securities/?sec_type=bond,https://kase.kz/ru/investors/bonds/MFSLb10,False,UNAVAILABLE,UNAVAILABLE,NO_CHART,INSTRUMENT_DELISTED,0,,,0,0.0,True,
MFSLb11,,Сейф-Ломбард,Сейф-Ломбард,bond,corporate,KZT,https://kase.kz/api/instruments/securities/?sec_type=bond,https://kase.kz/ru/investors/bonds/MFSLb11,True,PENDING,PARTIAL,DATA_READY,,61,2025-08-27T19:00:00,2026-08-23T19:00:00,61,24.6,True,
MFSLb12,,Сейф-Ломбард,Сейф-Ломбард,bond,corporate,KZT,https://kase.kz/api/instruments/securities/?sec_type=bond,https://kase.kz/ru/investors/bonds/MFSLb12,True,PENDING,PARTIAL,DATA_READY,,66,2025-11-10T19:00:00,2026-08-26T19:00:00,66,26.61,True,
MFSLb13,,Сейф-Ломбард,Сейф-Ломбард,bond,corporate,KZT,https://kase.kz/api/instruments/securities/?sec_type=bond,https://kase.kz/ru/investors/bonds/MFSLb13,True,PENDING,PARTIAL,DATA_READY,,2,2026-05-04T19:00:00,2026-08-19T19:00:00,2,0.81,True,
MFSLb14,,Сейф-Ломбард,Сейф-Ломбард,bond,corporate,KZT,https://kase.kz/api/instruments/securities/?sec_type=bond,https://kase.kz/ru/investors/bonds/MFSLb14,True,PENDING,UNAVAILABLE,NO_HISTORY,NO_PUBLIC_HISTORY,0,,,0,0.0,True,
MFSLb15,,Сейф-Ломбард,Сейф-Ломбард,bond,corporate,KZT,https://kase.kz/api/instruments/securities/?sec_type=bond,https://kase.kz/ru/investors/bonds/MFSLb15,True,PENDING,PARTIAL,DATA_READY,,9,2026-07-09T19:00:00,2026-08-24T19:00:00,9,3.63,True,
MFSLb16,,Сейф-Ломбард,Сейф-Ломбард,bond,corporate,KZT,https://kase.kz/api/instruments/securities/?sec_type=bond,https://kase.kz/ru/investors/bonds/MFSLb16,True,PENDING,UNAVAILABLE,NO_HISTORY,NO_PUBLIC_HISTORY,0,,,0,0.0,True,
MFSLb17,,Сейф-Ломбард,Сейф-Ломбард,bond,corporate,KZT,https://kase.kz/api/instruments/securities/?sec_type=bond,https://kase.kz/ru/investors/bonds/MFSLb17,True,PENDING,UNAVAILABLE,NO_HISTORY,NO_PUBLIC_HISTORY,0,,,0,0.0,True,
MFSLb2,,Сейф-Ломбард,Сейф-Ломбард,bond,corporate,KZT,https://kase.kz/api/instruments/securities/?sec_type=bond,https://kase.kz/ru/investors/bonds/MFSLb2,False,UNAVAILABLE,UNAVAILABLE,NO_CHART,INSTRUMENT_DELISTED,0,,,0,0.0,True,
MFSLb3,,Сейф-Ломбард,Сейф-Ломбард,bond,corporate,KZT,https://kase.kz/api/instruments/securities/?sec_type=bond,https://kase.kz/ru/investors/bonds/MFSLb3,True,PENDING,PARTIAL,DATA_READY,,149,2025-08-28T19:00:00,2026-08-26T19:00:00,149,60.08,True,
MFSLb4,,Сейф-Ломбард,Сейф-Ломбард,bond,corporate,KZT,https://kase.kz/api/instruments/securities/?sec_type=bond,https://kase.kz/ru/investors/bonds/MFSLb4,False,UNAVAILABLE,UNAVAILABLE,NO_CHART,INSTRUMENT_DELISTED,0,,,0,0.0,True,
MFSLb5,,Сейф-Ломбард,Сейф-Ломбард,bond,corporate,KZT,https://kase.kz/api/instruments/securities/?sec_type=bond,https://kase.kz/ru/investors/bonds/MFSLb5,True,PENDING,PARTIAL,DATA_READY,,176,2025-08-27T19:00:00,2026-08-27T19:00:00,176,70.97,True,
MFSLb6,,Сейф-Ломбард,Сейф-Ломбард,bond,corporate,KZT,https://kase.kz/api/instruments/securities/?sec_type=bond,https://kase.kz/ru/investors/bonds/MFSLb6,True,PENDING,UNAVAILABLE,NO_HISTORY,NO_PUBLIC_HISTORY,0,,,0,0.0,True,
MFSLb7,,Сейф-Ломбард,Сейф-Ломбард,bond,corporate,KZT,https://kase.kz/api/instruments/securities/?sec_type=bond,https://kase.kz/ru/investors/bonds/MFSLb7,False,UNAVAILABLE,UNAVAILABLE,NO_CHART,INSTRUMENT_DELISTED,0,,,0,0.0,True,
MFSLb8,,Сейф-Ломбард,Сейф-Ломбард,bond,corporate,KZT,https://kase.kz/api/instruments/securities/?sec_type=bond,https://kase.kz/ru/investors/bonds/MFSLb8,True,PENDING,PARTIAL,DATA_READY,,3,2025-12-30T19:00:00,2026-02-10T19:00:00,3,1.21,True,
MFSLb9,,Сейф-Ломбард,Сейф-Ломбард,bond,corporate,KZT,https://kase.kz/api/instruments/securities/?sec_type=bond,https://kase.kz/ru/investors/bonds/MFSLb9,True,PENDING,PARTIAL,DATA_READY,,9,2026-07-20T19:00:00,2026-08-26T19:00:00,9,3.63,True,
MFSMpp1,,"""Микрофинансовая организация ""СЕНІМ-VMY""","""Микрофинансовая организация ""СЕНІМ-VMY""",bond,corporate,KZT,https://kase.kz/api/instruments/securities/?sec_type=bond,https://kase.kz/ru/investors/bonds/MFSMpp1,True,PENDING,UNAVAILABLE,NO_HISTORY,NO_PUBLIC_HISTORY,0,,,0,0.0,True,
MFSTb1,,"""МФО ""MOST""","""МФО ""MOST""",bond,corporate,KZT,https://kase.kz/api/instruments/securities/?sec_type=bond,https://kase.kz/ru/investors/bonds/MFSTb1,True,PENDING,PARTIAL,DATA_READY,,125,2026-02-22T19:00:00,2026-08-27T19:00:00,125,50.4,True,
MFSTpp1,,"""МФО ""MOST""","""МФО ""MOST""",bond,corporate,KZT,https://kase.kz/api/instruments/securities/?sec_type=bond,https://kase.kz/ru/investors/bonds/MFSTpp1,True,PENDING,UNAVAILABLE,NO_HISTORY,NO_PUBLIC_HISTORY,0,,,0,0.0,True,
MFTFb1,,"МФО ""Тойота Файнаншл Сервисез Казахстан","МФО ""Тойота Файнаншл Сервисез Казахстан",bond,corporate,KZT,https://kase.kz/api/instruments/securities/?sec_type=bond,https://kase.kz/ru/investors/bonds/MFTFb1,False,UNAVAILABLE,UNAVAILABLE,NO_CHART,INSTRUMENT_DELISTED,0,,,0,0.0,True,
MFTFb2,,"МФО ""Тойота Файнаншл Сервисез Казахстан","МФО ""Тойота Файнаншл Сервисез Казахстан",bond,corporate,KZT,https://kase.kz/api/instruments/securities/?sec_type=bond,https://kase.kz/ru/investors/bonds/MFTFb2,False,UNAVAILABLE,UNAVAILABLE,NO_CHART,INSTRUMENT_DELISTED,0,,,0,0.0,True,
MFTFb3,,"МФО ""Тойота Файнаншл Сервисез Казахстан","МФО ""Тойота Файнаншл Сервисез Казахстан",bond,corporate,KZT,https://kase.kz/api/instruments/securities/?sec_type=bond,https://kase.kz/ru/investors/bonds/MFTFb3,True,PENDING,UNAVAILABLE,NO_HISTORY,NO_PUBLIC_HISTORY,0,,,0,0.0,True,
MFTFb4,,"МФО ""Тойота Файнаншл Сервисез Казахстан","МФО ""Тойота Файнаншл Сервисез Казахстан",bond,corporate,KZT,https://kase.kz/api/instruments/securities/?sec_type=bond,https://kase.kz/ru/investors/bonds/MFTFb4,True,PENDING,UNAVAILABLE,NO_HISTORY,NO_PUBLIC_HISTORY,0,,,0,0.0,True,
MFTFb5,,"МФО ""Тойота Файнаншл Сервисез Казахстан","МФО ""Тойота Файнаншл Сервисез Казахстан",bond,corporate,KZT,https://kase.kz/api/instruments/securities/?sec_type=bond,https://kase.kz/ru/investors/bonds/MFTFb5,True,PENDING,UNAVAILABLE,NO_HISTORY,NO_PUBLIC_HISTORY,0,,,0,0.0,True,
MFTFb6,,"МФО ""Тойота Файнаншл Сервисез Казахстан","МФО ""Тойота Файнаншл Сервисез Казахстан",bond,corporate,KZT,https://kase.kz/api/instruments/securities/?sec_type=bond,https://kase.kz/ru/investors/bonds/MFTFb6,True,PENDING,PARTIAL,DATA_READY,,2,2025-09-04T19:00:00,2025-09-17T19:00:00,2,0.81,True,
MFTFb7,,"МФО ""Тойота Файнаншл Сервисез Казахстан","МФО ""Тойота Файнаншл Сервисез Казахстан",bond,corporate,KZT,https://kase.kz/api/instruments/securities/?sec_type=bond,https://kase.kz/ru/investors/bonds/MFTFb7,True,PENDING,UNAVAILABLE,NO_HISTORY,NO_PUBLIC_HISTORY,0,,,0,0.0,True,
MFTLpp1,,Микрофинансовая организация Tulpar Credit,Микрофинансовая организация Tulpar Credit,bond,corporate,KZT,https://kase.kz/api/instruments/securities/?sec_type=bond,https://kase.kz/ru/investors/bonds/MFTLpp1,True,PENDING,UNAVAILABLE,NO_HISTORY,NO_PUBLIC_HISTORY,0,,,0,0.0,True,
MFTSb1,,"МФО ""TAS FINANCE GROUP"" (ТАС ФИНАНС ГРУПП)","МФО ""TAS FINANCE GROUP"" (ТАС ФИНАНС ГРУПП)",bond,corporate,KZT,https://kase.kz/api/instruments/securities/?sec_type=bond,https://kase.kz/ru/investors/bonds/MFTSb1,False,UNAVAILABLE,UNAVAILABLE,NO_CHART,INSTRUMENT_DELISTED,0,,,0,0.0,True,
MFTSb2,,"МФО ""TAS FINANCE GROUP"" (ТАС ФИНАНС ГРУПП)","МФО ""TAS FINANCE GROUP"" (ТАС ФИНАНС ГРУПП)",bond,corporate,KZT,https://kase.kz/api/instruments/securities/?sec_type=bond,https://kase.kz/ru/investors/bonds/MFTSb2,False,UNAVAILABLE,UNAVAILABLE,NO_CHART,INSTRUMENT_DELISTED,0,,,0,0.0,True,
MFTSb3,,"МФО ""TAS FINANCE GROUP"" (ТАС ФИНАНС ГРУПП)","МФО ""TAS FINANCE GROUP"" (ТАС ФИНАНС ГРУПП)",bond,corporate,KZT,https://kase.kz/api/instruments/securities/?sec_type=bond,https://kase.kz/ru/investors/bonds/MFTSb3,True,PENDING,PARTIAL,DATA_READY,,74,2025-08-28T19:00:00,2026-08-13T19:00:00,74,29.84,True,
MFTSb4,,"МФО ""TAS FINANCE GROUP"" (ТАС ФИНАНС ГРУПП)","МФО ""TAS FINANCE GROUP"" (ТАС ФИНАНС ГРУПП)",bond,corporate,USD,https://kase.kz/api/instruments/securities/?sec_type=bond,https://kase.kz/ru/investors/bonds/MFTSb4,True,PENDING,PARTIAL,DATA_READY,,3,2025-12-18T19:00:00,2025-12-28T19:00:00,3,1.21,True,
MFTSb5,,"МФО ""TAS FINANCE GROUP"" (ТАС ФИНАНС ГРУПП)","МФО ""TAS FINANCE GROUP"" (ТАС ФИНАНС ГРУПП)",bond,corporate,KZT,https://kase.kz/api/instruments/securities/?sec_type=bond,https://kase.kz/ru/investors/bonds/MFTSb5,True,PENDING,PARTIAL,DATA_READY,,19,2025-12-22T19:00:00,2026-08-18T19:00:00,19,7.66,True,
MFTSb6,,"МФО ""TAS FINANCE GROUP"" (ТАС ФИНАНС ГРУПП)","МФО ""TAS FINANCE GROUP"" (ТАС ФИНАНС ГРУПП)",bond,corporate,KZT,https://kase.kz/api/instruments/securities/?sec_type=bond,https://kase.kz/ru/investors/bonds/MFTSb6,True,PENDING,PARTIAL,DATA_READY,,18,2026-06-01T19:00:00,2026-08-27T19:00:00,18,7.26,True,
MFTSb7,,"МФО ""TAS FINANCE GROUP"" (ТАС ФИНАНС ГРУПП)","МФО ""TAS FINANCE GROUP"" (ТАС ФИНАНС ГРУПП)",bond,corporate,USD,https://kase.kz/api/instruments/securities/?sec_type=bond,https://kase.kz/ru/investors/bonds/MFTSb7,True,PENDING,PARTIAL,DATA_READY,,2,2026-05-14T19:00:00,2026-08-20T19:00:00,2,0.81,True,
MFTSb8,,"МФО ""TAS FINANCE GROUP"" (ТАС ФИНАНС ГРУПП)","МФО ""TAS FINANCE GROUP"" (ТАС ФИНАНС ГРУПП)",bond,corporate,KZT,https://kase.kz/api/instruments/securities/?sec_type=bond,https://kase.kz/ru/investors/bonds/MFTSb8,True,PENDING,PARTIAL,DATA_READY,,31,2026-07-12T19:00:00,2026-08-27T19:00:00,31,12.5,True,
MFTSb9,,"МФО ""TAS FINANCE GROUP"" (ТАС ФИНАНС ГРУПП)","МФО ""TAS FINANCE GROUP"" (ТАС ФИНАНС ГРУПП)",bond,corporate,KZT,https://kase.kz/api/instruments/securities/?sec_type=bond,https://kase.kz/ru/investors/bonds/MFTSb9,True,PENDING,PARTIAL,DATA_READY,,36,2026-07-09T19:00:00,2026-08-27T19:00:00,36,14.52,True,
MFTSe1,,"МФО ""TAS FINANCE GROUP"" (ТАС ФИНАНС ГРУПП)","МФО ""TAS FINANCE GROUP"" (ТАС ФИНАНС ГРУПП)",bond,corporate,KZT,https://kase.kz/api/instruments/securities/?sec_type=bond,https://kase.kz/ru/investors/bonds/MFTSe1,True,PENDING,UNAVAILABLE,NO_HISTORY,NO_PUBLIC_HISTORY,0,,,0,0.0,True,
MFTZpp1,,"МФО ""Teniz Capital Microfinance""","МФО ""Teniz Capital Microfinance""",bond,corporate,KZT,https://kase.kz/api/instruments/securities/?sec_type=bond,https://kase.kz/ru/investors/bonds/MFTZpp1,True,PENDING,UNAVAILABLE,NO_HISTORY,NO_PUBLIC_HISTORY,0,,,0,0.0,True,
MFUCb1,,"МФО ""ЮНИКРЕДО","МФО ""ЮНИКРЕДО",bond,corporate,USD,https://kase.kz/api/instruments/securities/?sec_type=bond,https://kase.kz/ru/investors/bonds/MFUCb1,False,UNAVAILABLE,UNAVAILABLE,NO_CHART,INSTRUMENT_DELISTED,0,,,0,0.0,True,
MFUCb10,,"МФО ""ЮНИКРЕДО","МФО ""ЮНИКРЕДО",bond,corporate,KZT,https://kase.kz/api/instruments/securities/?sec_type=bond,https://kase.kz/ru/investors/bonds/MFUCb10,True,PENDING,UNAVAILABLE,NO_HISTORY,NO_PUBLIC_HISTORY,0,,,0,0.0,True,
MFUCb2,,"МФО ""ЮНИКРЕДО","МФО ""ЮНИКРЕДО",bond,corporate,KZT,https://kase.kz/api/instruments/securities/?sec_type=bond,https://kase.kz/ru/investors/bonds/MFUCb2,False,UNAVAILABLE,UNAVAILABLE,NO_CHART,INSTRUMENT_DELISTED,0,,,0,0.0,True,
MFUCb3,,"МФО ""ЮНИКРЕДО","МФО ""ЮНИКРЕДО",bond,corporate,USD,https://kase.kz/api/instruments/securities/?sec_type=bond,https://kase.kz/ru/investors/bonds/MFUCb3,False,UNAVAILABLE,UNAVAILABLE,NO_CHART,INSTRUMENT_DELISTED,0,,,0,0.0,True,
MFUCb4,,"МФО ""ЮНИКРЕДО","МФО ""ЮНИКРЕДО",bond,corporate,USD,https://kase.kz/api/instruments/securities/?sec_type=bond,https://kase.kz/ru/investors/bonds/MFUCb4,False,UNAVAILABLE,UNAVAILABLE,NO_CHART,INSTRUMENT_DELISTED,0,,,0,0.0,True,
MFUCb5,,"МФО ""ЮНИКРЕДО","МФО ""ЮНИКРЕДО",bond,corporate,USD,https://kase.kz/api/instruments/securities/?sec_type=bond,https://kase.kz/ru/investors/bonds/MFUCb5,False,UNAVAILABLE,UNAVAILABLE,NO_CHART,INSTRUMENT_DELISTED,0,,,0,0.0,True,
MFUCb6,,"МФО ""ЮНИКРЕДО","МФО ""ЮНИКРЕДО",bond,corporate,KZT,https://kase.kz/api/instruments/securities/?sec_type=bond,https://kase.kz/ru/investors/bonds/MFUCb6,False,UNAVAILABLE,UNAVAILABLE,NO_CHART,INSTRUMENT_DELISTED,0,,,0,0.0,True,
MFUCb7,,"МФО ""ЮНИКРЕДО","МФО ""ЮНИКРЕДО",bond,corporate,USD,https://kase.kz/api/instruments/securities/?sec_type=bond,https://kase.kz/ru/investors/bonds/MFUCb7,True,PENDING,PARTIAL,DATA_READY,,86,2025-09-07T19:00:00,2026-08-26T19:00:00,86,34.68,True,
MFUCb8,,"МФО ""ЮНИКРЕДО","МФО ""ЮНИКРЕДО",bond,corporate,KZT,https://kase.kz/api/instruments/securities/?sec_type=bond,https://kase.kz/ru/investors/bonds/MFUCb8,True,PENDING,PARTIAL,DATA_READY,,143,2025-08-27T19:00:00,2026-08-27T19:00:00,143,57.66,True,
MFUCb9,,"МФО ""ЮНИКРЕДО","МФО ""ЮНИКРЕДО",bond,corporate,USD,https://kase.kz/api/instruments/securities/?sec_type=bond,https://kase.kz/ru/investors/bonds/MFUCb9,True,PENDING,PARTIAL,DATA_READY,,111,2025-10-07T19:00:00,2026-08-26T19:00:00,111,44.76,True,
MFVSpp1,,"МФО ""Вивус""","МФО ""Вивус""",bond,corporate,KZT,https://kase.kz/api/instruments/securities/?sec_type=bond,https://kase.kz/ru/investors/bonds/MFVSpp1,True,PENDING,UNAVAILABLE,NO_HISTORY,NO_PUBLIC_HISTORY,0,,,0,0.0,True,
MFZHpp1,,"МФО ""Авто Жана Кредит""","МФО ""Авто Жана Кредит""",bond,corporate,KZT,https://kase.kz/api/instruments/securities/?sec_type=bond,https://kase.kz/ru/investors/bonds/MFZHpp1,True,PENDING,UNAVAILABLE,NO_HISTORY,NO_PUBLIC_HISTORY,0,,,0,0.0,True,
MFZLpp1,,МК-Золото Ломбард,МК-Золото Ломбард,bond,corporate,KZT,https://kase.kz/api/instruments/securities/?sec_type=bond,https://kase.kz/ru/investors/bonds/MFZLpp1,True,PENDING,UNAVAILABLE,NO_HISTORY,NO_PUBLIC_HISTORY,0,,,0,0.0,True,
MIATb1,,МеталлИнвестАтырау,МеталлИнвестАтырау,bond,corporate,KZT,https://kase.kz/api/instruments/securities/?sec_type=bond,https://kase.kz/ru/investors/bonds/MIATb1,True,PENDING,UNAVAILABLE,NO_HISTORY,NO_PUBLIC_HISTORY,0,,,0,0.0,True,
MIATb2,,МеталлИнвестАтырау,МеталлИнвестАтырау,bond,corporate,USD,https://kase.kz/api/instruments/securities/?sec_type=bond,https://kase.kz/ru/investors/bonds/MIATb2,True,PENDING,PARTIAL,DATA_READY,,3,2025-08-28T19:00:00,2025-10-28T19:00:00,3,1.21,True,
MIATb3,,МеталлИнвестАтырау,МеталлИнвестАтырау,bond,corporate,USD,https://kase.kz/api/instruments/securities/?sec_type=bond,https://kase.kz/ru/investors/bonds/MIATb3,True,PENDING,PARTIAL,DATA_READY,,1,2025-10-27T19:00:00,2025-10-27T19:00:00,1,0.4,True,
MIDMpp1,,Midgard Mining Limited,Midgard Mining Limited,bond,corporate,USD,https://kase.kz/api/instruments/securities/?sec_type=bond,https://kase.kz/ru/investors/bonds/MIDMpp1,True,PENDING,UNAVAILABLE,NO_HISTORY,NO_PUBLIC_HISTORY,0,,,0,0.0,True,
MIDMpp2,,Midgard Mining Limited,Midgard Mining Limited,bond,corporate,USD,https://kase.kz/api/instruments/securities/?sec_type=bond,https://kase.kz/ru/investors/bonds/MIDMpp2,True,PENDING,UNAVAILABLE,NO_HISTORY,NO_PUBLIC_HISTORY,0,,,0,0.0,True,
MJETpp1,,MARKET JET,MARKET JET,bond,corporate,KZT,https://kase.kz/api/instruments/securities/?sec_type=bond,https://kase.kz/ru/investors/bonds/MJETpp1,True,PENDING,UNAVAILABLE,NO_HISTORY,NO_PUBLIC_HISTORY,0,,,0,0.0,True,
MNLTb1,,MONOLIT-GROUP,MONOLIT-GROUP,bond,corporate,KZT,https://kase.kz/api/instruments/securities/?sec_type=bond,https://kase.kz/ru/investors/bonds/MNLTb1,True,PENDING,PARTIAL,DATA_READY,,105,2025-12-25T19:00:00,2026-08-27T19:00:00,105,42.34,True,
MOBIpp1,,Freedom Mobile,Freedom Mobile,bond,corporate,USD,https://kase.kz/api/instruments/securities/?sec_type=bond,https://kase.kz/ru/investors/bonds/MOBIpp1,True,PENDING,UNAVAILABLE,NO_HISTORY,NO_PUBLIC_HISTORY,0,,,0,0.0,True,
MRDNb1,,"Управляющая компания ""Marden Property""","Управляющая компания ""Marden Property""",bond,corporate,USD,https://kase.kz/api/instruments/securities/?sec_type=bond,https://kase.kz/ru/investors/bonds/MRDNb1,True,PENDING,PARTIAL,DATA_READY,,227,2025-09-14T19:00:00,2026-08-27T19:00:00,227,91.53,True,
MREKb1,,МРЭК,МРЭК,bond,corporate,USD,https://kase.kz/api/instruments/securities/?sec_type=bond,https://kase.kz/ru/investors/bonds/MREKb1,False,UNAVAILABLE,UNAVAILABLE,NO_CHART,INSTRUMENT_DELISTED,0,,,0,0.0,True,
MREKb10,,МРЭК,МРЭК,bond,corporate,KZT,https://kase.kz/api/instruments/securities/?sec_type=bond,https://kase.kz/ru/investors/bonds/MREKb10,False,UNAVAILABLE,UNAVAILABLE,NO_CHART,INSTRUMENT_DELISTED,0,,,0,0.0,True,
MREKb2,,МРЭК,МРЭК,bond,corporate,KZT,https://kase.kz/api/instruments/securities/?sec_type=bond,https://kase.kz/ru/investors/bonds/MREKb2,False,UNAVAILABLE,UNAVAILABLE,NO_CHART,INSTRUMENT_DELISTED,0,,,0,0.0,True,
MREKb3,,МРЭК,МРЭК,bond,corporate,KZT,https://kase.kz/api/instruments/securities/?sec_type=bond,https://kase.kz/ru/investors/bonds/MREKb3,False,UNAVAILABLE,UNAVAILABLE,NO_CHART,INSTRUMENT_DELISTED,0,,,0,0.0,True,
MREKb4,,МРЭК,МРЭК,bond,corporate,KZT,https://kase.kz/api/instruments/securities/?sec_type=bond,https://kase.kz/ru/investors/bonds/MREKb4,False,UNAVAILABLE,UNAVAILABLE,NO_CHART,INSTRUMENT_DELISTED,0,,,0,0.0,True,
MREKb5,,МРЭК,МРЭК,bond,corporate,KZT,https://kase.kz/api/instruments/securities/?sec_type=bond,https://kase.kz/ru/investors/bonds/MREKb5,False,UNAVAILABLE,UNAVAILABLE,NO_CHART,INSTRUMENT_DELISTED,0,,,0,0.0,True,
MREKb6,,МРЭК,МРЭК,bond,corporate,KZT,https://kase.kz/api/instruments/securities/?sec_type=bond,https://kase.kz/ru/investors/bonds/MREKb6,False,UNAVAILABLE,UNAVAILABLE,NO_CHART,INSTRUMENT_DELISTED,0,,,0,0.0,True,
MREKb7,,МРЭК,МРЭК,bond,corporate,KZT,https://kase.kz/api/instruments/securities/?sec_type=bond,https://kase.kz/ru/investors/bonds/MREKb7,False,UNAVAILABLE,UNAVAILABLE,NO_CHART,INSTRUMENT_DELISTED,0,,,0,0.0,True,
MREKb8,,МРЭК,МРЭК,bond,corporate,KZT,https://kase.kz/api/instruments/securities/?sec_type=bond,https://kase.kz/ru/investors/bonds/MREKb8,False,UNAVAILABLE,UNAVAILABLE,NO_CHART,INSTRUMENT_DELISTED,0,,,0,0.0,True,
MREKb9,,МРЭК,МРЭК,bond,corporate,KZT,https://kase.kz/api/instruments/securities/?sec_type=bond,https://kase.kz/ru/investors/bonds/MREKb9,False,UNAVAILABLE,UNAVAILABLE,NO_CHART,INSTRUMENT_DELISTED,0,,,0,0.0,True,
MVDOpp1,,Магистральный Водовод,Магистральный Водовод,bond,corporate,KZT,https://kase.kz/api/instruments/securities/?sec_type=bond,https://kase.kz/ru/investors/bonds/MVDOpp1,True,PENDING,UNAVAILABLE,NO_HISTORY,NO_PUBLIC_HISTORY,0,,,0,0.0,True,
MVDOpp2,,Магистральный Водовод,Магистральный Водовод,bond,corporate,KZT,https://kase.kz/api/instruments/securities/?sec_type=bond,https://kase.kz/ru/investors/bonds/MVDOpp2,True,PENDING,UNAVAILABLE,NO_HISTORY,NO_PUBLIC_HISTORY,0,,,0,0.0,True,
NAVApp1,,НАВАХО,НАВАХО,bond,corporate,KZT,https://kase.kz/api/instruments/securities/?sec_type=bond,https://kase.kz/ru/investors/bonds/NAVApp1,True,PENDING,UNAVAILABLE,NO_HISTORY,NO_PUBLIC_HISTORY,0,,,0,0.0,True,
NCOMb1,,Fincraft Group,Fincraft Group,bond,corporate,KZT,https://kase.kz/api/instruments/securities/?sec_type=bond,https://kase.kz/ru/investors/bonds/NCOMb1,True,PENDING,PARTIAL,DATA_READY,,2,2025-08-27T19:00:00,2025-09-22T19:00:00,2,0.81,True,
NCOMb10,,Fincraft Group,Fincraft Group,bond,corporate,USD,https://kase.kz/api/instruments/securities/?sec_type=bond,https://kase.kz/ru/investors/bonds/NCOMb10,True,PENDING,PARTIAL,DATA_READY,,55,2026-02-01T19:00:00,2026-08-26T19:00:00,55,22.18,True,
NCOMb11,,Fincraft Group,Fincraft Group,bond,corporate,USD,https://kase.kz/api/instruments/securities/?sec_type=bond,https://kase.kz/ru/investors/bonds/NCOMb11,True,PENDING,PARTIAL,DATA_READY,,6,2026-01-26T19:00:00,2026-05-21T19:00:00,6,2.42,True,
NCOMb12,,Fincraft Group,Fincraft Group,bond,corporate,USD,https://kase.kz/api/instruments/securities/?sec_type=bond,https://kase.kz/ru/investors/bonds/NCOMb12,True,PENDING,PARTIAL,DATA_READY,,44,2026-03-31T19:00:00,2026-08-16T19:00:00,44,17.74,True,
NCOMb13,,Fincraft Group,Fincraft Group,bond,corporate,USD,https://kase.kz/api/instruments/securities/?sec_type=bond,https://kase.kz/ru/investors/bonds/NCOMb13,True,PENDING,PARTIAL,DATA_READY,,44,2026-05-12T19:00:00,2026-08-24T19:00:00,44,17.74,True,
NCOMb14,,Fincraft Group,Fincraft Group,bond,corporate,USD,https://kase.kz/api/instruments/securities/?sec_type=bond,https://kase.kz/ru/investors/bonds/NCOMb14,True,PENDING,PARTIAL,DATA_READY,,41,2026-05-31T19:00:00,2026-08-27T19:00:00,41,16.53,True,
NCOMb15,,Fincraft Group,Fincraft Group,bond,corporate,USD,https://kase.kz/api/instruments/securities/?sec_type=bond,https://kase.kz/ru/investors/bonds/NCOMb15,True,PENDING,PARTIAL,DATA_READY,,1,2026-08-27T19:00:00,2026-08-27T19:00:00,1,0.4,True,
NCOMb2,,Fincraft Group,Fincraft Group,bond,corporate,KZT,https://kase.kz/api/instruments/securities/?sec_type=bond,https://kase.kz/ru/investors/bonds/NCOMb2,False,UNAVAILABLE,UNAVAILABLE,NO_CHART,INSTRUMENT_DELISTED,0,,,0,0.0,True,
NCOMb3,,Fincraft Group,Fincraft Group,bond,corporate,KZT,https://kase.kz/api/instruments/securities/?sec_type=bond,https://kase.kz/ru/investors/bonds/NCOMb3,False,UNAVAILABLE,UNAVAILABLE,NO_CHART,INSTRUMENT_DELISTED,0,,,0,0.0,True,
NCOMb4,,Fincraft Group,Fincraft Group,bond,corporate,USD,https://kase.kz/api/instruments/securities/?sec_type=bond,https://kase.kz/ru/investors/bonds/NCOMb4,False,UNAVAILABLE,UNAVAILABLE,NO_CHART,INSTRUMENT_DELISTED,0,,,0,0.0,True,
NCOMb5,,Fincraft Group,Fincraft Group,bond,corporate,USD,https://kase.kz/api/instruments/securities/?sec_type=bond,https://kase.kz/ru/investors/bonds/NCOMb5,False,UNAVAILABLE,UNAVAILABLE,NO_CHART,INSTRUMENT_DELISTED,0,,,0,0.0,True,
NCOMb6,,Fincraft Group,Fincraft Group,bond,corporate,USD,https://kase.kz/api/instruments/securities/?sec_type=bond,https://kase.kz/ru/investors/bonds/NCOMb6,False,UNAVAILABLE,UNAVAILABLE,NO_CHART,INSTRUMENT_DELISTED,0,,,0,0.0,True,
NCOMb7,,Fincraft Group,Fincraft Group,bond,corporate,USD,https://kase.kz/api/instruments/securities/?sec_type=bond,https://kase.kz/ru/investors/bonds/NCOMb7,True,PENDING,PARTIAL,DATA_READY,,70,2025-09-15T19:00:00,2026-08-24T19:00:00,70,28.23,True,
NCOMb8,,Fincraft Group,Fincraft Group,bond,corporate,KZT,https://kase.kz/api/instruments/securities/?sec_type=bond,https://kase.kz/ru/investors/bonds/NCOMb8,True,PENDING,UNAVAILABLE,NO_HISTORY,NO_PUBLIC_HISTORY,0,,,0,0.0,True,
NCOMb9,,Fincraft Group,Fincraft Group,bond,corporate,USD,https://kase.kz/api/instruments/securities/?sec_type=bond,https://kase.kz/ru/investors/bonds/NCOMb9,True,PENDING,PARTIAL,DATA_READY,,52,2025-12-11T19:00:00,2026-08-26T19:00:00,52,20.97,True,
NCOMpp1,,Fincraft Group,Fincraft Group,bond,corporate,USD,https://kase.kz/api/instruments/securities/?sec_type=bond,https://kase.kz/ru/investors/bonds/NCOMpp1,False,UNAVAILABLE,UNAVAILABLE,NO_CHART,INSTRUMENT_DELISTED,0,,,0,0.0,True,
NCOMpp2,,Fincraft Group,Fincraft Group,bond,corporate,USD,https://kase.kz/api/instruments/securities/?sec_type=bond,https://kase.kz/ru/investors/bonds/NCOMpp2,True,PENDING,UNAVAILABLE,NO_HISTORY,NO_PUBLIC_HISTORY,0,,,0,0.0,True,
NCOMpp3,,Fincraft Group,Fincraft Group,bond,corporate,KZT,https://kase.kz/api/instruments/securities/?sec_type=bond,https://kase.kz/ru/investors/bonds/NCOMpp3,True,PENDING,UNAVAILABLE,NO_HISTORY,NO_PUBLIC_HISTORY,0,,,0,0.0,True,
NFBNb1,,Delta Bank,Delta Bank,bond,corporate,KZT,https://kase.kz/api/instruments/securities/?sec_type=bond,https://kase.kz/ru/investors/bonds/NFBNb1,False,UNAVAILABLE,UNAVAILABLE,NO_CHART,INSTRUMENT_DELISTED,0,,,0,0.0,True,
NFBNb2,,Delta Bank,Delta Bank,bond,corporate,KZT,https://kase.kz/api/instruments/securities/?sec_type=bond,https://kase.kz/ru/investors/bonds/NFBNb2,False,UNAVAILABLE,UNAVAILABLE,NO_CHART,INSTRUMENT_DELISTED,0,,,0,0.0,True,
NFBNb3,,Delta Bank,Delta Bank,bond,corporate,KZT,https://kase.kz/api/instruments/securities/?sec_type=bond,https://kase.kz/ru/investors/bonds/NFBNb3,False,UNAVAILABLE,UNAVAILABLE,NO_CHART,INSTRUMENT_DELISTED,0,,,0,0.0,True,
NFBNb4,,Delta Bank,Delta Bank,bond,corporate,KZT,https://kase.kz/api/instruments/securities/?sec_type=bond,https://kase.kz/ru/investors/bonds/NFBNb4,False,UNAVAILABLE,UNAVAILABLE,NO_CHART,INSTRUMENT_DELISTED,0,,,0,0.0,True,
NFBNb5,,Delta Bank,Delta Bank,bond,corporate,KZT,https://kase.kz/api/instruments/securities/?sec_type=bond,https://kase.kz/ru/investors/bonds/NFBNb5,False,UNAVAILABLE,UNAVAILABLE,NO_CHART,INSTRUMENT_DELISTED,0,,,0,0.0,True,
NFBNb6,,Delta Bank,Delta Bank,bond,corporate,KZT,https://kase.kz/api/instruments/securities/?sec_type=bond,https://kase.kz/ru/investors/bonds/NFBNb6,True,PENDING,UNAVAILABLE,NO_HISTORY,NO_PUBLIC_HISTORY,0,,,0,0.0,True,
NFBNb7,,Delta Bank,Delta Bank,bond,corporate,KZT,https://kase.kz/api/instruments/securities/?sec_type=bond,https://kase.kz/ru/investors/bonds/NFBNb7,False,UNAVAILABLE,UNAVAILABLE,NO_CHART,INSTRUMENT_DELISTED,0,,,0,0.0,True,
NITCb1,,Национальные информационные технологии,Национальные информационные технологии,bond,corporate,KZT,https://kase.kz/api/instruments/securities/?sec_type=bond,https://kase.kz/ru/investors/bonds/NITCb1,True,PENDING,PARTIAL,DATA_READY,,4,2025-10-22T19:00:00,2026-02-18T19:00:00,4,1.61,True,
NITCb2,,Национальные информационные технологии,Национальные информационные технологии,bond,corporate,KZT,https://kase.kz/api/instruments/securities/?sec_type=bond,https://kase.kz/ru/investors/bonds/NITCb2,True,PENDING,UNAVAILABLE,NO_HISTORY,NO_PUBLIC_HISTORY,0,,,0,0.0,True,
NITCb3,,Национальные информационные технологии,Национальные информационные технологии,bond,corporate,KZT,https://kase.kz/api/instruments/securities/?sec_type=bond,https://kase.kz/ru/investors/bonds/NITCb3,True,PENDING,UNAVAILABLE,NO_HISTORY,NO_PUBLIC_HISTORY,0,,,0,0.0,True,
NRBNb1,,Нурбанк,Нурбанк,bond,corporate,USD,https://kase.kz/api/instruments/securities/?sec_type=bond,https://kase.kz/ru/investors/bonds/NRBNb1,False,UNAVAILABLE,UNAVAILABLE,NO_CHART,INSTRUMENT_DELISTED,0,,,0,0.0,True,
NRBNb10,,Нурбанк,Нурбанк,bond,corporate,KZT,https://kase.kz/api/instruments/securities/?sec_type=bond,https://kase.kz/ru/investors/bonds/NRBNb10,False,UNAVAILABLE,UNAVAILABLE,NO_CHART,INSTRUMENT_DELISTED,0,,,0,0.0,True,
NRBNb11,,Нурбанк,Нурбанк,bond,corporate,KZT,https://kase.kz/api/instruments/securities/?sec_type=bond,https://kase.kz/ru/investors/bonds/NRBNb11,False,UNAVAILABLE,UNAVAILABLE,NO_CHART,INSTRUMENT_DELISTED,0,,,0,0.0,True,
NRBNb12,,Нурбанк,Нурбанк,bond,corporate,KZT,https://kase.kz/api/instruments/securities/?sec_type=bond,https://kase.kz/ru/investors/bonds/NRBNb12,True,PENDING,UNAVAILABLE,NO_HISTORY,NO_PUBLIC_HISTORY,0,,,0,0.0,True,
NRBNb13,,Нурбанк,Нурбанк,bond,corporate,KZT,https://kase.kz/api/instruments/securities/?sec_type=bond,https://kase.kz/ru/investors/bonds/NRBNb13,True,PENDING,UNAVAILABLE,NO_HISTORY,NO_PUBLIC_HISTORY,0,,,0,0.0,True,
NRBNb14,,Нурбанк,Нурбанк,bond,corporate,KZT,https://kase.kz/api/instruments/securities/?sec_type=bond,https://kase.kz/ru/investors/bonds/NRBNb14,True,PENDING,UNAVAILABLE,NO_HISTORY,NO_PUBLIC_HISTORY,0,,,0,0.0,True,
NRBNb15,,Нурбанк,Нурбанк,bond,corporate,KZT,https://kase.kz/api/instruments/securities/?sec_type=bond,https://kase.kz/ru/investors/bonds/NRBNb15,False,UNAVAILABLE,UNAVAILABLE,NO_CHART,INSTRUMENT_DELISTED,0,,,0,0.0,True,
NRBNb16,,Нурбанк,Нурбанк,bond,corporate,KZT,https://kase.kz/api/instruments/securities/?sec_type=bond,https://kase.kz/ru/investors/bonds/NRBNb16,True,PENDING,UNAVAILABLE,NO_HISTORY,NO_PUBLIC_HISTORY,0,,,0,0.0,True,
NRBNb2,,Нурбанк,Нурбанк,bond,corporate,USD,https://kase.kz/api/instruments/securities/?sec_type=bond,https://kase.kz/ru/investors/bonds/NRBNb2,False,UNAVAILABLE,UNAVAILABLE,NO_CHART,INSTRUMENT_DELISTED,0,,,0,0.0,True,
NRBNb3,,Нурбанк,Нурбанк,bond,corporate,KZT,https://kase.kz/api/instruments/securities/?sec_type=bond,https://kase.kz/ru/investors/bonds/NRBNb3,False,UNAVAILABLE,UNAVAILABLE,NO_CHART,INSTRUMENT_DELISTED,0,,,0,0.0,True,
NRBNb4,,Нурбанк,Нурбанк,bond,corporate,KZT,https://kase.kz/api/instruments/securities/?sec_type=bond,https://kase.kz/ru/investors/bonds/NRBNb4,False,UNAVAILABLE,UNAVAILABLE,NO_CHART,INSTRUMENT_DELISTED,0,,,0,0.0,True,
NRBNb5,,Нурбанк,Нурбанк,bond,corporate,KZT,https://kase.kz/api/instruments/securities/?sec_type=bond,https://kase.kz/ru/investors/bonds/NRBNb5,False,UNAVAILABLE,UNAVAILABLE,NO_CHART,INSTRUMENT_DELISTED,0,,,0,0.0,True,
NRBNb6,,Нурбанк,Нурбанк,bond,corporate,KZT,https://kase.kz/api/instruments/securities/?sec_type=bond,https://kase.kz/ru/investors/bonds/NRBNb6,False,UNAVAILABLE,UNAVAILABLE,NO_CHART,INSTRUMENT_DELISTED,0,,,0,0.0,True,
NRBNb7,,Нурбанк,Нурбанк,bond,corporate,KZT,https://kase.kz/api/instruments/securities/?sec_type=bond,https://kase.kz/ru/investors/bonds/NRBNb7,False,UNAVAILABLE,UNAVAILABLE,NO_CHART,INSTRUMENT_DELISTED,0,,,0,0.0,True,
NRBNb8,,Нурбанк,Нурбанк,bond,corporate,KZT,https://kase.kz/api/instruments/securities/?sec_type=bond,https://kase.kz/ru/investors/bonds/NRBNb8,False,UNAVAILABLE,UNAVAILABLE,NO_CHART,INSTRUMENT_DELISTED,0,,,0,0.0,True,
NRBNb9,,Нурбанк,Нурбанк,bond,corporate,KZT,https://kase.kz/api/instruments/securities/?sec_type=bond,https://kase.kz/ru/investors/bonds/NRBNb9,False,UNAVAILABLE,UNAVAILABLE,NO_CHART,INSTRUMENT_DELISTED,0,,,0,0.0,True,
NRBNe2,,Нурбанк,Нурбанк,bond,corporate,KZT,https://kase.kz/api/instruments/securities/?sec_type=bond,https://kase.kz/ru/investors/bonds/NRBNe2,False,UNAVAILABLE,UNAVAILABLE,NO_CHART,INSTRUMENT_DELISTED,0,,,0,0.0,True,
OASIpp1,,Carlsberg Central Asia,Carlsberg Central Asia,bond,corporate,USD,https://kase.kz/api/instruments/securities/?sec_type=bond,https://kase.kz/ru/investors/bonds/OASIpp1,True,PENDING,UNAVAILABLE,NO_HISTORY,NO_PUBLIC_HISTORY,0,,,0,0.0,True,
OILAb1,,OILAb1,OILAb1,bond,corporate,KZT,https://kase.kz/api/instruments/securities/?sec_type=bond,https://kase.kz/ru/investors/bonds/OILAb1,False,UNAVAILABLE,UNAVAILABLE,NO_CHART,INSTRUMENT_DELISTED,0,,,0,0.0,True,
OKZHpp1,,Окжетпес III,Окжетпес III,bond,corporate,KZT,https://kase.kz/api/instruments/securities/?sec_type=bond,https://kase.kz/ru/investors/bonds/OKZHpp1,True,PENDING,UNAVAILABLE,NO_HISTORY,NO_PUBLIC_HISTORY,0,,,0,0.0,True,
OLSTpp1,,Olivia Stroy,Olivia Stroy,bond,corporate,KZT,https://kase.kz/api/instruments/securities/?sec_type=bond,https://kase.kz/ru/investors/bonds/OLSTpp1,True,PENDING,UNAVAILABLE,NO_HISTORY,NO_PUBLIC_HISTORY,0,,,0,0.0,True,
ONMTpp1,,Onemotion,Onemotion,bond,corporate,USD,https://kase.kz/api/instruments/securities/?sec_type=bond,https://kase.kz/ru/investors/bonds/ONMTpp1,True,PENDING,UNAVAILABLE,NO_HISTORY,NO_PUBLIC_HISTORY,0,,,0,0.0,True,
ONMTpp2,,Onemotion,Onemotion,bond,corporate,KZT,https://kase.kz/api/instruments/securities/?sec_type=bond,https://kase.kz/ru/investors/bonds/ONMTpp2,True,PENDING,UNAVAILABLE,NO_HISTORY,NO_PUBLIC_HISTORY,0,,,0,0.0,True,
ONMTpp3,,Onemotion,Onemotion,bond,corporate,USD,https://kase.kz/api/instruments/securities/?sec_type=bond,https://kase.kz/ru/investors/bonds/ONMTpp3,True,PENDING,UNAVAILABLE,NO_HISTORY,NO_PUBLIC_HISTORY,0,,,0,0.0,True,
ORBSb1,,Orbis Leasing,Orbis Leasing,bond,corporate,KZT,https://kase.kz/api/instruments/securities/?sec_type=bond,https://kase.kz/ru/investors/bonds/ORBSb1,False,UNAVAILABLE,UNAVAILABLE,NO_CHART,INSTRUMENT_DELISTED,0,,,0,0.0,True,
ORBSb2,,Orbis Leasing,Orbis Leasing,bond,corporate,KZT,https://kase.kz/api/instruments/securities/?sec_type=bond,https://kase.kz/ru/investors/bonds/ORBSb2,False,UNAVAILABLE,UNAVAILABLE,NO_CHART,INSTRUMENT_DELISTED,0,,,0,0.0,True,
ORBSb3,,Orbis Leasing,Orbis Leasing,bond,corporate,KZT,https://kase.kz/api/instruments/securities/?sec_type=bond,https://kase.kz/ru/investors/bonds/ORBSb3,False,UNAVAILABLE,UNAVAILABLE,NO_CHART,INSTRUMENT_DELISTED,0,,,0,0.0,True,
ORBSb4,,Orbis Leasing,Orbis Leasing,bond,corporate,KZT,https://kase.kz/api/instruments/securities/?sec_type=bond,https://kase.kz/ru/investors/bonds/ORBSb4,False,UNAVAILABLE,UNAVAILABLE,NO_CHART,INSTRUMENT_DELISTED,0,,,0,0.0,True,
ORBSb5,,Orbis Leasing,Orbis Leasing,bond,corporate,KZT,https://kase.kz/api/instruments/securities/?sec_type=bond,https://kase.kz/ru/investors/bonds/ORBSb5,False,UNAVAILABLE,UNAVAILABLE,NO_CHART,INSTRUMENT_DELISTED,0,,,0,0.0,True,
ORBSb6,,Orbis Leasing,Orbis Leasing,bond,corporate,USD,https://kase.kz/api/instruments/securities/?sec_type=bond,https://kase.kz/ru/investors/bonds/ORBSb6,True,PENDING,PARTIAL,DATA_READY,,148,2025-12-01T19:00:00,2026-08-27T19:00:00,148,59.68,True,
ORBSb7,,Orbis Leasing,Orbis Leasing,bond,corporate,KZT,https://kase.kz/api/instruments/securities/?sec_type=bond,https://kase.kz/ru/investors/bonds/ORBSb7,True,PENDING,PARTIAL,DATA_READY,,115,2026-03-09T19:00:00,2026-08-27T19:00:00,115,46.37,True,
ORBSb8,,Orbis Leasing,Orbis Leasing,bond,corporate,KZT,https://kase.kz/api/instruments/securities/?sec_type=bond,https://kase.kz/ru/investors/bonds/ORBSb8,True,PENDING,PARTIAL,DATA_READY,,85,2026-04-23T19:00:00,2026-08-27T19:00:00,85,34.27,True,
ORDBb1,,ORDBb1,ORDBb1,bond,corporate,USD,https://kase.kz/api/instruments/securities/?sec_type=bond,https://kase.kz/ru/investors/bonds/ORDBb1,False,UNAVAILABLE,UNAVAILABLE,NO_CHART,INSTRUMENT_DELISTED,0,,,0,0.0,True,
ORDBb2,,ORDBb2,ORDBb2,bond,corporate,KZT,https://kase.kz/api/instruments/securities/?sec_type=bond,https://kase.kz/ru/investors/bonds/ORDBb2,False,UNAVAILABLE,UNAVAILABLE,NO_CHART,INSTRUMENT_DELISTED,0,,,0,0.0,True,
ORDKb1,,ОРДА кредит,ОРДА кредит,bond,corporate,KZT,https://kase.kz/api/instruments/securities/?sec_type=bond,https://kase.kz/ru/investors/bonds/ORDKb1,False,UNAVAILABLE,UNAVAILABLE,NO_CHART,INSTRUMENT_DELISTED,0,,,0,0.0,True,
ORDKb2,,ОРДА кредит,ОРДА кредит,bond,corporate,KZT,https://kase.kz/api/instruments/securities/?sec_type=bond,https://kase.kz/ru/investors/bonds/ORDKb2,False,UNAVAILABLE,UNAVAILABLE,NO_CHART,INSTRUMENT_DELISTED,0,,,0,0.0,True,
ORNKb1,,ORNKb1,ORNKb1,bond,corporate,KZT,https://kase.kz/api/instruments/securities/?sec_type=bond,https://kase.kz/ru/investors/bonds/ORNKb1,False,UNAVAILABLE,UNAVAILABLE,NO_CHART,INSTRUMENT_DELISTED,0,,,0,0.0,True,
ORNTpp1,,Orient Group KZ,Orient Group KZ,bond,corporate,KZT,https://kase.kz/api/instruments/securities/?sec_type=bond,https://kase.kz/ru/investors/bonds/ORNTpp1,True,PENDING,UNAVAILABLE,NO_HISTORY,NO_PUBLIC_HISTORY,0,,,0,0.0,True,
ORPTb1,,Оптово-розничное предприятие торговли,Оптово-розничное предприятие торговли,bond,corporate,KZT,https://kase.kz/api/instruments/securities/?sec_type=bond,https://kase.kz/ru/investors/bonds/ORPTb1,True,PENDING,UNAVAILABLE,NO_HISTORY,NO_PUBLIC_HISTORY,0,,,0,0.0,True,
ORPTb2,,Оптово-розничное предприятие торговли,Оптово-розничное предприятие торговли,bond,corporate,KZT,https://kase.kz/api/instruments/securities/?sec_type=bond,https://kase.kz/ru/investors/bonds/ORPTb2,True,PENDING,UNAVAILABLE,NO_HISTORY,NO_PUBLIC_HISTORY,0,,,0,0.0,True,
OSRGpp1,,Өскемен Энерго,Өскемен Энерго,bond,corporate,KZT,https://kase.kz/api/instruments/securities/?sec_type=bond,https://kase.kz/ru/investors/bonds/OSRGpp1,True,PENDING,UNAVAILABLE,NO_HISTORY,NO_PUBLIC_HISTORY,0,,,0,0.0,True,
PDENb1,,ПАВЛОДАРЭНЕРГО,ПАВЛОДАРЭНЕРГО,bond,corporate,KZT,https://kase.kz/api/instruments/securities/?sec_type=bond,https://kase.kz/ru/investors/bonds/PDENb1,False,UNAVAILABLE,UNAVAILABLE,NO_CHART,INSTRUMENT_DELISTED,0,,,0,0.0,True,
PDENb2,,ПАВЛОДАРЭНЕРГО,ПАВЛОДАРЭНЕРГО,bond,corporate,KZT,https://kase.kz/api/instruments/securities/?sec_type=bond,https://kase.kz/ru/investors/bonds/PDENb2,True,PENDING,PARTIAL,DATA_READY,,7,2025-09-28T19:00:00,2026-04-27T19:00:00,7,2.82,True,
PDENb3,,ПАВЛОДАРЭНЕРГО,ПАВЛОДАРЭНЕРГО,bond,corporate,KZT,https://kase.kz/api/instruments/securities/?sec_type=bond,https://kase.kz/ru/investors/bonds/PDENb3,False,UNAVAILABLE,UNAVAILABLE,NO_CHART,INSTRUMENT_DELISTED,0,,,0,0.0,True,
PDESb1,,PDESb1,PDESb1,bond,corporate,USD,https://kase.kz/api/instruments/securities/?sec_type=bond,https://kase.kz/ru/investors/bonds/PDESb1,False,UNAVAILABLE,UNAVAILABLE,NO_CHART,INSTRUMENT_DELISTED,0,,,0,0.0,True,
PIFRb1,,PartnerInterFreight (ПартнэрИнтэрФрэйт),PartnerInterFreight (ПартнэрИнтэрФрэйт),bond,corporate,KZT,https://kase.kz/api/instruments/securities/?sec_type=bond,https://kase.kz/ru/investors/bonds/PIFRb1,False,UNAVAILABLE,UNAVAILABLE,NO_CHART,INSTRUMENT_DELISTED,0,,,0,0.0,True,
PIFRb2,,PartnerInterFreight (ПартнэрИнтэрФрэйт),PartnerInterFreight (ПартнэрИнтэрФрэйт),bond,corporate,KZT,https://kase.kz/api/instruments/securities/?sec_type=bond,https://kase.kz/ru/investors/bonds/PIFRb2,False,UNAVAILABLE,UNAVAILABLE,NO_CHART,INSTRUMENT_DELISTED,0,,,0,0.0,True,
PKDAb1,,"СПК ""ДАМУ АГРО""","СПК ""ДАМУ АГРО""",bond,corporate,KZT,https://kase.kz/api/instruments/securities/?sec_type=bond,https://kase.kz/ru/investors/bonds/PKDAb1,True,PENDING,PARTIAL,DATA_READY,,34,2025-09-14T19:00:00,2026-08-26T19:00:00,34,13.71,True,
PKKRe1,,PKKRe1,PKKRe1,bond,corporate,USD,https://kase.kz/api/instruments/securities/?sec_type=bond,https://kase.kz/ru/investors/bonds/PKKRe1,False,UNAVAILABLE,UNAVAILABLE,NO_CHART,INSTRUMENT_DELISTED,0,,,0,0.0,True,
PRKRb1,,Продкорпорация,Продкорпорация,bond,corporate,KZT,https://kase.kz/api/instruments/securities/?sec_type=bond,https://kase.kz/ru/investors/bonds/PRKRb1,False,UNAVAILABLE,UNAVAILABLE,NO_CHART,INSTRUMENT_DELISTED,0,,,0,0.0,True,
PRKRb10,,Продкорпорация,Продкорпорация,bond,corporate,KZT,https://kase.kz/api/instruments/securities/?sec_type=bond,https://kase.kz/ru/investors/bonds/PRKRb10,False,UNAVAILABLE,UNAVAILABLE,NO_CHART,INSTRUMENT_DELISTED,0,,,0,0.0,True,
PRKRb11,,Продкорпорация,Продкорпорация,bond,corporate,KZT,https://kase.kz/api/instruments/securities/?sec_type=bond,https://kase.kz/ru/investors/bonds/PRKRb11,True,PENDING,PARTIAL,DATA_READY,,15,2025-10-07T19:00:00,2026-06-04T19:00:00,15,6.05,True,
PRKRb12,,Продкорпорация,Продкорпорация,bond,corporate,KZT,https://kase.kz/api/instruments/securities/?sec_type=bond,https://kase.kz/ru/investors/bonds/PRKRb12,True,PENDING,UNAVAILABLE,NO_HISTORY,NO_PUBLIC_HISTORY,0,,,0,0.0,True,
PRKRb2,,Продкорпорация,Продкорпорация,bond,corporate,KZT,https://kase.kz/api/instruments/securities/?sec_type=bond,https://kase.kz/ru/investors/bonds/PRKRb2,False,UNAVAILABLE,UNAVAILABLE,NO_CHART,INSTRUMENT_DELISTED,0,,,0,0.0,True,
PRKRb3,,Продкорпорация,Продкорпорация,bond,corporate,KZT,https://kase.kz/api/instruments/securities/?sec_type=bond,https://kase.kz/ru/investors/bonds/PRKRb3,False,UNAVAILABLE,UNAVAILABLE,NO_CHART,INSTRUMENT_DELISTED,0,,,0,0.0,True,
PRKRb4,,Продкорпорация,Продкорпорация,bond,corporate,KZT,https://kase.kz/api/instruments/securities/?sec_type=bond,https://kase.kz/ru/investors/bonds/PRKRb4,False,UNAVAILABLE,UNAVAILABLE,NO_CHART,INSTRUMENT_DELISTED,0,,,0,0.0,True,
PRKRb5,,Продкорпорация,Продкорпорация,bond,corporate,KZT,https://kase.kz/api/instruments/securities/?sec_type=bond,https://kase.kz/ru/investors/bonds/PRKRb5,False,UNAVAILABLE,UNAVAILABLE,NO_CHART,INSTRUMENT_DELISTED,0,,,0,0.0,True,
PRKRb6,,Продкорпорация,Продкорпорация,bond,corporate,KZT,https://kase.kz/api/instruments/securities/?sec_type=bond,https://kase.kz/ru/investors/bonds/PRKRb6,True,PENDING,UNAVAILABLE,NO_HISTORY,NO_PUBLIC_HISTORY,0,,,0,0.0,True,
PRKRb7,,Продкорпорация,Продкорпорация,bond,corporate,KZT,https://kase.kz/api/instruments/securities/?sec_type=bond,https://kase.kz/ru/investors/bonds/PRKRb7,False,UNAVAILABLE,UNAVAILABLE,NO_CHART,INSTRUMENT_DELISTED,0,,,0,0.0,True,
PRKRb8,,Продкорпорация,Продкорпорация,bond,corporate,KZT,https://kase.kz/api/instruments/securities/?sec_type=bond,https://kase.kz/ru/investors/bonds/PRKRb8,False,UNAVAILABLE,UNAVAILABLE,NO_CHART,INSTRUMENT_DELISTED,0,,,0,0.0,True,
PRKRb9,,Продкорпорация,Продкорпорация,bond,corporate,KZT,https://kase.kz/api/instruments/securities/?sec_type=bond,https://kase.kz/ru/investors/bonds/PRKRb9,False,UNAVAILABLE,UNAVAILABLE,NO_CHART,INSTRUMENT_DELISTED,0,,,0,0.0,True,
PRKRe1,,Продкорпорация,Продкорпорация,bond,corporate,KZT,https://kase.kz/api/instruments/securities/?sec_type=bond,https://kase.kz/ru/investors/bonds/PRKRe1,False,UNAVAILABLE,UNAVAILABLE,NO_CHART,INSTRUMENT_DELISTED,0,,,0,0.0,True,
QGLDb1,,QARABULAQ GOLD,QARABULAQ GOLD,bond,corporate,USD,https://kase.kz/api/instruments/securities/?sec_type=bond,https://kase.kz/ru/investors/bonds/QGLDb1,True,PENDING,PARTIAL,DATA_READY,,10,2026-08-04T19:00:00,2026-08-25T19:00:00,10,4.03,True,
QSHDb1,,QS Holding,QS Holding,bond,corporate,KZT,https://kase.kz/api/instruments/securities/?sec_type=bond,https://kase.kz/ru/investors/bonds/QSHDb1,True,PENDING,UNAVAILABLE,NO_HISTORY,NO_PUBLIC_HISTORY,0,,,0,0.0,True,
RAAFpp1,,RAAF Construction,RAAF Construction,bond,corporate,KZT,https://kase.kz/api/instruments/securities/?sec_type=bond,https://kase.kz/ru/investors/bonds/RAAFpp1,True,PENDING,UNAVAILABLE,NO_HISTORY,NO_PUBLIC_HISTORY,0,,,0,0.0,True,
REALb1,,REAL-INVEST,REAL-INVEST,bond,corporate,KZT,https://kase.kz/api/instruments/securities/?sec_type=bond,https://kase.kz/ru/investors/bonds/REALb1,False,UNAVAILABLE,UNAVAILABLE,NO_CHART,INSTRUMENT_DELISTED,0,,,0,0.0,True,
RENTb,,RENTb,RENTb,bond,corporate,KZT,https://kase.kz/api/instruments/securities/?sec_type=bond,https://kase.kz/ru/investors/bonds/RENTb,False,UNAVAILABLE,UNAVAILABLE,NO_CHART,INSTRUMENT_DELISTED,0,,,0,0.0,True,
RESCb1,,RESCb1,RESCb1,bond,corporate,KZT,https://kase.kz/api/instruments/securities/?sec_type=bond,https://kase.kz/ru/investors/bonds/RESCb1,False,UNAVAILABLE,UNAVAILABLE,NO_CHART,INSTRUMENT_DELISTED,0,,,0,0.0,True,
RESCb2,,RESCb2,RESCb2,bond,corporate,KZT,https://kase.kz/api/instruments/securities/?sec_type=bond,https://kase.kz/ru/investors/bonds/RESCb2,False,UNAVAILABLE,UNAVAILABLE,NO_CHART,INSTRUMENT_DELISTED,0,,,0,0.0,True,
RETMb1,,"""RETAM""","""RETAM""",bond,corporate,KZT,https://kase.kz/api/instruments/securities/?sec_type=bond,https://kase.kz/ru/investors/bonds/RETMb1,True,PENDING,PARTIAL,DATA_READY,,1,2026-06-24T19:00:00,2026-06-24T19:00:00,1,0.4,True,
RGBKb1,,RG Brands Kazakhstan,RG Brands Kazakhstan,bond,corporate,KZT,https://kase.kz/api/instruments/securities/?sec_type=bond,https://kase.kz/ru/investors/bonds/RGBKb1,True,PENDING,UNAVAILABLE,NO_HISTORY,NO_PUBLIC_HISTORY,0,,,0,0.0,True,
RGBKb2,,RG Brands Kazakhstan,RG Brands Kazakhstan,bond,corporate,KZT,https://kase.kz/api/instruments/securities/?sec_type=bond,https://kase.kz/ru/investors/bonds/RGBKb2,True,PENDING,UNAVAILABLE,NO_HISTORY,NO_PUBLIC_HISTORY,0,,,0,0.0,True,
RGBRb2,,RG Brands,RG Brands,bond,corporate,USD,https://kase.kz/api/instruments/securities/?sec_type=bond,https://kase.kz/ru/investors/bonds/RGBRb2,False,UNAVAILABLE,UNAVAILABLE,NO_CHART,INSTRUMENT_DELISTED,0,,,0,0.0,True,
RGBRb3,,RG Brands,RG Brands,bond,corporate,USD,https://kase.kz/api/instruments/securities/?sec_type=bond,https://kase.kz/ru/investors/bonds/RGBRb3,False,UNAVAILABLE,UNAVAILABLE,NO_CHART,INSTRUMENT_DELISTED,0,,,0,0.0,True,
RGBRb4,,RG Brands,RG Brands,bond,corporate,KZT,https://kase.kz/api/instruments/securities/?sec_type=bond,https://kase.kz/ru/investors/bonds/RGBRb4,False,UNAVAILABLE,UNAVAILABLE,NO_CHART,INSTRUMENT_DELISTED,0,,,0,0.0,True,
RGBRb5,,RG Brands,RG Brands,bond,corporate,KZT,https://kase.kz/api/instruments/securities/?sec_type=bond,https://kase.kz/ru/investors/bonds/RGBRb5,False,UNAVAILABLE,UNAVAILABLE,NO_CHART,INSTRUMENT_DELISTED,0,,,0,0.0,True,
RGBRb6,,RG Brands,RG Brands,bond,corporate,KZT,https://kase.kz/api/instruments/securities/?sec_type=bond,https://kase.kz/ru/investors/bonds/RGBRb6,False,UNAVAILABLE,UNAVAILABLE,NO_CHART,INSTRUMENT_DELISTED,0,,,0,0.0,True,
RGBRb7,,RG Brands,RG Brands,bond,corporate,KZT,https://kase.kz/api/instruments/securities/?sec_type=bond,https://kase.kz/ru/investors/bonds/RGBRb7,False,UNAVAILABLE,UNAVAILABLE,NO_CHART,INSTRUMENT_DELISTED,0,,,0,0.0,True,
RGBRb8,,RG Brands,RG Brands,bond,corporate,KZT,https://kase.kz/api/instruments/securities/?sec_type=bond,https://kase.kz/ru/investors/bonds/RGBRb8,True,PENDING,UNAVAILABLE,NO_HISTORY,NO_PUBLIC_HISTORY,0,,,0,0.0,True,
RMXRb1,,RMXRb1,RMXRb1,bond,corporate,KZT,https://kase.kz/api/instruments/securities/?sec_type=bond,https://kase.kz/ru/investors/bonds/RMXRb1,False,UNAVAILABLE,UNAVAILABLE,NO_CHART,INSTRUMENT_DELISTED,0,,,0,0.0,True,
ROADpp1,,ROAD MARKET,ROAD MARKET,bond,corporate,KZT,https://kase.kz/api/instruments/securities/?sec_type=bond,https://kase.kz/ru/investors/bonds/ROADpp1,True,PENDING,UNAVAILABLE,NO_HISTORY,NO_PUBLIC_HISTORY,0,,,0,0.0,True,
ROKSpp1,,Rokos Logistics,Rokos Logistics,bond,corporate,KZT,https://kase.kz/api/instruments/securities/?sec_type=bond,https://kase.kz/ru/investors/bonds/ROKSpp1,True,PENDING,UNAVAILABLE,NO_HISTORY,NO_PUBLIC_HISTORY,0,,,0,0.0,True,
ROKSpp2,,Rokos Logistics,Rokos Logistics,bond,corporate,KZT,https://kase.kz/api/instruments/securities/?sec_type=bond,https://kase.kz/ru/investors/bonds/ROKSpp2,True,PENDING,UNAVAILABLE,NO_HISTORY,NO_PUBLIC_HISTORY,0,,,0,0.0,True,
ROSAb1,,ROSAb1,ROSAb1,bond,corporate,USD,https://kase.kz/api/instruments/securities/?sec_type=bond,https://kase.kz/ru/investors/bonds/ROSAb1,False,UNAVAILABLE,UNAVAILABLE,NO_CHART,INSTRUMENT_DELISTED,0,,,0,0.0,True,
ROSAb2,,ROSAb2,ROSAb2,bond,corporate,KZT,https://kase.kz/api/instruments/securities/?sec_type=bond,https://kase.kz/ru/investors/bonds/ROSAb2,False,UNAVAILABLE,UNAVAILABLE,NO_CHART,INSTRUMENT_DELISTED,0,,,0,0.0,True,
RU_VTBRb1,,Банк ВТБ,Банк ВТБ,bond,corporate,KZT,https://kase.kz/api/instruments/securities/?sec_type=bond,https://kase.kz/ru/investors/bonds/RU_VTBRb1,False,UNAVAILABLE,UNAVAILABLE,NO_CHART,INSTRUMENT_DELISTED,0,,,0,0.0,True,
SAPHpp1,,Сапфир Инвест,Сапфир Инвест,bond,corporate,KZT,https://kase.kz/api/instruments/securities/?sec_type=bond,https://kase.kz/ru/investors/bonds/SAPHpp1,False,UNAVAILABLE,UNAVAILABLE,NO_CHART,INSTRUMENT_DELISTED,0,,,0,0.0,True,
SATCb1,,Fincraft Resources,Fincraft Resources,bond,corporate,KZT,https://kase.kz/api/instruments/securities/?sec_type=bond,https://kase.kz/ru/investors/bonds/SATCb1,False,UNAVAILABLE,UNAVAILABLE,NO_CHART,INSTRUMENT_DELISTED,0,,,0,0.0,True,
SATCb2,,Fincraft Resources,Fincraft Resources,bond,corporate,KZT,https://kase.kz/api/instruments/securities/?sec_type=bond,https://kase.kz/ru/investors/bonds/SATCb2,False,UNAVAILABLE,UNAVAILABLE,NO_CHART,INSTRUMENT_DELISTED,0,,,0,0.0,True,
SBERb10,,Bereke Bank,Bereke Bank,bond,corporate,KZT,https://kase.kz/api/instruments/securities/?sec_type=bond,https://kase.kz/ru/investors/bonds/SBERb10,False,UNAVAILABLE,UNAVAILABLE,NO_CHART,INSTRUMENT_DELISTED,0,,,0,0.0,True,
SBERb8,,Bereke Bank,Bereke Bank,bond,corporate,KZT,https://kase.kz/api/instruments/securities/?sec_type=bond,https://kase.kz/ru/investors/bonds/SBERb8,False,UNAVAILABLE,UNAVAILABLE,NO_CHART,INSTRUMENT_DELISTED,0,,,0,0.0,True,
SBERb9,,Bereke Bank,Bereke Bank,bond,corporate,KZT,https://kase.kz/api/instruments/securities/?sec_type=bond,https://kase.kz/ru/investors/bonds/SBERb9,False,UNAVAILABLE,UNAVAILABLE,NO_CHART,INSTRUMENT_DELISTED,0,,,0,0.0,True,
SCASpp1,,Saulet Construction Astana,Saulet Construction Astana,bond,corporate,KZT,https://kase.kz/api/instruments/securities/?sec_type=bond,https://kase.kz/ru/investors/bonds/SCASpp1,True,PENDING,UNAVAILABLE,NO_HISTORY,NO_PUBLIC_HISTORY,0,,,0,0.0,True,
SCLBb1,,Скулбас,Скулбас,bond,corporate,KZT,https://kase.kz/api/instruments/securities/?sec_type=bond,https://kase.kz/ru/investors/bonds/SCLBb1,True,PENDING,PARTIAL,DATA_READY,,212,2025-08-27T19:00:00,2026-08-27T19:00:00,212,85.48,True,
SCLBb2,,Скулбас,Скулбас,bond,corporate,KZT,https://kase.kz/api/instruments/securities/?sec_type=bond,https://kase.kz/ru/investors/bonds/SCLBb2,True,PENDING,COMPLETE,DATA_READY,,237,2025-08-28T19:00:00,2026-08-27T19:00:00,237,95.56,False,
SCLBb3,,Скулбас,Скулбас,bond,corporate,USD,https://kase.kz/api/instruments/securities/?sec_type=bond,https://kase.kz/ru/investors/bonds/SCLBb3,True,PENDING,PARTIAL,DATA_READY,,23,2026-07-23T19:00:00,2026-08-27T19:00:00,23,9.27,True,
SEGRb1,,Станция Экибастузская ГРЭС-2,Станция Экибастузская ГРЭС-2,bond,corporate,KZT,https://kase.kz/api/instruments/securities/?sec_type=bond,https://kase.kz/ru/investors/bonds/SEGRb1,True,PENDING,UNAVAILABLE,NO_HISTORY,NO_PUBLIC_HISTORY,0,,,0,0.0,True,
SEGRpp1,,Станция Экибастузская ГРЭС-2,Станция Экибастузская ГРЭС-2,bond,corporate,KZT,https://kase.kz/api/instruments/securities/?sec_type=bond,https://kase.kz/ru/investors/bonds/SEGRpp1,True,PENDING,UNAVAILABLE,NO_HISTORY,NO_PUBLIC_HISTORY,0,,,0,0.0,True,
SEGRpp2,,Станция Экибастузская ГРЭС-2,Станция Экибастузская ГРЭС-2,bond,corporate,KZT,https://kase.kz/api/instruments/securities/?sec_type=bond,https://kase.kz/ru/investors/bonds/SEGRpp2,True,PENDING,UNAVAILABLE,NO_HISTORY,NO_PUBLIC_HISTORY,0,,,0,0.0,True,
SEGRpp3,,Станция Экибастузская ГРЭС-2,Станция Экибастузская ГРЭС-2,bond,corporate,KZT,https://kase.kz/api/instruments/securities/?sec_type=bond,https://kase.kz/ru/investors/bonds/SEGRpp3,True,PENDING,UNAVAILABLE,NO_HISTORY,NO_PUBLIC_HISTORY,0,,,0,0.0,True,
SEPGpp1,,Семей Энерго,Семей Энерго,bond,corporate,KZT,https://kase.kz/api/instruments/securities/?sec_type=bond,https://kase.kz/ru/investors/bonds/SEPGpp1,True,PENDING,UNAVAILABLE,NO_HISTORY,NO_PUBLIC_HISTORY,0,,,0,0.0,True,
SFKFb1,,"СФК ""СМК ФФ-1""","СФК ""СМК ФФ-1""",bond,corporate,KZT,https://kase.kz/api/instruments/securities/?sec_type=bond,https://kase.kz/ru/investors/bonds/SFKFb1,True,PENDING,PARTIAL,DATA_READY,,4,2025-10-14T19:00:00,2026-05-19T19:00:00,4,1.61,True,
SKCNb1,,Samruk-Kazyna Construction,Samruk-Kazyna Construction,bond,corporate,KZT,https://kase.kz/api/instruments/securities/?sec_type=bond,https://kase.kz/ru/investors/bonds/SKCNb1,False,UNAVAILABLE,UNAVAILABLE,NO_CHART,INSTRUMENT_DELISTED,0,,,0,0.0,True,
SKENb1,,СевКазЭнерго,СевКазЭнерго,bond,corporate,KZT,https://kase.kz/api/instruments/securities/?sec_type=bond,https://kase.kz/ru/investors/bonds/SKENb1,False,UNAVAILABLE,UNAVAILABLE,NO_CHART,INSTRUMENT_DELISTED,0,,,0,0.0,True,
SKENb2,,СевКазЭнерго,СевКазЭнерго,bond,corporate,KZT,https://kase.kz/api/instruments/securities/?sec_type=bond,https://kase.kz/ru/investors/bonds/SKENb2,False,UNAVAILABLE,UNAVAILABLE,NO_CHART,INSTRUMENT_DELISTED,0,,,0,0.0,True,
SKENb3,,СевКазЭнерго,СевКазЭнерго,bond,corporate,KZT,https://kase.kz/api/instruments/securities/?sec_type=bond,https://kase.kz/ru/investors/bonds/SKENb3,True,PENDING,PARTIAL,DATA_READY,,1,2026-02-03T19:00:00,2026-02-03T19:00:00,1,0.4,True,
SKKZb1,,"Фонд национального благосостояния ""Самрук-Қазына","Фонд национального благосостояния ""Самрук-Қазына",bond,corporate,KZT,https://kase.kz/api/instruments/securities/?sec_type=bond,https://kase.kz/ru/investors/bonds/SKKZb1,False,UNAVAILABLE,UNAVAILABLE,NO_CHART,INSTRUMENT_DELISTED,0,,,0,0.0,True,
SKKZb10,,"Фонд национального благосостояния ""Самрук-Қазына","Фонд национального благосостояния ""Самрук-Қазына",bond,corporate,KZT,https://kase.kz/api/instruments/securities/?sec_type=bond,https://kase.kz/ru/investors/bonds/SKKZb10,False,UNAVAILABLE,UNAVAILABLE,NO_CHART,INSTRUMENT_DELISTED,0,,,0,0.0,True,
SKKZb11,,"Фонд национального благосостояния ""Самрук-Қазына","Фонд национального благосостояния ""Самрук-Қазына",bond,corporate,KZT,https://kase.kz/api/instruments/securities/?sec_type=bond,https://kase.kz/ru/investors/bonds/SKKZb11,True,PENDING,PARTIAL,DATA_READY,,54,2025-09-01T19:00:00,2026-08-27T19:00:00,54,21.77,True,
SKKZb12,,"Фонд национального благосостояния ""Самрук-Қазына","Фонд национального благосостояния ""Самрук-Қазына",bond,corporate,KZT,https://kase.kz/api/instruments/securities/?sec_type=bond,https://kase.kz/ru/investors/bonds/SKKZb12,False,UNAVAILABLE,UNAVAILABLE,NO_CHART,INSTRUMENT_DELISTED,0,,,0,0.0,True,
SKKZb13,,"Фонд национального благосостояния ""Самрук-Қазына","Фонд национального благосостояния ""Самрук-Қазына",bond,corporate,KZT,https://kase.kz/api/instruments/securities/?sec_type=bond,https://kase.kz/ru/investors/bonds/SKKZb13,False,UNAVAILABLE,UNAVAILABLE,NO_CHART,INSTRUMENT_DELISTED,0,,,0,0.0,True,
SKKZb14,,"Фонд национального благосостояния ""Самрук-Қазына","Фонд национального благосостояния ""Самрук-Қазына",bond,corporate,KZT,https://kase.kz/api/instruments/securities/?sec_type=bond,https://kase.kz/ru/investors/bonds/SKKZb14,False,UNAVAILABLE,UNAVAILABLE,NO_CHART,INSTRUMENT_DELISTED,0,,,0,0.0,True,
SKKZb15,,"Фонд национального благосостояния ""Самрук-Қазына","Фонд национального благосостояния ""Самрук-Қазына",bond,corporate,KZT,https://kase.kz/api/instruments/securities/?sec_type=bond,https://kase.kz/ru/investors/bonds/SKKZb15,False,UNAVAILABLE,UNAVAILABLE,NO_CHART,INSTRUMENT_DELISTED,0,,,0,0.0,True,
SKKZb16,,"Фонд национального благосостояния ""Самрук-Қазына","Фонд национального благосостояния ""Самрук-Қазына",bond,corporate,KZT,https://kase.kz/api/instruments/securities/?sec_type=bond,https://kase.kz/ru/investors/bonds/SKKZb16,False,UNAVAILABLE,UNAVAILABLE,NO_CHART,INSTRUMENT_DELISTED,0,,,0,0.0,True,
SKKZb17,,"Фонд национального благосостояния ""Самрук-Қазына","Фонд национального благосостояния ""Самрук-Қазына",bond,corporate,KZT,https://kase.kz/api/instruments/securities/?sec_type=bond,https://kase.kz/ru/investors/bonds/SKKZb17,False,UNAVAILABLE,UNAVAILABLE,NO_CHART,INSTRUMENT_DELISTED,0,,,0,0.0,True,
SKKZb18,,"Фонд национального благосостояния ""Самрук-Қазына","Фонд национального благосостояния ""Самрук-Қазына",bond,corporate,KZT,https://kase.kz/api/instruments/securities/?sec_type=bond,https://kase.kz/ru/investors/bonds/SKKZb18,False,UNAVAILABLE,UNAVAILABLE,NO_CHART,INSTRUMENT_DELISTED,0,,,0,0.0,True,
SKKZb19,,"Фонд национального благосостояния ""Самрук-Қазына","Фонд национального благосостояния ""Самрук-Қазына",bond,corporate,KZT,https://kase.kz/api/instruments/securities/?sec_type=bond,https://kase.kz/ru/investors/bonds/SKKZb19,False,UNAVAILABLE,UNAVAILABLE,NO_CHART,INSTRUMENT_DELISTED,0,,,0,0.0,True,
SKKZb2,,"Фонд национального благосостояния ""Самрук-Қазына","Фонд национального благосостояния ""Самрук-Қазына",bond,corporate,KZT,https://kase.kz/api/instruments/securities/?sec_type=bond,https://kase.kz/ru/investors/bonds/SKKZb2,False,UNAVAILABLE,UNAVAILABLE,NO_CHART,INSTRUMENT_DELISTED,0,,,0,0.0,True,
SKKZb20,,"Фонд национального благосостояния ""Самрук-Қазына","Фонд национального благосостояния ""Самрук-Қазына",bond,corporate,KZT,https://kase.kz/api/instruments/securities/?sec_type=bond,https://kase.kz/ru/investors/bonds/SKKZb20,False,UNAVAILABLE,UNAVAILABLE,NO_CHART,INSTRUMENT_DELISTED,0,,,0,0.0,True,
SKKZb21,,"Фонд национального благосостояния ""Самрук-Қазына","Фонд национального благосостояния ""Самрук-Қазына",bond,corporate,KZT,https://kase.kz/api/instruments/securities/?sec_type=bond,https://kase.kz/ru/investors/bonds/SKKZb21,True,PENDING,UNAVAILABLE,NO_HISTORY,NO_PUBLIC_HISTORY,0,,,0,0.0,True,
SKKZb22,,"Фонд национального благосостояния ""Самрук-Қазына","Фонд национального благосостояния ""Самрук-Қазына",bond,corporate,KZT,https://kase.kz/api/instruments/securities/?sec_type=bond,https://kase.kz/ru/investors/bonds/SKKZb22,False,UNAVAILABLE,UNAVAILABLE,NO_CHART,INSTRUMENT_DELISTED,0,,,0,0.0,True,
SKKZb23,,"Фонд национального благосостояния ""Самрук-Қазына","Фонд национального благосостояния ""Самрук-Қазына",bond,corporate,KZT,https://kase.kz/api/instruments/securities/?sec_type=bond,https://kase.kz/ru/investors/bonds/SKKZb23,False,UNAVAILABLE,UNAVAILABLE,NO_CHART,INSTRUMENT_DELISTED,0,,,0,0.0,True,
SKKZb24,,"Фонд национального благосостояния ""Самрук-Қазына","Фонд национального благосостояния ""Самрук-Қазына",bond,corporate,KZT,https://kase.kz/api/instruments/securities/?sec_type=bond,https://kase.kz/ru/investors/bonds/SKKZb24,True,PENDING,UNAVAILABLE,NO_HISTORY,NO_PUBLIC_HISTORY,0,,,0,0.0,True,
SKKZb25,,"Фонд национального благосостояния ""Самрук-Қазына","Фонд национального благосостояния ""Самрук-Қазына",bond,corporate,KZT,https://kase.kz/api/instruments/securities/?sec_type=bond,https://kase.kz/ru/investors/bonds/SKKZb25,False,UNAVAILABLE,UNAVAILABLE,NO_CHART,INSTRUMENT_DELISTED,0,,,0,0.0,True,
SKKZb26,,"Фонд национального благосостояния ""Самрук-Қазына","Фонд национального благосостояния ""Самрук-Қазына",bond,corporate,KZT,https://kase.kz/api/instruments/securities/?sec_type=bond,https://kase.kz/ru/investors/bonds/SKKZb26,True,PENDING,UNAVAILABLE,NO_HISTORY,NO_PUBLIC_HISTORY,0,,,0,0.0,True,
SKKZb27,,"Фонд национального благосостояния ""Самрук-Қазына","Фонд национального благосостояния ""Самрук-Қазына",bond,corporate,KZT,https://kase.kz/api/instruments/securities/?sec_type=bond,https://kase.kz/ru/investors/bonds/SKKZb27,True,PENDING,UNAVAILABLE,NO_HISTORY,NO_PUBLIC_HISTORY,0,,,0,0.0,True,
SKKZb28,,"Фонд национального благосостояния ""Самрук-Қазына","Фонд национального благосостояния ""Самрук-Қазына",bond,corporate,KZT,https://kase.kz/api/instruments/securities/?sec_type=bond,https://kase.kz/ru/investors/bonds/SKKZb28,True,PENDING,UNAVAILABLE,NO_HISTORY,NO_PUBLIC_HISTORY,0,,,0,0.0,True,
SKKZb29,,"Фонд национального благосостояния ""Самрук-Қазына","Фонд национального благосостояния ""Самрук-Қазына",bond,corporate,KZT,https://kase.kz/api/instruments/securities/?sec_type=bond,https://kase.kz/ru/investors/bonds/SKKZb29,True,PENDING,UNAVAILABLE,NO_HISTORY,NO_PUBLIC_HISTORY,0,,,0,0.0,True,
SKKZb3,,"Фонд национального благосостояния ""Самрук-Қазына","Фонд национального благосостояния ""Самрук-Қазына",bond,corporate,KZT,https://kase.kz/api/instruments/securities/?sec_type=bond,https://kase.kz/ru/investors/bonds/SKKZb3,False,UNAVAILABLE,UNAVAILABLE,NO_CHART,INSTRUMENT_DELISTED,0,,,0,0.0,True,
SKKZb30,,"Фонд национального благосостояния ""Самрук-Қазына","Фонд национального благосостояния ""Самрук-Қазына",bond,corporate,KZT,https://kase.kz/api/instruments/securities/?sec_type=bond,https://kase.kz/ru/investors/bonds/SKKZb30,True,PENDING,UNAVAILABLE,NO_HISTORY,NO_PUBLIC_HISTORY,0,,,0,0.0,True,
SKKZb31,,"Фонд национального благосостояния ""Самрук-Қазына","Фонд национального благосостояния ""Самрук-Қазына",bond,corporate,KZT,https://kase.kz/api/instruments/securities/?sec_type=bond,https://kase.kz/ru/investors/bonds/SKKZb31,True,PENDING,UNAVAILABLE,NO_HISTORY,NO_PUBLIC_HISTORY,0,,,0,0.0,True,
SKKZb32,,"Фонд национального благосостояния ""Самрук-Қазына","Фонд национального благосостояния ""Самрук-Қазына",bond,corporate,KZT,https://kase.kz/api/instruments/securities/?sec_type=bond,https://kase.kz/ru/investors/bonds/SKKZb32,True,PENDING,PARTIAL,DATA_READY,,1,2026-07-30T19:00:00,2026-07-30T19:00:00,1,0.4,True,
SKKZb33,,"Фонд национального благосостояния ""Самрук-Қазына","Фонд национального благосостояния ""Самрук-Қазына",bond,corporate,KZT,https://kase.kz/api/instruments/securities/?sec_type=bond,https://kase.kz/ru/investors/bonds/SKKZb33,True,PENDING,PARTIAL,DATA_READY,,2,2026-07-26T19:00:00,2026-08-18T19:00:00,2,0.81,True,
SKKZb34,,"Фонд национального благосостояния ""Самрук-Қазына","Фонд национального благосостояния ""Самрук-Қазына",bond,corporate,KZT,https://kase.kz/api/instruments/securities/?sec_type=bond,https://kase.kz/ru/investors/bonds/SKKZb34,True,PENDING,PARTIAL,DATA_READY,,1,2026-08-13T19:00:00,2026-08-13T19:00:00,1,0.4,True,
SKKZb35,,"Фонд национального благосостояния ""Самрук-Қазына","Фонд национального благосостояния ""Самрук-Қазына",bond,corporate,KZT,https://kase.kz/api/instruments/securities/?sec_type=bond,https://kase.kz/ru/investors/bonds/SKKZb35,True,PENDING,PARTIAL,DATA_READY,,1,2026-08-13T19:00:00,2026-08-13T19:00:00,1,0.4,True,
SKKZb36,,"Фонд национального благосостояния ""Самрук-Қазына","Фонд национального благосостояния ""Самрук-Қазына",bond,corporate,KZT,https://kase.kz/api/instruments/securities/?sec_type=bond,https://kase.kz/ru/investors/bonds/SKKZb36,True,PENDING,UNAVAILABLE,NO_HISTORY,NO_PUBLIC_HISTORY,0,,,0,0.0,True,
SKKZb4,,"Фонд национального благосостояния ""Самрук-Қазына","Фонд национального благосостояния ""Самрук-Қазына",bond,corporate,KZT,https://kase.kz/api/instruments/securities/?sec_type=bond,https://kase.kz/ru/investors/bonds/SKKZb4,False,UNAVAILABLE,UNAVAILABLE,NO_CHART,INSTRUMENT_DELISTED,0,,,0,0.0,True,
SKKZb5,,"Фонд национального благосостояния ""Самрук-Қазына","Фонд национального благосостояния ""Самрук-Қазына",bond,corporate,KZT,https://kase.kz/api/instruments/securities/?sec_type=bond,https://kase.kz/ru/investors/bonds/SKKZb5,False,UNAVAILABLE,UNAVAILABLE,NO_CHART,INSTRUMENT_DELISTED,0,,,0,0.0,True,
SKKZb6,,"Фонд национального благосостояния ""Самрук-Қазына","Фонд национального благосостояния ""Самрук-Қазына",bond,corporate,KZT,https://kase.kz/api/instruments/securities/?sec_type=bond,https://kase.kz/ru/investors/bonds/SKKZb6,False,UNAVAILABLE,UNAVAILABLE,NO_CHART,INSTRUMENT_DELISTED,0,,,0,0.0,True,
SKKZb7,,"Фонд национального благосостояния ""Самрук-Қазына","Фонд национального благосостояния ""Самрук-Қазына",bond,corporate,KZT,https://kase.kz/api/instruments/securities/?sec_type=bond,https://kase.kz/ru/investors/bonds/SKKZb7,False,UNAVAILABLE,UNAVAILABLE,NO_CHART,INSTRUMENT_DELISTED,0,,,0,0.0,True,
SKKZb8,,"Фонд национального благосостояния ""Самрук-Қазына","Фонд национального благосостояния ""Самрук-Қазына",bond,corporate,KZT,https://kase.kz/api/instruments/securities/?sec_type=bond,https://kase.kz/ru/investors/bonds/SKKZb8,False,UNAVAILABLE,UNAVAILABLE,NO_CHART,INSTRUMENT_DELISTED,0,,,0,0.0,True,
SKKZb9,,"Фонд национального благосостояния ""Самрук-Қазына","Фонд национального благосостояния ""Самрук-Қазына",bond,corporate,KZT,https://kase.kz/api/instruments/securities/?sec_type=bond,https://kase.kz/ru/investors/bonds/SKKZb9,False,UNAVAILABLE,UNAVAILABLE,NO_CHART,INSTRUMENT_DELISTED,0,,,0,0.0,True,
SKKZe1,,"Фонд национального благосостояния ""Самрук-Қазына","Фонд национального благосостояния ""Самрук-Қазына",bond,corporate,USD,https://kase.kz/api/instruments/securities/?sec_type=bond,https://kase.kz/ru/investors/bonds/SKKZe1,True,PENDING,PARTIAL,DATA_READY,,10,2025-08-27T19:00:00,2026-08-24T19:00:00,10,4.03,True,
SMAYb1,,SMAYb1,SMAYb1,bond,corporate,KZT,https://kase.kz/api/instruments/securities/?sec_type=bond,https://kase.kz/ru/investors/bonds/SMAYb1,False,UNAVAILABLE,UNAVAILABLE,NO_CHART,INSTRUMENT_DELISTED,0,,,0,0.0,True,
SMKFb1,,"Специальная финансовая компания ""СМК ФФ-2""","Специальная финансовая компания ""СМК ФФ-2""",bond,corporate,KZT,https://kase.kz/api/instruments/securities/?sec_type=bond,https://kase.kz/ru/investors/bonds/SMKFb1,True,PENDING,PARTIAL,DATA_READY,,4,2026-04-07T19:00:00,2026-08-03T19:00:00,4,1.61,True,
SMTLb1,,Smart Leasing,Smart Leasing,bond,corporate,KZT,https://kase.kz/api/instruments/securities/?sec_type=bond,https://kase.kz/ru/investors/bonds/SMTLb1,True,PENDING,PARTIAL,DATA_READY,,204,2025-10-23T19:00:00,2026-08-27T19:00:00,204,82.26,True,
SNBNb1,,Qazaq Banki,Qazaq Banki,bond,corporate,KZT,https://kase.kz/api/instruments/securities/?sec_type=bond,https://kase.kz/ru/investors/bonds/SNBNb1,False,UNAVAILABLE,UNAVAILABLE,NO_CHART,INSTRUMENT_DELISTED,0,,,0,0.0,True,
SNBNb2,,Qazaq Banki,Qazaq Banki,bond,corporate,KZT,https://kase.kz/api/instruments/securities/?sec_type=bond,https://kase.kz/ru/investors/bonds/SNBNb2,True,PENDING,UNAVAILABLE,NO_HISTORY,NO_PUBLIC_HISTORY,0,,,0,0.0,True,
SNCQb1,,SilkNetCom,SilkNetCom,bond,corporate,KZT,https://kase.kz/api/instruments/securities/?sec_type=bond,https://kase.kz/ru/investors/bonds/SNCQb1,True,PENDING,UNAVAILABLE,NO_HISTORY,NO_PUBLIC_HISTORY,0,,,0,0.0,True,
SNRGb1,,Самрук-Энерго,Самрук-Энерго,bond,corporate,KZT,https://kase.kz/api/instruments/securities/?sec_type=bond,https://kase.kz/ru/investors/bonds/SNRGb1,False,UNAVAILABLE,UNAVAILABLE,NO_CHART,INSTRUMENT_DELISTED,0,,,0,0.0,True,
SNRGb2,,Самрук-Энерго,Самрук-Энерго,bond,corporate,KZT,https://kase.kz/api/instruments/securities/?sec_type=bond,https://kase.kz/ru/investors/bonds/SNRGb2,False,UNAVAILABLE,UNAVAILABLE,NO_CHART,INSTRUMENT_DELISTED,0,,,0,0.0,True,
SNRGb3,,Самрук-Энерго,Самрук-Энерго,bond,corporate,KZT,https://kase.kz/api/instruments/securities/?sec_type=bond,https://kase.kz/ru/investors/bonds/SNRGb3,False,UNAVAILABLE,UNAVAILABLE,NO_CHART,INSTRUMENT_DELISTED,0,,,0,0.0,True,
SNRGb4,,Самрук-Энерго,Самрук-Энерго,bond,corporate,KZT,https://kase.kz/api/instruments/securities/?sec_type=bond,https://kase.kz/ru/investors/bonds/SNRGb4,False,UNAVAILABLE,UNAVAILABLE,NO_CHART,INSTRUMENT_DELISTED,0,,,0,0.0,True,
SNRGe1,,Самрук-Энерго,Самрук-Энерго,bond,corporate,USD,https://kase.kz/api/instruments/securities/?sec_type=bond,https://kase.kz/ru/investors/bonds/SNRGe1,False,UNAVAILABLE,UNAVAILABLE,NO_CHART,INSTRUMENT_DELISTED,0,,,0,0.0,True,
SNSIpp1,,"""SNS INVESTMENTS (СНС ИНВЕСТМЕНТС)""","""SNS INVESTMENTS (СНС ИНВЕСТМЕНТС)""",bond,corporate,KZT,https://kase.kz/api/instruments/securities/?sec_type=bond,https://kase.kz/ru/investors/bonds/SNSIpp1,True,PENDING,UNAVAILABLE,NO_HISTORY,NO_PUBLIC_HISTORY,0,,,0,0.0,True,
STARpp1,,Start Industries,Start Industries,bond,corporate,KZT,https://kase.kz/api/instruments/securities/?sec_type=bond,https://kase.kz/ru/investors/bonds/STARpp1,True,PENDING,UNAVAILABLE,NO_HISTORY,NO_PUBLIC_HISTORY,0,,,0,0.0,True,
STDIb1,,Инвестиционная компания Standard,Инвестиционная компания Standard,bond,corporate,USD,https://kase.kz/api/instruments/securities/?sec_type=bond,https://kase.kz/ru/investors/bonds/STDIb1,True,PENDING,PARTIAL,DATA_READY,,5,2026-02-24T19:00:00,2026-04-28T19:00:00,5,2.02,True,
STSOb1,,STSOb1,STSOb1,bond,corporate,KZT,https://kase.kz/api/instruments/securities/?sec_type=bond,https://kase.kz/ru/investors/bonds/STSOb1,False,UNAVAILABLE,UNAVAILABLE,NO_CHART,INSTRUMENT_DELISTED,0,,,0,0.0,True,
SVMHb1,,SVMHb1,SVMHb1,bond,corporate,KZT,https://kase.kz/api/instruments/securities/?sec_type=bond,https://kase.kz/ru/investors/bonds/SVMHb1,False,UNAVAILABLE,UNAVAILABLE,NO_CHART,INSTRUMENT_DELISTED,0,,,0,0.0,True,
SWETpp1,,Sweet Premium,Sweet Premium,bond,corporate,KZT,https://kase.kz/api/instruments/securities/?sec_type=bond,https://kase.kz/ru/investors/bonds/SWETpp1,True,PENDING,UNAVAILABLE,NO_HISTORY,NO_PUBLIC_HISTORY,0,,,0,0.0,True,
SWPSb1,,Частная школа имени Шокана Уалиханова,Частная школа имени Шокана Уалиханова,bond,corporate,KZT,https://kase.kz/api/instruments/securities/?sec_type=bond,https://kase.kz/ru/investors/bonds/SWPSb1,True,PENDING,PARTIAL,DATA_READY,,235,2025-08-27T19:00:00,2026-08-27T19:00:00,235,94.76,True,
SYRGb1,,SYRGb1,SYRGb1,bond,corporate,USD,https://kase.kz/api/instruments/securities/?sec_type=bond,https://kase.kz/ru/investors/bonds/SYRGb1,False,UNAVAILABLE,UNAVAILABLE,NO_CHART,INSTRUMENT_DELISTED,0,,,0,0.0,True,
TCBBpp1,,Teniz Capital (AIFC) Ltd,Teniz Capital (AIFC) Ltd,bond,corporate,KZT,https://kase.kz/api/instruments/securities/?sec_type=bond,https://kase.kz/ru/investors/bonds/TCBBpp1,True,PENDING,UNAVAILABLE,NO_HISTORY,NO_PUBLIC_HISTORY,0,,,0,0.0,True,
TCIBb1,,Teniz Capital Investment Banking,Teniz Capital Investment Banking,bond,corporate,KZT,https://kase.kz/api/instruments/securities/?sec_type=bond,https://kase.kz/ru/investors/bonds/TCIBb1,True,PENDING,UNAVAILABLE,NO_HISTORY,NO_PUBLIC_HISTORY,0,,,0,0.0,True,
TCIBb2,,Teniz Capital Investment Banking,Teniz Capital Investment Banking,bond,corporate,KZT,https://kase.kz/api/instruments/securities/?sec_type=bond,https://kase.kz/ru/investors/bonds/TCIBb2,True,PENDING,UNAVAILABLE,NO_HISTORY,NO_PUBLIC_HISTORY,0,,,0,0.0,True,
TCIBb3,,Teniz Capital Investment Banking,Teniz Capital Investment Banking,bond,corporate,KZT,https://kase.kz/api/instruments/securities/?sec_type=bond,https://kase.kz/ru/investors/bonds/TCIBb3,True,PENDING,UNAVAILABLE,NO_HISTORY,NO_PUBLIC_HISTORY,0,,,0,0.0,True,
TCOMb1,,Транстелеком,Транстелеком,bond,corporate,KZT,https://kase.kz/api/instruments/securities/?sec_type=bond,https://kase.kz/ru/investors/bonds/TCOMb1,True,PENDING,PARTIAL,DATA_READY,,8,2025-09-01T19:00:00,2026-07-15T19:00:00,8,3.23,True,
TCOMb2,,Транстелеком,Транстелеком,bond,corporate,KZT,https://kase.kz/api/instruments/securities/?sec_type=bond,https://kase.kz/ru/investors/bonds/TCOMb2,True,PENDING,PARTIAL,DATA_READY,,8,2025-09-08T19:00:00,2026-05-31T19:00:00,8,3.23,True,
TCWMop1,,ЧК Teniz Capital Wealth Management Ltd.,ЧК Teniz Capital Wealth Management Ltd.,bond,corporate,USD,https://kase.kz/api/instruments/securities/?sec_type=bond,https://kase.kz/ru/investors/bonds/TCWMop1,True,PENDING,UNAVAILABLE,NO_HISTORY,NO_PUBLIC_HISTORY,0,,,0,0.0,True,
TCWMpp1,,ЧК Teniz Capital Wealth Management Ltd.,ЧК Teniz Capital Wealth Management Ltd.,bond,corporate,USD,https://kase.kz/api/instruments/securities/?sec_type=bond,https://kase.kz/ru/investors/bonds/TCWMpp1,True,PENDING,UNAVAILABLE,NO_HISTORY,NO_PUBLIC_HISTORY,0,,,0,0.0,True,
TEBNb,,Темiрбанк,Темiрбанк,bond,corporate,USD,https://kase.kz/api/instruments/securities/?sec_type=bond,https://kase.kz/ru/investors/bonds/TEBNb,False,UNAVAILABLE,UNAVAILABLE,NO_CHART,INSTRUMENT_DELISTED,0,,,0,0.0,True,
TEBNb10,,ForteBank,ForteBank,bond,corporate,KZT,https://kase.kz/api/instruments/securities/?sec_type=bond,https://kase.kz/ru/investors/bonds/TEBNb10,True,PENDING,UNAVAILABLE,NO_HISTORY,NO_PUBLIC_HISTORY,0,,,0,0.0,True,
TEBNb11,,ForteBank,ForteBank,bond,corporate,KZT,https://kase.kz/api/instruments/securities/?sec_type=bond,https://kase.kz/ru/investors/bonds/TEBNb11,True,PENDING,UNAVAILABLE,NO_HISTORY,NO_PUBLIC_HISTORY,0,,,0,0.0,True,
TEBNb12,,ForteBank,ForteBank,bond,corporate,KZT,https://kase.kz/api/instruments/securities/?sec_type=bond,https://kase.kz/ru/investors/bonds/TEBNb12,False,UNAVAILABLE,UNAVAILABLE,NO_CHART,INSTRUMENT_DELISTED,0,,,0,0.0,True,
TEBNb13,,ForteBank,ForteBank,bond,corporate,KZT,https://kase.kz/api/instruments/securities/?sec_type=bond,https://kase.kz/ru/investors/bonds/TEBNb13,False,UNAVAILABLE,UNAVAILABLE,NO_CHART,INSTRUMENT_DELISTED,0,,,0,0.0,True,
TEBNb14,,ForteBank,ForteBank,bond,corporate,KZT,https://kase.kz/api/instruments/securities/?sec_type=bond,https://kase.kz/ru/investors/bonds/TEBNb14,False,UNAVAILABLE,UNAVAILABLE,NO_CHART,INSTRUMENT_DELISTED,0,,,0,0.0,True,
TEBNb15,,ForteBank,ForteBank,bond,corporate,KZT,https://kase.kz/api/instruments/securities/?sec_type=bond,https://kase.kz/ru/investors/bonds/TEBNb15,False,UNAVAILABLE,UNAVAILABLE,NO_CHART,INSTRUMENT_DELISTED,0,,,0,0.0,True,
TEBNb16,,ForteBank,ForteBank,bond,corporate,KZT,https://kase.kz/api/instruments/securities/?sec_type=bond,https://kase.kz/ru/investors/bonds/TEBNb16,True,PENDING,UNAVAILABLE,NO_HISTORY,NO_PUBLIC_HISTORY,0,,,0,0.0,True,
TEBNb17,,ForteBank,ForteBank,bond,corporate,KZT,https://kase.kz/api/instruments/securities/?sec_type=bond,https://kase.kz/ru/investors/bonds/TEBNb17,True,PENDING,UNAVAILABLE,NO_HISTORY,NO_PUBLIC_HISTORY,0,,,0,0.0,True,
TEBNb18,,ForteBank,ForteBank,bond,corporate,KZT,https://kase.kz/api/instruments/securities/?sec_type=bond,https://kase.kz/ru/investors/bonds/TEBNb18,False,UNAVAILABLE,UNAVAILABLE,NO_CHART,INSTRUMENT_DELISTED,0,,,0,0.0,True,
TEBNb2,,Темiрбанк,Темiрбанк,bond,corporate,USD,https://kase.kz/api/instruments/securities/?sec_type=bond,https://kase.kz/ru/investors/bonds/TEBNb2,False,UNAVAILABLE,UNAVAILABLE,NO_CHART,INSTRUMENT_DELISTED,0,,,0,0.0,True,
TEBNb3,,ForteBank,ForteBank,bond,corporate,KZT,https://kase.kz/api/instruments/securities/?sec_type=bond,https://kase.kz/ru/investors/bonds/TEBNb3,False,UNAVAILABLE,UNAVAILABLE,NO_CHART,INSTRUMENT_DELISTED,0,,,0,0.0,True,
TEBNb4,,ForteBank,ForteBank,bond,corporate,KZT,https://kase.kz/api/instruments/securities/?sec_type=bond,https://kase.kz/ru/investors/bonds/TEBNb4,False,UNAVAILABLE,UNAVAILABLE,NO_CHART,INSTRUMENT_DELISTED,0,,,0,0.0,True,
TEBNb5,,Темiрбанк,Темiрбанк,bond,corporate,KZT,https://kase.kz/api/instruments/securities/?sec_type=bond,https://kase.kz/ru/investors/bonds/TEBNb5,False,UNAVAILABLE,UNAVAILABLE,NO_CHART,INSTRUMENT_DELISTED,0,,,0,0.0,True,
TEBNb6,,ForteBank,ForteBank,bond,corporate,KZT,https://kase.kz/api/instruments/securities/?sec_type=bond,https://kase.kz/ru/investors/bonds/TEBNb6,False,UNAVAILABLE,UNAVAILABLE,NO_CHART,INSTRUMENT_DELISTED,0,,,0,0.0,True,
TEBNb7,,ForteBank,ForteBank,bond,corporate,KZT,https://kase.kz/api/instruments/securities/?sec_type=bond,https://kase.kz/ru/investors/bonds/TEBNb7,False,UNAVAILABLE,UNAVAILABLE,NO_CHART,INSTRUMENT_DELISTED,0,,,0,0.0,True,
TEBNb8,,ForteBank,ForteBank,bond,corporate,KZT,https://kase.kz/api/instruments/securities/?sec_type=bond,https://kase.kz/ru/investors/bonds/TEBNb8,False,UNAVAILABLE,UNAVAILABLE,NO_CHART,INSTRUMENT_DELISTED,0,,,0,0.0,True,
TEBNb9,,Темiрбанк,Темiрбанк,bond,corporate,KZT,https://kase.kz/api/instruments/securities/?sec_type=bond,https://kase.kz/ru/investors/bonds/TEBNb9,False,UNAVAILABLE,UNAVAILABLE,NO_CHART,INSTRUMENT_DELISTED,0,,,0,0.0,True,
TEBNe1,,ForteBank,ForteBank,bond,corporate,KZT,https://kase.kz/api/instruments/securities/?sec_type=bond,https://kase.kz/ru/investors/bonds/TEBNe1,False,UNAVAILABLE,UNAVAILABLE,NO_CHART,INSTRUMENT_DELISTED,0,,,0,0.0,True,
TEMAb1,,TEMAb1,TEMAb1,bond,corporate,KZT,https://kase.kz/api/instruments/securities/?sec_type=bond,https://kase.kz/ru/investors/bonds/TEMAb1,False,UNAVAILABLE,UNAVAILABLE,NO_CHART,INSTRUMENT_DELISTED,0,,,0,0.0,True,
TEMAb2,,TEMAb2,TEMAb2,bond,corporate,KZT,https://kase.kz/api/instruments/securities/?sec_type=bond,https://kase.kz/ru/investors/bonds/TEMAb2,False,UNAVAILABLE,UNAVAILABLE,NO_CHART,INSTRUMENT_DELISTED,0,,,0,0.0,True,
TERRb1,,Терра,Терра,bond,corporate,KZT,https://kase.kz/api/instruments/securities/?sec_type=bond,https://kase.kz/ru/investors/bonds/TERRb1,True,PENDING,PARTIAL,DATA_READY,,9,2025-09-25T19:00:00,2026-08-02T19:00:00,9,3.63,True,
TGSVb1,,ТехноГруппСервис,ТехноГруппСервис,bond,corporate,KZT,https://kase.kz/api/instruments/securities/?sec_type=bond,https://kase.kz/ru/investors/bonds/TGSVb1,True,PENDING,UNAVAILABLE,NO_HISTORY,NO_PUBLIC_HISTORY,0,,,0,0.0,True,
THLZb1,,ТехноЛизинг,ТехноЛизинг,bond,corporate,KZT,https://kase.kz/api/instruments/securities/?sec_type=bond,https://kase.kz/ru/investors/bonds/THLZb1,False,UNAVAILABLE,UNAVAILABLE,NO_CHART,INSTRUMENT_DELISTED,0,,,0,0.0,True,
THLZb2,,ТехноЛизинг,ТехноЛизинг,bond,corporate,KZT,https://kase.kz/api/instruments/securities/?sec_type=bond,https://kase.kz/ru/investors/bonds/THLZb2,False,UNAVAILABLE,UNAVAILABLE,NO_CHART,INSTRUMENT_DELISTED,0,,,0,0.0,True,
THLZb3,,ТехноЛизинг,ТехноЛизинг,bond,corporate,KZT,https://kase.kz/api/instruments/securities/?sec_type=bond,https://kase.kz/ru/investors/bonds/THLZb3,False,UNAVAILABLE,UNAVAILABLE,NO_CHART,INSTRUMENT_DELISTED,0,,,0,0.0,True,
THLZb4,,ТехноЛизинг,ТехноЛизинг,bond,corporate,KZT,https://kase.kz/api/instruments/securities/?sec_type=bond,https://kase.kz/ru/investors/bonds/THLZb4,False,UNAVAILABLE,UNAVAILABLE,NO_CHART,INSTRUMENT_DELISTED,0,,,0,0.0,True,
THLZb5,,ТехноЛизинг,ТехноЛизинг,bond,corporate,KZT,https://kase.kz/api/instruments/securities/?sec_type=bond,https://kase.kz/ru/investors/bonds/THLZb5,True,PENDING,UNAVAILABLE,NO_HISTORY,NO_PUBLIC_HISTORY,0,,,0,0.0,True,
THLZb6,,ТехноЛизинг,ТехноЛизинг,bond,corporate,KZT,https://kase.kz/api/instruments/securities/?sec_type=bond,https://kase.kz/ru/investors/bonds/THLZb6,True,PENDING,UNAVAILABLE,NO_HISTORY,NO_PUBLIC_HISTORY,0,,,0,0.0,True,
TKUDb1,,TKUDb1,TKUDb1,bond,corporate,KZT,https://kase.kz/api/instruments/securities/?sec_type=bond,https://kase.kz/ru/investors/bonds/TKUDb1,False,UNAVAILABLE,UNAVAILABLE,NO_CHART,INSTRUMENT_DELISTED,0,,,0,0.0,True,
TLPRpp1,,Tulpar Tech Solutions,Tulpar Tech Solutions,bond,corporate,KZT,https://kase.kz/api/instruments/securities/?sec_type=bond,https://kase.kz/ru/investors/bonds/TLPRpp1,True,PENDING,UNAVAILABLE,NO_HISTORY,NO_PUBLIC_HISTORY,0,,,0,0.0,True,
TMJLb,,"Национальная компания ""Қазақстан темір жолы""","Национальная компания ""Қазақстан темір жолы""",bond,corporate,USD,https://kase.kz/api/instruments/securities/?sec_type=bond,https://kase.kz/ru/investors/bonds/TMJLb,False,UNAVAILABLE,UNAVAILABLE,NO_CHART,INSTRUMENT_DELISTED,0,,,0,0.0,True,
TMJLb10,,"Национальная компания ""Қазақстан темір жолы""","Национальная компания ""Қазақстан темір жолы""",bond,corporate,KZT,https://kase.kz/api/instruments/securities/?sec_type=bond,https://kase.kz/ru/investors/bonds/TMJLb10,False,UNAVAILABLE,UNAVAILABLE,NO_CHART,INSTRUMENT_DELISTED,0,,,0,0.0,True,
TMJLb2,,"Национальная компания ""Қазақстан темір жолы""","Национальная компания ""Қазақстан темір жолы""",bond,corporate,USD,https://kase.kz/api/instruments/securities/?sec_type=bond,https://kase.kz/ru/investors/bonds/TMJLb2,False,UNAVAILABLE,UNAVAILABLE,NO_CHART,INSTRUMENT_DELISTED,0,,,0,0.0,True,
TMJLb3,,"Национальная компания ""Қазақстан темір жолы""","Национальная компания ""Қазақстан темір жолы""",bond,corporate,KZT,https://kase.kz/api/instruments/securities/?sec_type=bond,https://kase.kz/ru/investors/bonds/TMJLb3,False,UNAVAILABLE,UNAVAILABLE,NO_CHART,INSTRUMENT_DELISTED,0,,,0,0.0,True,
TMJLb4,,"Национальная компания ""Қазақстан темір жолы""","Национальная компания ""Қазақстан темір жолы""",bond,corporate,KZT,https://kase.kz/api/instruments/securities/?sec_type=bond,https://kase.kz/ru/investors/bonds/TMJLb4,True,PENDING,UNAVAILABLE,NO_HISTORY,NO_PUBLIC_HISTORY,0,,,0,0.0,True,
TMJLb5,,"Национальная компания ""Қазақстан темір жолы""","Национальная компания ""Қазақстан темір жолы""",bond,corporate,KZT,https://kase.kz/api/instruments/securities/?sec_type=bond,https://kase.kz/ru/investors/bonds/TMJLb5,False,UNAVAILABLE,UNAVAILABLE,NO_CHART,INSTRUMENT_DELISTED,0,,,0,0.0,True,
TMJLb6,,"Национальная компания ""Қазақстан темір жолы""","Национальная компания ""Қазақстан темір жолы""",bond,corporate,KZT,https://kase.kz/api/instruments/securities/?sec_type=bond,https://kase.kz/ru/investors/bonds/TMJLb6,True,PENDING,UNAVAILABLE,NO_HISTORY,NO_PUBLIC_HISTORY,0,,,0,0.0,True,
TMJLb7,,"Национальная компания ""Қазақстан темір жолы""","Национальная компания ""Қазақстан темір жолы""",bond,corporate,KZT,https://kase.kz/api/instruments/securities/?sec_type=bond,https://kase.kz/ru/investors/bonds/TMJLb7,True,PENDING,UNAVAILABLE,NO_HISTORY,NO_PUBLIC_HISTORY,0,,,0,0.0,True,
TMJLb8,,"Национальная компания ""Қазақстан темір жолы""","Национальная компания ""Қазақстан темір жолы""",bond,corporate,KZT,https://kase.kz/api/instruments/securities/?sec_type=bond,https://kase.kz/ru/investors/bonds/TMJLb8,True,PENDING,UNAVAILABLE,NO_HISTORY,NO_PUBLIC_HISTORY,0,,,0,0.0,True,
TMJLb9,,"Национальная компания ""Қазақстан темір жолы""","Национальная компания ""Қазақстан темір жолы""",bond,corporate,KZT,https://kase.kz/api/instruments/securities/?sec_type=bond,https://kase.kz/ru/investors/bonds/TMJLb9,True,PENDING,PARTIAL,DATA_READY,,15,2025-12-08T19:00:00,2026-08-23T19:00:00,15,6.05,True,
TMJLe1,,"Национальная компания ""Қазақстан темір жолы""","Национальная компания ""Қазақстан темір жолы""",bond,corporate,USD,https://kase.kz/api/instruments/securities/?sec_type=bond,https://kase.kz/ru/investors/bonds/TMJLe1,True,PENDING,UNAVAILABLE,NO_HISTORY,NO_PUBLIC_HISTORY,0,,,0,0.0,True,
TMJLe1_US,,"Национальная компания ""Қазақстан темір жолы""","Национальная компания ""Қазақстан темір жолы""",bond,corporate,USD,https://kase.kz/api/instruments/securities/?sec_type=bond,https://kase.kz/ru/investors/bonds/TMJLe1_US,True,PENDING,UNAVAILABLE,NO_HISTORY,NO_PUBLIC_HISTORY,0,,,0,0.0,True,
TMJLe1_USD,,"Национальная компания ""Қазақстан темір жолы""","Национальная компания ""Қазақстан темір жолы""",bond,corporate,USD,https://kase.kz/api/instruments/securities/?sec_type=bond,https://kase.kz/ru/investors/bonds/TMJLe1_USD,True,PENDING,UNAVAILABLE,NO_HISTORY,NO_PUBLIC_HISTORY,0,,,0,0.0,True,
TMJLe2,,"Национальная компания ""Қазақстан темір жолы""","Национальная компания ""Қазақстан темір жолы""",bond,corporate,CHF,https://kase.kz/api/instruments/securities/?sec_type=bond,https://kase.kz/ru/investors/bonds/TMJLe2,False,UNAVAILABLE,UNAVAILABLE,NO_CHART,INSTRUMENT_DELISTED,0,,,0,0.0,True,
TMJLe3,,"Национальная компания ""Қазақстан темір жолы""","Национальная компания ""Қазақстан темір жолы""",bond,corporate,CHF,https://kase.kz/api/instruments/securities/?sec_type=bond,https://kase.kz/ru/investors/bonds/TMJLe3,False,UNAVAILABLE,UNAVAILABLE,NO_CHART,INSTRUMENT_DELISTED,0,,,0,0.0,True,
TMJLe4,,"Национальная компания ""Қазақстан темір жолы""","Национальная компания ""Қазақстан темір жолы""",bond,corporate,USD,https://kase.kz/api/instruments/securities/?sec_type=bond,https://kase.kz/ru/investors/bonds/TMJLe4,False,UNAVAILABLE,UNAVAILABLE,NO_CHART,INSTRUMENT_DELISTED,0,,,0,0.0,True,
TMJLe5,,КТЖ Финанс,КТЖ Финанс,bond,corporate,RUB,https://kase.kz/api/instruments/securities/?sec_type=bond,https://kase.kz/ru/investors/bonds/TMJLe5,False,UNAVAILABLE,UNAVAILABLE,NO_CHART,INSTRUMENT_DELISTED,0,,,0,0.0,True,
TMJLe6,,"Национальная компания ""Қазақстан темір жолы""","Национальная компания ""Қазақстан темір жолы""",bond,corporate,USD,https://kase.kz/api/instruments/securities/?sec_type=bond,https://kase.kz/ru/investors/bonds/TMJLe6,True,PENDING,UNAVAILABLE,NO_HISTORY,NO_PUBLIC_HISTORY,0,,,0,0.0,True,
TMJLe6_USD,,"Национальная компания ""Қазақстан темір жолы""","Национальная компания ""Қазақстан темір жолы""",bond,corporate,USD,https://kase.kz/api/instruments/securities/?sec_type=bond,https://kase.kz/ru/investors/bonds/TMJLe6_USD,True,PENDING,UNAVAILABLE,NO_HISTORY,NO_PUBLIC_HISTORY,0,,,0,0.0,True,
TMJLe7,,"Национальная компания ""Қазақстан темір жолы""","Национальная компания ""Қазақстан темір жолы""",bond,corporate,USD,https://kase.kz/api/instruments/securities/?sec_type=bond,https://kase.kz/ru/investors/bonds/TMJLe7,True,PENDING,UNAVAILABLE,NO_HISTORY,NO_PUBLIC_HISTORY,0,,,0,0.0,True,
TMJLe8,,"Национальная компания ""Қазақстан темір жолы""","Национальная компания ""Қазақстан темір жолы""",bond,corporate,USD,https://kase.kz/api/instruments/securities/?sec_type=bond,https://kase.kz/ru/investors/bonds/TMJLe8,True,PENDING,UNAVAILABLE,NO_HISTORY,NO_PUBLIC_HISTORY,0,,,0,0.0,True,
TMJLpp1,,"Национальная компания ""Қазақстан темір жолы""","Национальная компания ""Қазақстан темір жолы""",bond,corporate,KZT,https://kase.kz/api/instruments/securities/?sec_type=bond,https://kase.kz/ru/investors/bonds/TMJLpp1,True,PENDING,UNAVAILABLE,NO_HISTORY,NO_PUBLIC_HISTORY,0,,,0,0.0,True,
TMJLpp2,,"Национальная компания ""Қазақстан темір жолы""","Национальная компания ""Қазақстан темір жолы""",bond,corporate,KZT,https://kase.kz/api/instruments/securities/?sec_type=bond,https://kase.kz/ru/investors/bonds/TMJLpp2,True,PENDING,UNAVAILABLE,NO_HISTORY,NO_PUBLIC_HISTORY,0,,,0,0.0,True,
TMJLpp3,,"Национальная компания ""Қазақстан темір жолы""","Национальная компания ""Қазақстан темір жолы""",bond,corporate,KZT,https://kase.kz/api/instruments/securities/?sec_type=bond,https://kase.kz/ru/investors/bonds/TMJLpp3,True,PENDING,UNAVAILABLE,NO_HISTORY,NO_PUBLIC_HISTORY,0,,,0,0.0,True,
TMJLpp4,,"Национальная компания ""Қазақстан темір жолы""","Национальная компания ""Қазақстан темір жолы""",bond,corporate,KZT,https://kase.kz/api/instruments/securities/?sec_type=bond,https://kase.kz/ru/investors/bonds/TMJLpp4,True,PENDING,UNAVAILABLE,NO_HISTORY,NO_PUBLIC_HISTORY,0,,,0,0.0,True,
TMJLpp5,,"Национальная компания ""Қазақстан темір жолы""","Национальная компания ""Қазақстан темір жолы""",bond,corporate,KZT,https://kase.kz/api/instruments/securities/?sec_type=bond,https://kase.kz/ru/investors/bonds/TMJLpp5,True,PENDING,UNAVAILABLE,NO_HISTORY,NO_PUBLIC_HISTORY,0,,,0,0.0,True,
TMLZb1,,ForteLeasing,ForteLeasing,bond,corporate,KZT,https://kase.kz/api/instruments/securities/?sec_type=bond,https://kase.kz/ru/investors/bonds/TMLZb1,False,UNAVAILABLE,UNAVAILABLE,NO_CHART,INSTRUMENT_DELISTED,0,,,0,0.0,True,
TSASb1,,TSASb1,TSASb1,bond,corporate,KZT,https://kase.kz/api/instruments/securities/?sec_type=bond,https://kase.kz/ru/investors/bonds/TSASb1,False,UNAVAILABLE,UNAVAILABLE,NO_CHART,INSTRUMENT_DELISTED,0,,,0,0.0,True,
TSBNb1,,Alatau City Bank,Alatau City Bank,bond,corporate,KZT,https://kase.kz/api/instruments/securities/?sec_type=bond,https://kase.kz/ru/investors/bonds/TSBNb1,False,UNAVAILABLE,UNAVAILABLE,NO_CHART,INSTRUMENT_DELISTED,0,,,0,0.0,True,
TSBNb10,,Alatau City Bank,Alatau City Bank,bond,corporate,KZT,https://kase.kz/api/instruments/securities/?sec_type=bond,https://kase.kz/ru/investors/bonds/TSBNb10,False,UNAVAILABLE,UNAVAILABLE,NO_CHART,INSTRUMENT_DELISTED,0,,,0,0.0,True,
TSBNb11,,Alatau City Bank,Alatau City Bank,bond,corporate,KZT,https://kase.kz/api/instruments/securities/?sec_type=bond,https://kase.kz/ru/investors/bonds/TSBNb11,False,UNAVAILABLE,UNAVAILABLE,NO_CHART,INSTRUMENT_DELISTED,0,,,0,0.0,True,
TSBNb12,,Alatau City Bank,Alatau City Bank,bond,corporate,KZT,https://kase.kz/api/instruments/securities/?sec_type=bond,https://kase.kz/ru/investors/bonds/TSBNb12,False,UNAVAILABLE,UNAVAILABLE,NO_CHART,INSTRUMENT_DELISTED,0,,,0,0.0,True,
TSBNb13,,Alatau City Bank,Alatau City Bank,bond,corporate,KZT,https://kase.kz/api/instruments/securities/?sec_type=bond,https://kase.kz/ru/investors/bonds/TSBNb13,False,UNAVAILABLE,UNAVAILABLE,NO_CHART,INSTRUMENT_DELISTED,0,,,0,0.0,True,
TSBNb14,,Alatau City Bank,Alatau City Bank,bond,corporate,KZT,https://kase.kz/api/instruments/securities/?sec_type=bond,https://kase.kz/ru/investors/bonds/TSBNb14,False,UNAVAILABLE,UNAVAILABLE,NO_CHART,INSTRUMENT_DELISTED,0,,,0,0.0,True,
TSBNb15,,Alatau City Bank,Alatau City Bank,bond,corporate,KZT,https://kase.kz/api/instruments/securities/?sec_type=bond,https://kase.kz/ru/investors/bonds/TSBNb15,False,UNAVAILABLE,UNAVAILABLE,NO_CHART,INSTRUMENT_DELISTED,0,,,0,0.0,True,
TSBNb16,,Alatau City Bank,Alatau City Bank,bond,corporate,KZT,https://kase.kz/api/instruments/securities/?sec_type=bond,https://kase.kz/ru/investors/bonds/TSBNb16,True,PENDING,UNAVAILABLE,NO_HISTORY,NO_PUBLIC_HISTORY,0,,,0,0.0,True,
TSBNb17,,Alatau City Bank,Alatau City Bank,bond,corporate,KZT,https://kase.kz/api/instruments/securities/?sec_type=bond,https://kase.kz/ru/investors/bonds/TSBNb17,False,UNAVAILABLE,UNAVAILABLE,NO_CHART,INSTRUMENT_DELISTED,0,,,0,0.0,True,
TSBNb18,,Alatau City Bank,Alatau City Bank,bond,corporate,KZT,https://kase.kz/api/instruments/securities/?sec_type=bond,https://kase.kz/ru/investors/bonds/TSBNb18,False,UNAVAILABLE,UNAVAILABLE,NO_CHART,INSTRUMENT_DELISTED,0,,,0,0.0,True,
TSBNb19,,Alatau City Bank,Alatau City Bank,bond,corporate,KZT,https://kase.kz/api/instruments/securities/?sec_type=bond,https://kase.kz/ru/investors/bonds/TSBNb19,False,UNAVAILABLE,UNAVAILABLE,NO_CHART,INSTRUMENT_DELISTED,0,,,0,0.0,True,
TSBNb2,,Alatau City Bank,Alatau City Bank,bond,corporate,KZT,https://kase.kz/api/instruments/securities/?sec_type=bond,https://kase.kz/ru/investors/bonds/TSBNb2,False,UNAVAILABLE,UNAVAILABLE,NO_CHART,INSTRUMENT_DELISTED,0,,,0,0.0,True,
TSBNb20,,Alatau City Bank,Alatau City Bank,bond,corporate,KZT,https://kase.kz/api/instruments/securities/?sec_type=bond,https://kase.kz/ru/investors/bonds/TSBNb20,False,UNAVAILABLE,UNAVAILABLE,NO_CHART,INSTRUMENT_DELISTED,0,,,0,0.0,True,
TSBNb21,,Alatau City Bank,Alatau City Bank,bond,corporate,KZT,https://kase.kz/api/instruments/securities/?sec_type=bond,https://kase.kz/ru/investors/bonds/TSBNb21,False,UNAVAILABLE,UNAVAILABLE,NO_CHART,INSTRUMENT_DELISTED,0,,,0,0.0,True,
TSBNb22,,Alatau City Bank,Alatau City Bank,bond,corporate,KZT,https://kase.kz/api/instruments/securities/?sec_type=bond,https://kase.kz/ru/investors/bonds/TSBNb22,False,UNAVAILABLE,UNAVAILABLE,NO_CHART,INSTRUMENT_DELISTED,0,,,0,0.0,True,
TSBNb23,,Alatau City Bank,Alatau City Bank,bond,corporate,KZT,https://kase.kz/api/instruments/securities/?sec_type=bond,https://kase.kz/ru/investors/bonds/TSBNb23,False,UNAVAILABLE,UNAVAILABLE,NO_CHART,INSTRUMENT_DELISTED,0,,,0,0.0,True,
TSBNb24,,Alatau City Bank,Alatau City Bank,bond,corporate,KZT,https://kase.kz/api/instruments/securities/?sec_type=bond,https://kase.kz/ru/investors/bonds/TSBNb24,False,UNAVAILABLE,UNAVAILABLE,NO_CHART,INSTRUMENT_DELISTED,0,,,0,0.0,True,
TSBNb25,,Alatau City Bank,Alatau City Bank,bond,corporate,KZT,https://kase.kz/api/instruments/securities/?sec_type=bond,https://kase.kz/ru/investors/bonds/TSBNb25,False,UNAVAILABLE,UNAVAILABLE,NO_CHART,INSTRUMENT_DELISTED,0,,,0,0.0,True,
TSBNb26,,Alatau City Bank,Alatau City Bank,bond,corporate,KZT,https://kase.kz/api/instruments/securities/?sec_type=bond,https://kase.kz/ru/investors/bonds/TSBNb26,False,UNAVAILABLE,UNAVAILABLE,NO_CHART,INSTRUMENT_DELISTED,0,,,0,0.0,True,
TSBNb27,,Alatau City Bank,Alatau City Bank,bond,corporate,KZT,https://kase.kz/api/instruments/securities/?sec_type=bond,https://kase.kz/ru/investors/bonds/TSBNb27,True,PENDING,UNAVAILABLE,NO_HISTORY,NO_PUBLIC_HISTORY,0,,,0,0.0,True,
TSBNb28,,Alatau City Bank,Alatau City Bank,bond,corporate,KZT,https://kase.kz/api/instruments/securities/?sec_type=bond,https://kase.kz/ru/investors/bonds/TSBNb28,True,PENDING,UNAVAILABLE,NO_HISTORY,NO_PUBLIC_HISTORY,0,,,0,0.0,True,
TSBNb29,,Alatau City Bank,Alatau City Bank,bond,corporate,KZT,https://kase.kz/api/instruments/securities/?sec_type=bond,https://kase.kz/ru/investors/bonds/TSBNb29,True,PENDING,PARTIAL,DATA_READY,,1,2025-09-08T19:00:00,2025-09-08T19:00:00,1,0.4,True,
TSBNb3,,Alatau City Bank,Alatau City Bank,bond,corporate,KZT,https://kase.kz/api/instruments/securities/?sec_type=bond,https://kase.kz/ru/investors/bonds/TSBNb3,False,UNAVAILABLE,UNAVAILABLE,NO_CHART,INSTRUMENT_DELISTED,0,,,0,0.0,True,
TSBNb30,,Alatau City Bank,Alatau City Bank,bond,corporate,KZT,https://kase.kz/api/instruments/securities/?sec_type=bond,https://kase.kz/ru/investors/bonds/TSBNb30,True,PENDING,UNAVAILABLE,NO_HISTORY,NO_PUBLIC_HISTORY,0,,,0,0.0,True,
TSBNb31,,Alatau City Bank,Alatau City Bank,bond,corporate,KZT,https://kase.kz/api/instruments/securities/?sec_type=bond,https://kase.kz/ru/investors/bonds/TSBNb31,True,PENDING,PARTIAL,DATA_READY,,1,2025-09-08T19:00:00,2025-09-08T19:00:00,1,0.4,True,
TSBNb32,,Alatau City Bank,Alatau City Bank,bond,corporate,KZT,https://kase.kz/api/instruments/securities/?sec_type=bond,https://kase.kz/ru/investors/bonds/TSBNb32,False,UNAVAILABLE,UNAVAILABLE,NO_CHART,INSTRUMENT_DELISTED,0,,,0,0.0,True,
TSBNb33,,Alatau City Bank,Alatau City Bank,bond,corporate,KZT,https://kase.kz/api/instruments/securities/?sec_type=bond,https://kase.kz/ru/investors/bonds/TSBNb33,True,PENDING,PARTIAL,DATA_READY,,27,2025-09-07T19:00:00,2026-08-19T19:00:00,27,10.89,True,
TSBNb34,,Alatau City Bank,Alatau City Bank,bond,corporate,KZT,https://kase.kz/api/instruments/securities/?sec_type=bond,https://kase.kz/ru/investors/bonds/TSBNb34,True,PENDING,UNAVAILABLE,NO_HISTORY,NO_PUBLIC_HISTORY,0,,,0,0.0,True,
TSBNb35,,Alatau City Bank,Alatau City Bank,bond,corporate,KZT,https://kase.kz/api/instruments/securities/?sec_type=bond,https://kase.kz/ru/investors/bonds/TSBNb35,True,PENDING,UNAVAILABLE,NO_HISTORY,NO_PUBLIC_HISTORY,0,,,0,0.0,True,
TSBNb36,,Alatau City Bank,Alatau City Bank,bond,corporate,KZT,https://kase.kz/api/instruments/securities/?sec_type=bond,https://kase.kz/ru/investors/bonds/TSBNb36,True,PENDING,PARTIAL,DATA_READY,,24,2025-09-01T19:00:00,2026-08-20T19:00:00,24,9.68,True,
TSBNb37,,Alatau City Bank,Alatau City Bank,bond,corporate,KZT,https://kase.kz/api/instruments/securities/?sec_type=bond,https://kase.kz/ru/investors/bonds/TSBNb37,False,UNAVAILABLE,UNAVAILABLE,NO_CHART,INSTRUMENT_DELISTED,0,,,0,0.0,True,
TSBNb4,,Alatau City Bank,Alatau City Bank,bond,corporate,KZT,https://kase.kz/api/instruments/securities/?sec_type=bond,https://kase.kz/ru/investors/bonds/TSBNb4,False,UNAVAILABLE,UNAVAILABLE,NO_CHART,INSTRUMENT_DELISTED,0,,,0,0.0,True,
TSBNb5,,Alatau City Bank,Alatau City Bank,bond,corporate,KZT,https://kase.kz/api/instruments/securities/?sec_type=bond,https://kase.kz/ru/investors/bonds/TSBNb5,False,UNAVAILABLE,UNAVAILABLE,NO_CHART,INSTRUMENT_DELISTED,0,,,0,0.0,True,
TSBNb6,,Alatau City Bank,Alatau City Bank,bond,corporate,KZT,https://kase.kz/api/instruments/securities/?sec_type=bond,https://kase.kz/ru/investors/bonds/TSBNb6,False,UNAVAILABLE,UNAVAILABLE,NO_CHART,INSTRUMENT_DELISTED,0,,,0,0.0,True,
TSBNb7,,Alatau City Bank,Alatau City Bank,bond,corporate,KZT,https://kase.kz/api/instruments/securities/?sec_type=bond,https://kase.kz/ru/investors/bonds/TSBNb7,True,PENDING,UNAVAILABLE,NO_HISTORY,NO_PUBLIC_HISTORY,0,,,0,0.0,True,
TSBNb8,,Alatau City Bank,Alatau City Bank,bond,corporate,KZT,https://kase.kz/api/instruments/securities/?sec_type=bond,https://kase.kz/ru/investors/bonds/TSBNb8,False,UNAVAILABLE,UNAVAILABLE,NO_CHART,INSTRUMENT_DELISTED,0,,,0,0.0,True,
TSBNb9,,Alatau City Bank,Alatau City Bank,bond,corporate,KZT,https://kase.kz/api/instruments/securities/?sec_type=bond,https://kase.kz/ru/investors/bonds/TSBNb9,False,UNAVAILABLE,UNAVAILABLE,NO_CHART,INSTRUMENT_DELISTED,0,,,0,0.0,True,
TSBNpp1,,Alatau City Bank,Alatau City Bank,bond,corporate,KZT,https://kase.kz/api/instruments/securities/?sec_type=bond,https://kase.kz/ru/investors/bonds/TSBNpp1,True,PENDING,UNAVAILABLE,NO_HISTORY,NO_PUBLIC_HISTORY,0,,,0,0.0,True,
TSNAb1,,Корпорация Цесна,Корпорация Цесна,bond,corporate,KZT,https://kase.kz/api/instruments/securities/?sec_type=bond,https://kase.kz/ru/investors/bonds/TSNAb1,False,UNAVAILABLE,UNAVAILABLE,NO_CHART,INSTRUMENT_DELISTED,0,,,0,0.0,True,
TSNAb2,,Корпорация Цесна,Корпорация Цесна,bond,corporate,KZT,https://kase.kz/api/instruments/securities/?sec_type=bond,https://kase.kz/ru/investors/bonds/TSNAb2,False,UNAVAILABLE,UNAVAILABLE,NO_CHART,INSTRUMENT_DELISTED,0,,,0,0.0,True,
TSSMb1,,TSSMb1,TSSMb1,bond,corporate,KZT,https://kase.kz/api/instruments/securities/?sec_type=bond,https://kase.kz/ru/investors/bonds/TSSMb1,False,UNAVAILABLE,UNAVAILABLE,NO_CHART,INSTRUMENT_DELISTED,0,,,0,0.0,True,
TSSPb1,,ТССП Групп,ТССП Групп,bond,corporate,KZT,https://kase.kz/api/instruments/securities/?sec_type=bond,https://kase.kz/ru/investors/bonds/TSSPb1,True,PENDING,COMPLETE,DATA_READY,,246,2025-08-27T19:00:00,2026-08-27T19:00:00,246,99.19,False,
TSSPb2,,ТССП Групп,ТССП Групп,bond,corporate,KZT,https://kase.kz/api/instruments/securities/?sec_type=bond,https://kase.kz/ru/investors/bonds/TSSPb2,False,UNAVAILABLE,UNAVAILABLE,NO_CHART,INSTRUMENT_DELISTED,0,,,0,0.0,True,
TSSPb3,,ТССП Групп,ТССП Групп,bond,corporate,KZT,https://kase.kz/api/instruments/securities/?sec_type=bond,https://kase.kz/ru/investors/bonds/TSSPb3,False,UNAVAILABLE,UNAVAILABLE,NO_CHART,INSTRUMENT_DELISTED,0,,,0,0.0,True,
TSSPb4,,ТССП Групп,ТССП Групп,bond,corporate,KZT,https://kase.kz/api/instruments/securities/?sec_type=bond,https://kase.kz/ru/investors/bonds/TSSPb4,False,UNAVAILABLE,UNAVAILABLE,NO_CHART,INSTRUMENT_DELISTED,0,,,0,0.0,True,
TSSPb5,,ТССП Групп,ТССП Групп,bond,corporate,KZT,https://kase.kz/api/instruments/securities/?sec_type=bond,https://kase.kz/ru/investors/bonds/TSSPb5,False,UNAVAILABLE,UNAVAILABLE,NO_CHART,INSTRUMENT_DELISTED,0,,,0,0.0,True,
TSSPb6,,ТССП Групп,ТССП Групп,bond,corporate,KZT,https://kase.kz/api/instruments/securities/?sec_type=bond,https://kase.kz/ru/investors/bonds/TSSPb6,True,PENDING,PARTIAL,DATA_READY,,120,2025-12-04T19:00:00,2026-08-27T19:00:00,120,48.39,True,
TSSPb7,,ТССП Групп,ТССП Групп,bond,corporate,KZT,https://kase.kz/api/instruments/securities/?sec_type=bond,https://kase.kz/ru/investors/bonds/TSSPb7,True,PENDING,PARTIAL,DATA_READY,,147,2025-12-07T19:00:00,2026-08-27T19:00:00,147,59.27,True,
TTLSb1,,TRANZIT TRANS LOGISTICS,TRANZIT TRANS LOGISTICS,bond,corporate,USD,https://kase.kz/api/instruments/securities/?sec_type=bond,https://kase.kz/ru/investors/bonds/TTLSb1,True,PENDING,PARTIAL,DATA_READY,,97,2025-12-01T19:00:00,2026-08-25T19:00:00,97,39.11,True,
TTLSb2,,TRANZIT TRANS LOGISTICS,TRANZIT TRANS LOGISTICS,bond,corporate,USD,https://kase.kz/api/instruments/securities/?sec_type=bond,https://kase.kz/ru/investors/bonds/TTLSb2,True,PENDING,PARTIAL,DATA_READY,,9,2026-08-13T19:00:00,2026-08-27T19:00:00,9,3.63,True,
TTLSb3,,TRANZIT TRANS LOGISTICS,TRANZIT TRANS LOGISTICS,bond,corporate,KZT,https://kase.kz/api/instruments/securities/?sec_type=bond,https://kase.kz/ru/investors/bonds/TTLSb3,True,PENDING,PARTIAL,DATA_READY,,11,2026-08-13T19:00:00,2026-08-27T19:00:00,11,4.44,True,
TXBNb1,,Bereke Bank,Bereke Bank,bond,corporate,KZT,https://kase.kz/api/instruments/securities/?sec_type=bond,https://kase.kz/ru/investors/bonds/TXBNb1,False,UNAVAILABLE,UNAVAILABLE,NO_CHART,INSTRUMENT_DELISTED,0,,,0,0.0,True,
TXBNb2,,Bereke Bank,Bereke Bank,bond,corporate,KZT,https://kase.kz/api/instruments/securities/?sec_type=bond,https://kase.kz/ru/investors/bonds/TXBNb2,False,UNAVAILABLE,UNAVAILABLE,NO_CHART,INSTRUMENT_DELISTED,0,,,0,0.0,True,
TXBNb3,,Bereke Bank,Bereke Bank,bond,corporate,KZT,https://kase.kz/api/instruments/securities/?sec_type=bond,https://kase.kz/ru/investors/bonds/TXBNb3,False,UNAVAILABLE,UNAVAILABLE,NO_CHART,INSTRUMENT_DELISTED,0,,,0,0.0,True,
TXBNb4,,Bereke Bank,Bereke Bank,bond,corporate,KZT,https://kase.kz/api/instruments/securities/?sec_type=bond,https://kase.kz/ru/investors/bonds/TXBNb4,False,UNAVAILABLE,UNAVAILABLE,NO_CHART,INSTRUMENT_DELISTED,0,,,0,0.0,True,
TXBNb5,,Bereke Bank,Bereke Bank,bond,corporate,KZT,https://kase.kz/api/instruments/securities/?sec_type=bond,https://kase.kz/ru/investors/bonds/TXBNb5,False,UNAVAILABLE,UNAVAILABLE,NO_CHART,INSTRUMENT_DELISTED,0,,,0,0.0,True,
TXBNb6,,Bereke Bank,Bereke Bank,bond,corporate,KZT,https://kase.kz/api/instruments/securities/?sec_type=bond,https://kase.kz/ru/investors/bonds/TXBNb6,False,UNAVAILABLE,UNAVAILABLE,NO_CHART,INSTRUMENT_DELISTED,0,,,0,0.0,True,
TXBNb7,,Bereke Bank,Bereke Bank,bond,corporate,KZT,https://kase.kz/api/instruments/securities/?sec_type=bond,https://kase.kz/ru/investors/bonds/TXBNb7,False,UNAVAILABLE,UNAVAILABLE,NO_CHART,INSTRUMENT_DELISTED,0,,,0,0.0,True,
UKPFb1,,Усть-Кам. Птицефабрика,Усть-Кам. Птицефабрика,bond,corporate,KZT,https://kase.kz/api/instruments/securities/?sec_type=bond,https://kase.kz/ru/investors/bonds/UKPFb1,False,UNAVAILABLE,UNAVAILABLE,NO_CHART,INSTRUMENT_DELISTED,0,,,0,0.0,True,
UKPFb2,,Усть-Кам. Птицефабрика,Усть-Кам. Птицефабрика,bond,corporate,KZT,https://kase.kz/api/instruments/securities/?sec_type=bond,https://kase.kz/ru/investors/bonds/UKPFb2,False,UNAVAILABLE,UNAVAILABLE,NO_CHART,INSTRUMENT_DELISTED,0,,,0,0.0,True,
UKTCb1,,UKTCb1,UKTCb1,bond,corporate,KZT,https://kase.kz/api/instruments/securities/?sec_type=bond,https://kase.kz/ru/investors/bonds/UKTCb1,False,UNAVAILABLE,UNAVAILABLE,NO_CHART,INSTRUMENT_DELISTED,0,,,0,0.0,True,
ULBAb1,,ULBAb1,ULBAb1,bond,corporate,KZT,https://kase.kz/api/instruments/securities/?sec_type=bond,https://kase.kz/ru/investors/bonds/ULBAb1,False,UNAVAILABLE,UNAVAILABLE,NO_CHART,INSTRUMENT_DELISTED,0,,,0,0.0,True,
ULBAb2,,ULBAb2,ULBAb2,bond,corporate,KZT,https://kase.kz/api/instruments/securities/?sec_type=bond,https://kase.kz/ru/investors/bonds/ULBAb2,False,UNAVAILABLE,UNAVAILABLE,NO_CHART,INSTRUMENT_DELISTED,0,,,0,0.0,True,
US_JPM_e1,,US_JPM_e1,US_JPM_e1,bond,corporate,KZT,https://kase.kz/api/instruments/securities/?sec_type=bond,https://kase.kz/ru/investors/bonds/US_JPM_e1,False,UNAVAILABLE,UNAVAILABLE,NO_CHART,INSTRUMENT_DELISTED,0,,,0,0.0,True,
US_MER_e1,,US_MER_e1,US_MER_e1,bond,corporate,USD,https://kase.kz/api/instruments/securities/?sec_type=bond,https://kase.kz/ru/investors/bonds/US_MER_e1,False,UNAVAILABLE,UNAVAILABLE,NO_CHART,INSTRUMENT_DELISTED,0,,,0,0.0,True,
UZAM_KZe1,,UzAuto Motors,UzAuto Motors,bond,corporate,KZT,https://kase.kz/api/instruments/securities/?sec_type=bond,https://kase.kz/ru/investors/bonds/UZAM_KZe1,True,PENDING,UNAVAILABLE,NO_HISTORY,NO_PUBLIC_HISTORY,0,,,0,0.0,True,
UZBN_KZe1,,Узнацбанк,Узнацбанк,bond,corporate,KZT,https://kase.kz/api/instruments/securities/?sec_type=bond,https://kase.kz/ru/investors/bonds/UZBN_KZe1,True,PENDING,UNAVAILABLE,NO_HISTORY,NO_PUBLIC_HISTORY,0,,,0,0.0,True,
UZPAb1,,Усть-Каменогорский завод промышленной арматуры,Усть-Каменогорский завод промышленной арматуры,bond,corporate,KZT,https://kase.kz/api/instruments/securities/?sec_type=bond,https://kase.kz/ru/investors/bonds/UZPAb1,True,PENDING,PARTIAL,DATA_READY,,228,2025-09-23T19:00:00,2026-08-27T19:00:00,228,91.94,True,
VITAb2,,VITAb2,VITAb2,bond,corporate,USD,https://kase.kz/api/instruments/securities/?sec_type=bond,https://kase.kz/ru/investors/bonds/VITAb2,False,UNAVAILABLE,UNAVAILABLE,NO_CHART,INSTRUMENT_DELISTED,0,,,0,0.0,True,
VITAb3,,VITAb3,VITAb3,bond,corporate,USD,https://kase.kz/api/instruments/securities/?sec_type=bond,https://kase.kz/ru/investors/bonds/VITAb3,False,UNAVAILABLE,UNAVAILABLE,NO_CHART,INSTRUMENT_DELISTED,0,,,0,0.0,True,
VITAb4,,VITAb4,VITAb4,bond,corporate,KZT,https://kase.kz/api/instruments/securities/?sec_type=bond,https://kase.kz/ru/investors/bonds/VITAb4,False,UNAVAILABLE,UNAVAILABLE,NO_CHART,INSTRUMENT_DELISTED,0,,,0,0.0,True,
VITAb5,,VITAb5,VITAb5,bond,corporate,KZT,https://kase.kz/api/instruments/securities/?sec_type=bond,https://kase.kz/ru/investors/bonds/VITAb5,False,UNAVAILABLE,UNAVAILABLE,NO_CHART,INSTRUMENT_DELISTED,0,,,0,0.0,True,
VMZVb1,,VMZVb1,VMZVb1,bond,corporate,KZT,https://kase.kz/api/instruments/securities/?sec_type=bond,https://kase.kz/ru/investors/bonds/VMZVb1,False,UNAVAILABLE,UNAVAILABLE,NO_CHART,INSTRUMENT_DELISTED,0,,,0,0.0,True,
VTBNb1,,VTBNb1,VTBNb1,bond,corporate,USD,https://kase.kz/api/instruments/securities/?sec_type=bond,https://kase.kz/ru/investors/bonds/VTBNb1,False,UNAVAILABLE,UNAVAILABLE,NO_CHART,INSTRUMENT_DELISTED,0,,,0,0.0,True,
VTBNb2,,VTBNb2,VTBNb2,bond,corporate,KZT,https://kase.kz/api/instruments/securities/?sec_type=bond,https://kase.kz/ru/investors/bonds/VTBNb2,False,UNAVAILABLE,UNAVAILABLE,NO_CHART,INSTRUMENT_DELISTED,0,,,0,0.0,True,
VTBNb3,,VTBNb3,VTBNb3,bond,corporate,KZT,https://kase.kz/api/instruments/securities/?sec_type=bond,https://kase.kz/ru/investors/bonds/VTBNb3,False,UNAVAILABLE,UNAVAILABLE,NO_CHART,INSTRUMENT_DELISTED,0,,,0,0.0,True,
VTBNb4,,VTBNb4,VTBNb4,bond,corporate,KZT,https://kase.kz/api/instruments/securities/?sec_type=bond,https://kase.kz/ru/investors/bonds/VTBNb4,False,UNAVAILABLE,UNAVAILABLE,NO_CHART,INSTRUMENT_DELISTED,0,,,0,0.0,True,
VTPRb1,,VTPRb1,VTPRb1,bond,corporate,KZT,https://kase.kz/api/instruments/securities/?sec_type=bond,https://kase.kz/ru/investors/bonds/VTPRb1,False,UNAVAILABLE,UNAVAILABLE,NO_CHART,INSTRUMENT_DELISTED,0,,,0,0.0,True,
VTSKb2,,VTSKb2,VTSKb2,bond,corporate,KZT,https://kase.kz/api/instruments/securities/?sec_type=bond,https://kase.kz/ru/investors/bonds/VTSKb2,False,UNAVAILABLE,UNAVAILABLE,NO_CHART,INSTRUMENT_DELISTED,0,,,0,0.0,True,
VTTHb1,,VTTHb1,VTTHb1,bond,corporate,KZT,https://kase.kz/api/instruments/securities/?sec_type=bond,https://kase.kz/ru/investors/bonds/VTTHb1,False,UNAVAILABLE,UNAVAILABLE,NO_CHART,INSTRUMENT_DELISTED,0,,,0,0.0,True,
VTZLb1,,VTZLb1,VTZLb1,bond,corporate,KZT,https://kase.kz/api/instruments/securities/?sec_type=bond,https://kase.kz/ru/investors/bonds/VTZLb1,False,UNAVAILABLE,UNAVAILABLE,NO_CHART,INSTRUMENT_DELISTED,0,,,0,0.0,True,
YASYb1,,YASYb1,YASYb1,bond,corporate,KZT,https://kase.kz/api/instruments/securities/?sec_type=bond,https://kase.kz/ru/investors/bonds/YASYb1,False,UNAVAILABLE,UNAVAILABLE,NO_CHART,INSTRUMENT_DELISTED,0,,,0,0.0,True,
ZERDb1,,ZERDb1,ZERDb1,bond,corporate,KZT,https://kase.kz/api/instruments/securities/?sec_type=bond,https://kase.kz/ru/investors/bonds/ZERDb1,False,UNAVAILABLE,UNAVAILABLE,NO_CHART,INSTRUMENT_DELISTED,0,,,0,0.0,True,
ZHARpp1,,Жарқын Construction I,Жарқын Construction I,bond,corporate,KZT,https://kase.kz/api/instruments/securities/?sec_type=bond,https://kase.kz/ru/investors/bonds/ZHARpp1,True,PENDING,UNAVAILABLE,NO_HISTORY,NO_PUBLIC_HISTORY,0,,,0,0.0,True,
ZHBSpp1,,СК Жаңа Бастау,СК Жаңа Бастау,bond,corporate,KZT,https://kase.kz/api/instruments/securities/?sec_type=bond,https://kase.kz/ru/investors/bonds/ZHBSpp1,True,PENDING,UNAVAILABLE,NO_HISTORY,NO_PUBLIC_HISTORY,0,,,0,0.0,True,
ZHMNe1,,Жаикмунай,Жаикмунай,bond,corporate,USD,https://kase.kz/api/instruments/securities/?sec_type=bond,https://kase.kz/ru/investors/bonds/ZHMNe1,False,UNAVAILABLE,UNAVAILABLE,NO_CHART,INSTRUMENT_DELISTED,0,,,0,0.0,True,
ZHMNe2,,Жаикмунай,Жаикмунай,bond,corporate,KZT,https://kase.kz/api/instruments/securities/?sec_type=bond,https://kase.kz/ru/investors/bonds/ZHMNe2,True,PENDING,UNAVAILABLE,NO_HISTORY,NO_PUBLIC_HISTORY,0,,,0,0.0,True,
ZHMNe3,,Жаикмунай,Жаикмунай,bond,corporate,KZT,https://kase.kz/api/instruments/securities/?sec_type=bond,https://kase.kz/ru/investors/bonds/ZHMNe3,True,PENDING,UNAVAILABLE,NO_HISTORY,NO_PUBLIC_HISTORY,0,,,0,0.0,True,
ZIG_b1,,ZIG_b1,ZIG_b1,bond,corporate,KZT,https://kase.kz/api/instruments/securities/?sec_type=bond,https://kase.kz/ru/investors/bonds/ZIG_b1,False,UNAVAILABLE,UNAVAILABLE,NO_CHART,INSTRUMENT_DELISTED,0,,,0,0.0,True,
ZNGRb1,,ТД ЗАНГАР,ТД ЗАНГАР,bond,corporate,USD,https://kase.kz/api/instruments/securities/?sec_type=bond,https://kase.kz/ru/investors/bonds/ZNGRb1,False,UNAVAILABLE,UNAVAILABLE,NO_CHART,INSTRUMENT_DELISTED,0,,,0,0.0,True,
